filename,yolo_ms,yolo_src,yolo_iou,classical_ms,classical_src,classical_iou,corner_err_px,split,level,expected_decision,serial,template,item,angle,tilt,tilt_axis,bend,crumple,blur,noise,glare,light,scale,jpeg,seed,corners,expected_reason
images/rotation_0000.jpg,47.26089999985561,yolo,0.9646106379785543,14.492600000266975,classical,0.9911675478507092,0.897335410118103,rotation,0.0,MISMATCH,SEN-988645-1V,component,Unregistered Part,0.0,0.0,160.37346216538586,0.0,0.0,0.0,1.919802238103781,0.1470170435134268,0.072147308718026,0.8534466493459701,89,1052882747,"399.0,248.9;911.0,248.9;911.0,479.3;399.0,479.3",UNKNOWN_SERIAL
images/rotation_0001.jpg,234.9962999996933,yolo,0.9411211949691879,12.04409999991185,classical,0.9030211926548442,17.30686378479004,rotation,0.0,PASS,PCB-5862-0,shipping,Main Controller PCB,0.0,0.0,92.44575839332596,0.0,0.0,0.36,2.3916522067378407,0.1672771136775202,0.245982469616695,1.1498968372031373,87,163895737,"216.3,232.7;952.2,232.7;952.2,577.7;216.3,577.7",OK
images/rotation_0002.jpg,142.41100000072038,yolo,0.9582512841257742,11.99440000073082,classical,0.9898758270297127,1.2432554960250854,rotation,0.0,MISMATCH,SN-9493-U,pcb,Voltage Regulator Module,0.0,0.0,103.9362045796198,0.0,0.0,0.36,2.8723516107663074,0.0253599038553644,0.1075203872583028,1.061192662380074,95,53127243,"230.5,324.2;888.5,324.2;888.5,632.0;230.5,632.0",FAULTY_LOT
images/rotation_0003.jpg,378.179999999702,yolo,0.9521033082670725,12.833499999942433,classical,0.9894799778008995,1.5877189636230469,rotation,0.0,PASS,LBL-4983-YZ,metal,Return Label Stock,0.0,0.0,20.960629854945804,0.0,0.0,0.6,2.290626697117221,0.4472906188347588,0.0681368401628335,0.9995365251613229,92,1054480422,"357.0,275.2;956.7,275.2;956.7,545.1;357.0,545.1",OK
images/rotation_0004.jpg,470.34419999999955,yolo,0.9651375790418366,12.338799999270122,classical,0.7110199365513739,38.86036682128906,rotation,0.0,PASS,PCB-5851-LN,component,Main Controller PCB,0.0,0.0,4.567704823560439,0.0,0.0,0.6,1.9759302968787635,0.1768074208963974,0.1628000258300201,1.0053961704787011,91,482163473,"411.6,329.8;1014.8,329.8;1014.8,601.2;411.6,601.2",OK
images/rotation_0005.jpg,283.82200000032753,yolo,0.9841153523435413,13.27309999942372,classical,0.9000247727003925,15.203832626342773,rotation,0.0,PASS,LBL-59596-T,shipping,Return Label Stock,0.0,0.0,41.20690832237286,0.0,0.0,0.0,1.3466631210459454,0.0772937153623048,0.193461505505904,0.9946339343882488,79,262021465,"465.4,421.4;1102.0,421.4;1102.0,719.8;465.4,719.8",OK
images/rotation_0006.jpg,93.82749999986117,yolo,0.9767923145227505,12.488900000789727,classical,0.9936719269068984,1.1832327842712402,rotation,0.0,PASS,DRV-Z83390-H,pcb,Stepper Driver Board,0.0,0.0,116.43534578637724,0.0,0.0,0.36,3.2229094878451385,0.1205557076609067,0.1619592106373314,1.0144445601101264,84,1028414678,"357.2,213.2;986.2,213.2;986.2,507.4;357.2,507.4",OK
images/rotation_0007.jpg,331.9980000005671,yolo,0.9521027061190658,12.447599999177328,classical,0.9972421373970217,1.170493245124817,rotation,0.0,PASS,SN-408210-Q,metal,Voltage Regulator Module,0.0,0.0,107.50917876452816,0.0,0.0,0.36,2.499200494644001,0.18278306685338,0.2163683999613463,1.04669281292418,79,984035962,"392.2,177.7;1020.2,177.7;1020.2,460.3;392.2,460.3",OK
images/rotation_0008.jpg,423.64960000031715,yolo,0.9721489761879738,12.155899999925168,classical,0.7155921035166596,41.05482482910156,rotation,0.0,PASS,DRV-759972-S,component,Stepper Driver Board,0.0,0.0,89.48828388327858,0.0,0.0,0.0,2.668552582560536,0.087402444809661,0.1020221035072921,1.0800110030759278,91,932500728,"180.7,421.9;828.7,421.9;828.7,713.5;180.7,713.5",OK
images/rotation_0009.jpg,190.15699999999924,yolo,0.964743616446476,12.723499999992782,classical,0.8909603036740692,16.537443161010742,rotation,0.0,PASS,CTL-0514-QJ,shipping,Motor Controller,0.0,0.0,128.97332147743646,0.0,0.0,0.36,1.3008598617777878,0.165026105241047,0.1133314214015835,0.981535312584042,78,555835666,"339.4,361.1;967.6,361.1;967.6,655.6;339.4,655.6",OK
images/rotation_0010.jpg,517.8356999995231,yolo,0.9685013278658547,12.454699999580043,classical,0.9969871484624402,1.2591421604156494,rotation,0.0,PASS,CMP-179198-P,pcb,Capacitor Bank Unit,0.0,0.0,35.02558987259295,0.0,0.0,0.6,4.101803354004991,0.116738683193653,0.2380275563363658,0.961038632161906,90,883283307,"430.2,468.0;1026.1,468.0;1026.1,746.7;430.2,746.7",OK
images/rotation_0011.jpg,563.3484999998473,yolo,0.9555383163594008,12.780000000020664,classical,0.9890267837006496,1.1661982536315918,rotation,0.0,MISMATCH,SN-5907-E,metal,Unregistered Part,0.0,0.0,119.6246385943277,0.0,0.0,0.36,1.333977228817083,0.3706225458322107,0.1836954262221774,0.8515393293949426,79,1056538156,"593.2,464.3;1104.2,464.3;1104.2,694.2;593.2,694.2",UNKNOWN_SERIAL
images/rotation_0012.jpg,534.9431000004188,yolo,0.9667046635037272,13.129099999787286,classical,0.7711360227749935,34.428958892822266,rotation,10.0,PASS,CMP-9838-G,component,Capacitor Bank Unit,10.0,0.0,75.20020857706574,0.0,0.0,0.6,2.8374108245133085,0.1724899429653924,0.1675869034695867,0.9372040445009616,91,343858326,"291.3,440.7;845.1,343.0;889.0,592.2;335.2,689.9",OK
images/rotation_0013.jpg,533.4152000004906,yolo,0.9870687602467247,12.251600000126928,classical,0.9876830797583304,1.5071724653244019,rotation,10.0,PASS,DRV-3967-9A,shipping,Stepper Driver Board,10.0,0.0,35.4054800248229,0.0,0.0,0.36,3.547233405299845,0.0702733153510026,0.1515403783500777,1.006009276524725,79,30347965,"403.3,365.7;1037.4,253.9;1089.8,551.1;455.8,662.9",OK
images/rotation_0014.jpg,533.7470000004032,yolo,0.957865629971818,12.385899999571848,classical,0.9837700176031954,1.4171960353851318,rotation,10.0,PASS,DRV-82662-L2,pcb,Stepper Driver Board,10.0,0.0,85.6843958720327,0.0,0.0,0.0,3.863312272878736,0.1163290402562357,0.2167599638507036,0.8576746862613883,75,652130049,"384.4,414.5;908.1,322.1;951.3,567.1;427.6,659.4",OK
images/rotation_0015.jpg,532.8418999997666,yolo,0.978209723743319,12.708600000223669,classical,0.979471176224506,3.0547544956207275,rotation,10.0,PASS,CTL-0514-QJ,metal,Motor Controller,10.0,0.0,37.25741668082298,0.0,0.0,0.6,1.5641185350172893,0.4214815846921509,0.164323643771717,1.027378549098105,79,722454015,"411.6,245.1;1018.6,138.1;1066.8,411.3;459.7,518.3",OK
images/rotation_0016.jpg,529.2816999999559,yolo,0.9849359826575665,11.895300000105635,classical,0.7719241042146231,41.62107849121094,rotation,10.0,PASS,PCB-20259-N,component,Main Controller PCB,10.0,0.0,8.142586623739767,0.0,0.0,0.0,3.235494909678757,0.0061474838494427,0.1594707912194089,1.1264366354943005,95,103481791,"238.7,248.3;904.3,130.9;957.1,430.4;291.5,547.8",OK
images/rotation_0017.jpg,525.9687999996459,yolo,0.9868743428836949,13.395600000876584,classical,0.9164925025268211,14.179601669311523,rotation,10.0,PASS,PSU-R677-HG,shipping,Power Supply 12V 5A,10.0,0.0,39.37023610900052,0.0,0.0,0.6,3.1225581852017927,0.1580070421374184,0.1921890984157243,1.0436956961377035,79,295755231,"152.9,260.6;810.7,144.6;865.0,453.0;207.2,569.0",OK
images/rotation_0018.jpg,525.3336999994644,yolo,0.9777452576571227,12.469599999349157,classical,0.9888249502243529,1.0922191143035889,rotation,10.0,MISMATCH,BOX-58311-R2,pcb,Unregistered Part,10.0,0.0,143.38844444189823,0.0,0.0,0.6,2.4472121779844964,0.0934803197292201,0.0853924562421281,0.8860316862029995,89,588051181,"444.3,313.7;985.3,218.3;1029.9,471.4;488.9,566.8",UNKNOWN_SERIAL
images/rotation_0019.jpg,519.6874000002936,yolo,0.9740889194077771,12.821799999983341,classical,0.9848645800893611,2.0502147674560547,rotation,10.0,PASS,CTL-33542-X0,metal,Motor Controller,10.0,0.0,98.1108281090594,0.0,0.0,0.0,1.8429929635972115,0.4435862308460033,0.2407347755031579,0.949132646787172,95,391811523,"354.3,394.8;915.1,295.9;959.6,548.3;398.8,647.2",OK
images/rotation_0020.jpg,519.3558000000849,yolo,0.9490321448103585,11.913999999705993,classical,0.9872105002344989,1.3109017610549927,rotation,10.0,PASS,PSU-3148-Z,component,Power Supply 12V 5A,10.0,0.0,111.74119598330748,0.0,0.0,0.36,3.739620864914934,0.1030198043772916,0.1624005089508848,0.9149627337821428,92,602309627,"376.2,328.6;916.9,233.3;959.8,476.6;419.1,571.9",OK
images/rotation_0021.jpg,518.1774000002406,yolo,0.9516784368948566,13.048199999502685,classical,0.921583112455556,11.907791137695312,rotation,10.0,PASS,SEN-99241-67,shipping,Temperature Sensor Pack,10.0,0.0,47.46828956423352,0.0,0.0,0.36,3.392911465788671,0.1206553256514083,0.1625662777842591,0.8804367217008925,79,936416419,"418.6,484.4;973.5,386.5;1019.4,646.7;464.5,744.5",OK
images/rotation_0022.jpg,515.5757000002268,yolo,0.9668708582978659,13.222399999904155,classical,0.9922431593703182,0.8182948231697083,rotation,10.0,MISMATCH,SN-F6135-K,pcb,Unregistered Part,10.0,0.0,2.7773980074829585,0.0,0.0,0.36,2.1438053629113183,0.0024966959215374,0.1012248159391866,0.9743584773661929,83,207124615,"305.6,384.2;900.5,279.3;949.6,557.6;354.7,662.5",UNKNOWN_SERIAL
images/rotation_0023.jpg,514.2079999995985,yolo,0.9926984558723192,12.741200000164099,classical,0.9873491204454519,1.5021430253982544,rotation,10.0,MISMATCH,DRV-K654-Y,metal,Unregistered Part,10.0,0.0,128.73108266751052,0.0,0.0,0.36,3.7839023106082177,0.4641190870482078,0.1278094608960768,0.8672892147348529,86,50816581,"326.9,398.8;839.4,308.4;880.0,539.0;367.6,629.4",UNKNOWN_SERIAL
images/rotation_0024.jpg,511.75899999998364,yolo,0.9652696643670916,13.00219999939145,classical,0.9882126218516837,1.425889253616333,rotation,20.0,PASS,MTR-P83614-5,component,BLDC Motor 24V,20.0,0.0,97.58823076056105,0.0,0.0,0.0,2.0686670898003867,0.0749945711895737,0.1093884047387442,1.1208881438231544,93,735478462,"262.0,507.9;893.9,277.9;997.4,562.3;365.5,792.3",OK
images/rotation_0025.jpg,512.6712000001135,yolo,0.977153573322305,12.781399999767018,classical,0.9222881662179861,14.210892677307129,rotation,20.0,MISMATCH,SN-F61136-BU,shipping,Unregistered Part,20.0,0.0,33.02408097480886,0.0,0.0,0.6,2.267914353653001,0.1397878938598735,0.1254364330162197,1.08247232837649,82,61025306,"319.2,387.3;970.2,150.4;1081.3,455.5;430.3,692.5",UNKNOWN_SERIAL
images/rotation_0026.jpg,512.2392000002947,yolo,0.983620366604808,13.525200000003679,classical,0.9889706715594325,1.1424530744552612,rotation,20.0,PASS,DRV-759972-S,pcb,Stepper Driver Board,20.0,0.0,49.82968149637428,0.0,0.0,0.6,2.823992257202092,0.1415888976051137,0.2278292153104756,0.8570085987819637,82,1028308152,"383.8,568.5;883.1,386.7;968.1,620.3;468.8,802.0",OK
images/rotation_0027.jpg,506.24600000082864,yolo,0.9692384262875603,13.374099999964528,classical,0.9879048018945865,2.058441162109375,rotation,20.0,PASS,PCB-V9203-S,metal,Main Controller PCB,20.0,0.0,148.28117722666568,0.0,0.0,0.0,1.6159723507812878,0.3458946343615848,0.2179106580902669,1.1098379007607075,95,569561605,"151.2,523.0;776.9,295.3;879.4,576.9;253.7,804.6",OK
images/rotation_0028.jpg,509.79349999943224,yolo,0.9723578425734214,13.712100000702776,classical,0.9890619736416868,1.636019229888916,rotation,20.0,PASS,PCB-5851-LN,component,Main Controller PCB,20.0,0.0,84.69811104605677,0.0,0.0,0.36,3.4635958435332506,0.1513174036298221,0.0612511480716879,1.143438599801376,95,476394917,"296.6,509.5;941.3,274.8;1046.9,565.0;402.2,799.6",OK
images/rotation_0029.jpg,510.81429999976535,yolo,0.9840183705465984,12.820299999475537,classical,0.932078095156745,11.687308311462402,rotation,20.0,PASS,SN-S017-BL,shipping,Voltage Regulator Module,20.0,0.0,49.63715092736355,0.0,0.0,0.6,1.652540492875046,0.0647876107035576,0.1914539157989191,1.0184770714395917,82,431599979,"216.8,445.6;829.3,222.7;933.8,509.8;321.3,732.7",OK
images/rotation_0030.jpg,508.28739999997197,yolo,0.9725781630073645,12.794799999937823,classical,0.9887047577021053,1.127079963684082,rotation,20.0,PASS,DRV-Z83390-H,pcb,Stepper Driver Board,20.0,0.0,113.0429869435495,0.0,0.0,0.6,3.1110341919413256,0.121212610933962,0.2294044551083877,0.906370681878092,84,330239260,"250.7,384.8;778.7,192.6;868.6,439.6;340.6,631.8",OK
images/rotation_0031.jpg,510.91990000077203,yolo,0.9815002248826674,12.622700000065379,classical,0.9896961828954165,1.5008455514907837,rotation,20.0,PASS,CTL-Y45515-D,metal,Motor Controller,20.0,0.0,98.4104146926216,0.0,0.0,0.6,4.051327263290411,0.3717348954958604,0.209073272403339,0.9397108622777324,77,569115095,"182.9,329.1;712.7,136.3;799.5,374.7;269.7,567.5",OK
images/rotation_0032.jpg,511.15029999982653,yolo,0.9868323775898725,12.386100000185252,classical,0.8003899321024573,38.33770751953125,rotation,20.0,MISMATCH,PCB-8630-N8,component,Unregistered Part,20.0,0.0,60.04978968611557,0.0,0.0,0.0,2.749787807733864,0.0188858629420147,0.2430321268867872,1.0697727778312829,79,561446868,"237.2,377.8;840.4,158.3;939.2,429.7;336.0,649.3",UNKNOWN_SERIAL
images/rotation_0033.jpg,506.302599999799,yolo,0.9722815803929389,13.766900000518945,classical,0.9224801556386928,12.284607887268066,rotation,20.0,MISMATCH,PSU-598297-3,shipping,Power Supply 12V 5A,20.0,0.0,24.12085484784645,0.0,0.0,0.0,2.978165675601327,0.0527243519809285,0.0824421314878943,0.9356736369965,92,834537677,"182.3,541.3;745.0,336.5;841.0,600.2;278.3,805.1",FAULTY_LOT
images/rotation_0034.jpg,506.71819999934087,yolo,0.9812953797239917,13.868600000023434,classical,0.9915561371877294,1.1715505123138428,rotation,20.0,MISMATCH,SN-937785-G,pcb,Unregistered Part,20.0,0.0,151.54434716269617,0.0,0.0,0.0,2.817289248363948,0.021005544906099,0.055683614145506,1.080044014756365,95,136580861,"277.9,408.7;907.2,179.6;1014.3,474.0;385.1,703.0",UNKNOWN_SERIAL
images/rotation_0035.jpg,508.32900000023074,yolo,0.9832811663911634,13.006099999984144,classical,0.9806158906912461,1.8913172483444214,rotation,20.0,PASS,PCB-5862-0,metal,Main Controller PCB,20.0,0.0,150.69155939513706,0.0,0.0,0.0,2.796396248509572,0.4755099671921682,0.0753048928175405,0.8822180551453919,90,157047814,"480.0,470.5;977.4,289.4;1058.9,513.3;561.5,694.3",OK
images/rotation_0036.jpg,508.8488999999754,yolo,0.9818358476120651,15.786799999659706,classical,0.8114670447989387,36.366512298583984,rotation,30.0,PASS,PSU-4512-T,component,Power Supply 12V 5A,30.0,0.0,44.464832016496125,0.0,0.0,0.0,2.10448584364829,0.1637099099887526,0.1195598132526591,1.0166778874075704,78,770253789,"466.9,466.6;995.2,161.6;1132.4,399.3;604.1,704.3",OK
images/rotation_0037.jpg,506.08029999966675,yolo,0.9863864625487468,14.228900000489375,classical,0.925291713077696,14.172749519348145,rotation,30.0,PASS,DRV-Z83390-H,shipping,Stepper Driver Board,30.0,0.0,140.0330221367234,0.0,0.0,0.36,3.953064787059617,0.1402283025948833,0.0665098936394376,1.0925257112714934,77,569735994,"275.4,561.1;880.9,211.5;1044.8,495.4;439.3,845.0",OK
images/rotation_0038.jpg,507.3281000004499,yolo,0.9654994522606098,13.350300000638526,classical,0.9916347367287116,0.7876642942428589,rotation,30.0,PASS,PCB-20259-N,pcb,Main Controller PCB,30.0,0.0,31.813787336404797,0.0,0.0,0.6,1.705024559609637,0.0597082744396094,0.1512544193291307,0.9709208070792608,90,994299962,"141.8,437.7;663.1,136.7;803.9,380.5;282.5,681.5",OK
images/rotation_0039.jpg,508.2413000000088,yolo,0.9700998836413224,13.466099999277503,classical,0.9874540600166389,1.3725712299346924,rotation,30.0,MISMATCH,MTR-83176-P,metal,Unregistered Part,30.0,0.0,98.12104845671224,0.0,0.0,0.0,2.186920502088504,0.4323540322485164,0.1140069116152165,0.9290868799657276,89,575905490,"300.8,516.9;783.6,238.2;909.0,455.4;426.2,734.2",UNKNOWN_SERIAL
images/rotation_0040.jpg,510.4670000000624,yolo,0.967377757750043,13.126099999681173,classical,0.8084280396180001,40.59977722167969,rotation,30.0,MISMATCH,BOX-I24407-MY,component,Unregistered Part,30.0,0.0,130.39849498223143,0.0,0.0,0.0,3.968682259947458,0.1166805651745213,0.1348872681739337,1.1268672467762904,76,22581690,"404.8,465.3;990.3,127.2;1142.4,390.7;556.9,728.8",UNKNOWN_SERIAL
images/rotation_0041.jpg,509.2720000002373,yolo,0.9845412789060628,13.221600000179023,classical,0.9226809147434569,15.121682167053223,rotation,30.0,PASS,CMP-J900-CD,shipping,Capacitor Bank Unit,30.0,0.0,86.92518845926506,0.0,0.0,0.36,1.9565220400079903,0.1101081299381855,0.1657902831500272,1.10539936994579,90,25241554,"355.0,465.9;967.6,112.2;1133.5,399.4;520.8,753.1",OK
images/rotation_0042.jpg,512.3421999996935,yolo,0.9655826421467001,12.63440000002447,classical,0.989202209251753,1.411616563796997,rotation,30.0,MISMATCH,CMP-820242-CY,pcb,Unregistered Part,30.0,0.0,37.14676640253344,0.0,0.0,0.0,2.8168836676092184,0.02804886459855,0.2465172754162438,1.1329267325925765,82,366742222,"343.7,476.9;952.0,125.7;1116.3,410.2;507.9,761.4",UNKNOWN_SERIAL
images/rotation_0043.jpg,511.3727999996627,yolo,0.9701816045225529,12.679100000241306,classical,0.9890787540010425,1.8168659210205078,rotation,30.0,MISMATCH,SN-9493-U,metal,Voltage Regulator Module,30.0,0.0,99.04182279232974,0.0,0.0,0.0,2.9028765995138675,0.2612624035902973,0.0716111779634719,0.8633437220422734,88,496828895,"268.1,554.5;716.7,295.5;833.2,497.3;384.6,756.3",FAULTY_LOT
images/rotation_0044.jpg,512.3015999997733,yolo,0.974788646077019,12.318999999479274,classical,0.8043052999729726,34.016780853271484,rotation,30.0,PASS,CTL-0514-QJ,component,Motor Controller,30.0,0.0,158.98686288942395,0.0,0.0,0.36,2.612309303683453,0.0572072932808781,0.1187116225770303,0.9266048762686164,90,537090394,"519.2,439.7;1000.7,161.7;1125.8,378.4;644.3,656.4",OK
images/rotation_0045.jpg,510.0250999994387,yolo,0.987895420704778,13.8238999998066,classical,0.9318205678656848,12.508366584777832,rotation,30.0,MISMATCH,CTL-8271-S0,shipping,Unregistered Part,30.0,0.0,122.7701750085424,0.0,0.0,0.0,2.1122027282035547,0.1553280531735701,0.2129879301948229,1.0483479093960548,95,641251244,"371.1,491.2;952.2,155.7;1109.4,428.1;528.4,763.5",UNKNOWN_SERIAL
images/rotation_0046.jpg,514.3331999997827,yolo,0.9589599313811686,13.594400000329188,classical,0.9859351324698618,1.4678142070770264,rotation,30.0,PASS,PSU-4512-T,pcb,Power Supply 12V 5A,30.0,0.0,177.99413085853837,0.0,0.0,0.36,1.4721549165185488,0.1189004606092696,0.1478469153015844,0.904348244692537,86,374408658,"230.3,434.9;715.9,154.5;847.0,381.7;361.4,662.0",OK
images/rotation_0047.jpg,515.5431000002864,yolo,0.9709819044553694,13.040599999840197,classical,0.9812946008962123,2.2299411296844482,rotation,30.0,PASS,SN-S017-BL,metal,Voltage Regulator Module,30.0,0.0,43.361155820940624,0.0,0.0,0.6,2.783978858304222,0.457651341876436,0.1761082725321713,0.8586627471383127,81,921244882,"540.3,557.4;986.5,299.8;1102.4,500.5;656.2,758.1",OK
images/rotation_0048.jpg,510.0519000006898,yolo,0.9582209971375889,13.316399999894202,classical,0.8178687160181017,31.4897403717041,rotation,40.0,PASS,PCB-5851-LN,component,Main Controller PCB,40.0,0.0,122.12841802317767,0.0,0.0,0.0,1.579456680573854,0.0487229165408109,0.2083362920005805,0.8910132681404518,90,699565553,"530.8,477.6;940.4,134.0;1095.0,318.3;685.5,661.9",OK
images/rotation_0049.jpg,510.3831000005812,yolo,0.9843588412980386,13.376999999309191,classical,0.9194857790804519,15.190220832824707,rotation,40.0,PASS,CMP-2720-TZ,shipping,Capacitor Bank Unit,40.0,0.0,23.626202967142817,0.0,0.0,0.0,2.3760062172868,0.0992355841909885,0.0803985574942412,1.068622625940989,79,131163739,"230.2,635.2;754.1,195.6;960.2,441.1;436.2,880.7",OK
images/rotation_0050.jpg,510.96159999997326,yolo,0.9903026466672941,12.678899999627902,classical,0.9879375038670618,1.5795642137527466,rotation,40.0,PASS,SN-S017-BL,pcb,Voltage Regulator Module,40.0,0.0,124.73106536416076,0.0,0.0,0.36,1.3035715851269778,0.0322175375003662,0.2381945294434675,1.1389306631840448,83,274855146,"177.9,583.8;718.8,129.9;931.1,382.9;390.2,836.8",OK
images/rotation_0051.jpg,508.85769999968034,yolo,0.9745857276273041,12.751300000672927,classical,0.9902093181730272,1.520533561706543,rotation,40.0,PASS,CMP-179198-P,metal,Capacitor Bank Unit,40.0,0.0,98.2926740671676,0.0,0.0,0.0,3.2789430600473906,0.3041751655367578,0.1859852673916495,0.996922690225498,94,62297753,"393.4,492.9;851.6,108.4;1024.7,314.6;566.4,699.1",OK
images/rotation_0052.jpg,508.1603999997242,yolo,0.9739191125948216,12.096999999812397,classical,0.9882675354650807,1.5274003744125366,rotation,40.0,PASS,SN-6949-8R,component,Voltage Regulator Module,40.0,0.0,26.216259216271773,0.0,0.0,0.0,2.29247036773023,0.1344865090640133,0.1431279699212227,1.1200393952231928,79,86485610,"174.6,622.9;689.4,190.9;883.8,422.6;369.0,854.6",OK
images/rotation_0053.jpg,507.576699999845,yolo,0.9835189156401115,12.113400000089314,classical,0.9861502188614691,1.579835295677185,rotation,40.0,PASS,CMP-006459-Z,shipping,Capacitor Bank Unit,40.0,0.0,146.96179804362126,0.0,0.0,0.36,1.483968136154697,0.0050558059624274,0.115754335756238,0.9073980812782528,91,908042320,"199.1,488.6;643.9,115.3;818.9,323.8;374.0,697.1",OK
images/rotation_0054.jpg,504.4524000004458,yolo,0.9835238160425304,12.260800000149175,classical,0.990661488891485,1.4325083494186401,rotation,40.0,PASS,PCB-9272-KG,pcb,Main Controller PCB,40.0,0.0,28.532354507260692,0.0,0.0,0.0,3.6993152806567737,0.1190920717584108,0.0982241574297144,0.9138141007103392,90,906180146,"447.1,577.5;881.1,213.3;1051.4,416.3;617.4,780.5",OK
images/rotation_0055.jpg,503.29169999986334,yolo,0.9811258736355524,11.808000000200991,classical,0.9911020044682735,1.4592547416687012,rotation,40.0,PASS,DRV-Z83390-H,metal,Stepper Driver Board,40.0,0.0,100.62303847960808,0.0,0.0,0.0,3.7685033208845065,0.3688038949781853,0.2436861013005782,1.1305366641609274,89,1034672050,"318.8,514.0;838.5,77.9;1034.7,311.8;515.0,747.8",OK
images/rotation_0056.jpg,502.3919000004753,yolo,0.9754036091869779,11.897100000169303,classical,0.813698901999501,38.98820877075195,rotation,40.0,MISMATCH,CMP-736612-G8,component,Unregistered Part,40.0,0.0,51.68099338593999,0.0,0.0,0.0,4.149113877741178,0.026078723495265,0.1593806877300049,1.0868352188216106,95,784319035,"277.7,597.8;777.3,178.7;965.9,403.5;466.3,822.6",UNKNOWN_SERIAL
images/rotation_0057.jpg,498.4725000003891,yolo,0.990425603150922,11.914099999557948,classical,0.928875183784287,11.545316696166992,rotation,40.0,PASS,PSU-R992-M,shipping,Power Supply 12V 5A,40.0,0.0,25.9185954983265,0.0,0.0,0.36,2.7630524857387857,0.0878708557579451,0.2180937638196096,0.8822388465553482,79,478011425,"438.5,496.3;871.0,133.4;1041.1,336.1;608.6,699.1",OK
images/rotation_0058.jpg,494.72119999973074,yolo,0.9948863792662932,12.023899999803689,classical,0.9900248539785238,1.5006917715072632,rotation,40.0,PASS,DRV-Z83390-H,pcb,Stepper Driver Board,40.0,0.0,174.12066715035772,0.0,0.0,0.0,2.3322067515971017,0.1206038312676167,0.2361458237442166,1.0764717577133849,85,169281484,"404.2,536.5;915.5,107.5;1116.2,346.6;604.9,775.6",OK
images/rotation_0059.jpg,495.2334999998129,yolo,0.9805111224917056,14.499800000521645,classical,0.9921060550936838,1.5020530223846436,rotation,40.0,PASS,PSU-3148-Z,metal,Power Supply 12V 5A,40.0,0.0,12.64505114387538,0.0,0.0,0.0,2.8382923236329707,0.2690273989079078,0.2127168570102992,1.027062550280705,77,971603629,"231.4,577.4;703.5,181.3;881.8,393.8;409.7,789.9",OK
images/rotation_0060.jpg,495.13910000041506,yolo,0.982309661668726,12.095699999917997,classical,0.9885948437403973,1.4343781471252441,rotation,50.0,PASS,DRV-82662-L2,component,Stepper Driver Board,50.0,0.0,24.177707022316767,0.0,0.0,0.6,3.5974051470786867,0.0973409016724969,0.172668693182812,1.11945243623498,79,225814628,"458.8,587.4;890.5,72.9;1122.1,267.1;690.3,781.7",OK
images/rotation_0061.jpg,493.1460000007064,yolo,0.9673184824757562,12.34680000015942,classical,0.9259666429819808,14.165508270263672,rotation,50.0,PASS,DRV-634945-GF,shipping,Stepper Driver Board,50.0,0.0,93.74635280327088,0.0,0.0,0.36,2.804301851849488,0.0083141153663957,0.0536470904527132,1.0757737046523927,77,719221166,"262.3,639.5;704.9,112.0;952.1,319.5;509.5,846.9",OK
images/rotation_0062.jpg,492.60969999977533,yolo,0.978722375572247,11.878499999511405,classical,0.9911784868625649,1.2447541952133179,rotation,50.0,PASS,DRV-80706-A8,pcb,Stepper Driver Board,50.0,0.0,92.5357535109935,0.0,0.0,0.0,4.074610248300005,0.1613973227468154,0.1144507836058198,0.9700115671122782,82,671341058,"351.1,667.3;737.6,206.6;953.1,387.4;566.6,848.1",OK
images/rotation_0063.jpg,491.0080999998172,yolo,0.9811002926857558,12.526299999990442,classical,0.9901233195948221,1.886458158493042,rotation,50.0,PASS,PCB-5740-P,metal,Main Controller PCB,50.0,0.0,68.69140436433742,0.0,0.0,0.0,1.9476640774836071,0.4106362735786673,0.1377045842835355,0.9928932203141272,93,35109939,"234.7,666.0;617.6,209.6;823.0,382.0;440.0,838.3",OK
images/rotation_0064.jpg,493.0962999997064,yolo,0.9722948697066416,11.803499999587075,classical,0.8134454411533446,33.44425582885742,rotation,50.0,PASS,PCB-5862-0,component,Main Controller PCB,50.0,0.0,93.84291258825152,0.0,0.0,0.0,2.35416293733356,0.1412283912692357,0.1559074617407042,0.92231078563761,84,574039127,"223.0,619.6;578.7,195.7;769.5,355.8;413.8,779.7",OK
images/rotation_0065.jpg,493.307000000641,yolo,0.9841197827758649,12.049900000420166,classical,0.9226571424017534,15.574352264404297,rotation,50.0,PASS,SN-S017-BL,shipping,Voltage Regulator Module,50.0,0.0,21.990021625867676,0.0,0.0,0.0,3.4057909946220604,0.1565131020069221,0.120693955722772,1.1359540459447557,80,791319623,"321.3,669.1;788.6,112.2;1049.7,331.2;582.4,888.1",OK
images/rotation_0066.jpg,493.3887000006507,yolo,0.9780624183916341,12.030599999889091,classical,0.9942200465125149,1.5883538722991943,rotation,50.0,PASS,CTL-169170-F,pcb,Motor Controller,50.0,0.0,74.8649548900502,0.0,0.0,0.0,1.4279423599241774,0.145395184159209,0.1414574077805882,1.091559073306486,78,12393836,"452.2,642.1;887.2,123.7;1129.7,327.1;694.7,845.6",OK
images/rotation_0067.jpg,493.9838000000236,yolo,0.9812298279799874,12.16629999998986,classical,0.9920166415500411,1.8389976024627686,rotation,50.0,MISMATCH,SN-F5901-H,metal,Unregistered Part,50.0,0.0,158.8818941726487,0.0,0.0,0.0,3.72646924475321,0.3449098582573563,0.2298783115258754,0.9567006773350796,76,1002825384,"470.3,544.9;839.3,105.2;1037.1,271.2;668.2,710.9",UNKNOWN_SERIAL
images/rotation_0068.jpg,494.23469999965164,yolo,0.9753876887180195,14.810300000135612,classical,0.8152097912642289,37.431396484375,rotation,50.0,PASS,SN-6949-8R,component,Voltage Regulator Module,50.0,0.0,174.7840643425501,0.0,0.0,0.0,3.091440442218897,0.1623821982342584,0.2413941412144013,1.0451298087489709,81,100962572,"284.4,659.9;687.5,179.5;903.6,360.9;500.6,841.3",OK
images/rotation_0069.jpg,495.56010000014794,yolo,0.9577869233333747,13.051599999926111,classical,0.9294859824799936,10.653379440307617,rotation,50.0,PASS,DRV-634945-GF,shipping,Stepper Driver Board,50.0,0.0,166.46262456984454,0.0,0.0,0.36,3.155603846881733,0.0516421454488817,0.0909199267734629,0.8630814294622453,95,153139846,"247.0,532.7;602.1,109.5;800.4,275.9;445.4,699.1",OK
images/rotation_0070.jpg,498.10989999969024,yolo,0.9764979012134358,12.303800000154297,classical,0.9924301602906836,0.7742090225219727,rotation,50.0,PASS,CTL-M9607-62,pcb,Motor Controller,50.0,0.0,70.73641436937582,0.0,0.0,0.0,2.8395852007179614,0.0095801526121852,0.1490533304515674,0.918488648243456,86,187820966,"345.1,583.4;711.1,147.2;915.2,318.4;549.1,754.6",OK
images/rotation_0071.jpg,493.2958999997936,yolo,0.9871788599392786,12.145300000156567,classical,0.9909449427365317,1.375671625137329,rotation,50.0,MISMATCH,SN-06125-O9,metal,Unregistered Part,50.0,0.0,102.04045351804344,0.0,0.0,0.6,3.166734703680484,0.2832991314105286,0.0684831351324051,1.1442906341111792,79,522285468,"268.6,683.8;709.9,157.8;946.6,356.4;505.3,882.4",UNKNOWN_SERIAL
images/rotation_0072.jpg,496.40499999986787,yolo,0.9660444208852613,12.545200000204204,classical,0.8128411865027407,35.976051330566406,rotation,60.0,PASS,PSU-R992-M,component,Power Supply 12V 5A,60.0,0.0,24.963678719634423,0.0,0.0,0.0,3.811714006068657,0.0580308837564821,0.1873422291858469,1.0150349083141317,90,815062773,"565.2,655.2;869.7,127.8;1107.0,264.8;802.5,792.2",OK
images/rotation_0073.jpg,495.53649999961635,yolo,0.9846498428710603,12.569700000312878,classical,0.917325531005978,13.0188570022583,rotation,60.0,MISMATCH,CTL-553756-E,shipping,Unregistered Part,60.0,0.0,134.37380549032358,0.0,0.0,0.36,3.8330081875195776,0.1037252815248612,0.1689320946864215,0.9038919209842616,93,22517626,"433.9,584.4;723.1,83.4;957.9,219.0;668.7,720.0",UNKNOWN_SERIAL
images/rotation_0074.jpg,495.9770999994362,yolo,0.9908043568584752,11.916799999198702,classical,0.9883899365550392,1.7063895463943481,rotation,60.0,PASS,MTR-P83614-5,pcb,BLDC Motor 24V,60.0,0.0,135.0889111275694,0.0,0.0,0.0,3.9607323766405433,0.106183443497683,0.1928877360495678,1.049345831881753,82,341746343,"345.0,665.6;670.3,102.2;933.9,254.3;608.6,817.8",OK
images/rotation_0075.jpg,495.3144999999495,yolo,0.982402922451203,12.037200000122539,classical,0.9927364830753828,1.2742648124694824,rotation,60.0,PASS,SN-6949-8R,metal,Voltage Regulator Module,60.0,0.0,26.57401586613138,0.0,0.0,0.6,3.9982431574643664,0.2181522417157373,0.0726268426589934,1.0082372143367333,94,541279973,"187.0,725.2;489.5,201.3;725.3,337.4;422.8,861.3",OK
images/rotation_0076.jpg,496.5567999997802,yolo,0.9945300534482453,12.850799999796436,classical,0.8134439446827154,32.74138259887695,rotation,60.0,MISMATCH,DRV-M6050-PC,component,Unregistered Part,60.0,0.0,133.13342475868694,0.0,0.0,0.36,2.355617884246957,0.0799212385045355,0.1377557527561856,0.9252742523981948,84,881416633,"223.6,616.9;501.2,136.1;717.5,261.0;439.9,741.8",UNKNOWN_SERIAL
images/rotation_0077.jpg,496.20799999956944,yolo,0.9904303914403856,12.068200000612705,classical,0.9329907853916629,10.994462013244629,rotation,60.0,PASS,SN-S017-BL,shipping,Voltage Regulator Module,60.0,0.0,125.82983086261125,0.0,0.0,0.0,2.139449023114276,0.0986255926304637,0.0703321480935982,0.9139978356411887,81,866232686,"296.9,667.0;589.3,160.4;826.8,297.5;534.3,804.1",OK
images/rotation_0078.jpg,497.77050000011513,yolo,0.9617087786894499,12.541000000055647,classical,0.9930865912097385,0.7843281030654907,rotation,60.0,MISMATCH,MTR-H366-HT,pcb,Unregistered Part,60.0,0.0,91.5607107755872,0.0,0.0,0.6,3.935925202286142,0.0625741806314509,0.1887213666195509,0.9227695558420432,89,80418882,"520.0,603.7;806.0,108.2;1037.8,242.0;751.7,737.5",UNKNOWN_SERIAL
images/rotation_0079.jpg,498.6099000007016,yolo,0.9777404394508992,11.920300000383577,classical,0.989774633243347,1.6186171770095825,rotation,60.0,PASS,LBL-59596-T,metal,Return Label Stock,60.0,0.0,67.52761419524134,0.0,0.0,0.0,1.7861709035999938,0.3810417995910329,0.2195451713062964,0.98344864469782,79,1067075804,"466.9,743.1;762.0,232.1;991.9,364.9;696.9,875.9",OK
images/rotation_0080.jpg,492.6266000002215,yolo,0.9769951664526242,11.75150000017311,classical,0.8098987188186727,33.98065948486328,rotation,60.0,PASS,PSU-4512-T,component,Power Supply 12V 5A,60.0,0.0,74.52437580115584,0.0,0.0,0.0,2.1213824660606466,0.092490947848105,0.2099250474521909,0.9393839892068908,92,613255239,"320.5,741.6;602.3,253.4;822.0,380.3;540.2,868.4",OK
images/rotation_0081.jpg,492.0022999995126,yolo,0.9697178052707377,13.209699999606528,classical,0.9860459962846582,1.66435968875885,rotation,60.0,PASS,SN-F3985-P,shipping,Voltage Regulator Module,60.0,0.0,2.4299344109753207,0.0,0.0,0.36,4.070382352492281,0.0631302010657107,0.2163358062356588,1.007726508126897,87,921834186,"387.0,660.3;709.4,101.8;971.3,252.9;648.8,811.5",OK
images/rotation_0082.jpg,490.2770999997301,yolo,0.982700759351704,14.372600000569946,classical,0.9862098444471742,1.3950144052505493,rotation,60.0,PASS,SN-891927-W,pcb,Voltage Regulator Module,60.0,0.0,38.75496604642129,0.0,0.0,0.0,3.9286440066443262,0.0680240075597245,0.1618427076706334,0.8820971598538567,75,1053404129,"581.3,625.3;854.7,151.6;1076.2,279.5;802.8,753.2",OK
images/rotation_0083.jpg,493.79339999995864,yolo,0.9899094765050638,12.278500000320491,classical,0.9924255422763412,1.1205116510391235,rotation,60.0,PASS,PSU-R992-M,metal,Power Supply 12V 5A,60.0,0.0,176.7306730022262,0.0,0.0,0.0,4.192502685205351,0.2368531178846827,0.1370895169869795,1.013604307363732,75,251092217,"225.3,742.7;529.3,216.0;766.4,352.8;462.3,879.5",OK
images/rotation_0084.jpg,492.29250000007596,yolo,0.9832038858631081,11.840600000141421,classical,0.7989619027244593,31.697568893432617,rotation,70.0,MISMATCH,PCB-69643-D,component,Unregistered Part,70.0,0.0,18.986267066089784,0.0,0.0,0.36,1.3989605150020763,0.082967226005503,0.1817756073932063,0.879863191344543,88,409477207,"523.7,597.7;704.3,101.6;927.5,182.8;747.0,678.9",UNKNOWN_SERIAL
images/rotation_0085.jpg,492.2377000002598,yolo,0.9838147914227353,12.240999999448832,classical,0.9865655445798669,1.5031285285949707,rotation,70.0,PASS,DRV-95485-DG,shipping,Stepper Driver Board,70.0,0.0,79.80489197318946,0.0,0.0,0.36,3.779587842949769,0.0224306006400819,0.1688891339020707,0.9210088017941968,86,213791646,"515.6,656.1;717.3,102.2;976.9,196.7;775.3,750.6",OK
images/rotation_0086.jpg,495.5629999994926,yolo,0.984222140276756,11.868699999467935,classical,0.990925391116864,1.7362905740737915,rotation,70.0,PASS,DRV-95485-DG,pcb,Stepper Driver Board,70.0,0.0,76.14784268848537,0.0,0.0,0.6,3.5869846608102454,0.0235694049031261,0.2007174282479837,1.0557257811660414,75,134676878,"490.2,711.7;714.1,96.6;1001.8,201.4;777.9,816.4",OK
images/rotation_0087.jpg,494.4561000002068,yolo,0.9798258358944173,11.98870000007446,classical,0.9826118532551871,2.9941787719726562,rotation,70.0,PASS,CMP-006459-Z,metal,Capacitor Bank Unit,70.0,0.0,115.2530583170336,0.0,0.0,0.36,2.5464606659615256,0.479310784147047,0.1994362013020262,0.904421440723873,88,549194510,"407.2,670.2;592.8,160.3;822.3,243.8;636.7,753.7",OK
images/rotation_0088.jpg,492.4676999999065,yolo,0.9788922045262999,12.486100000387523,classical,0.7992500063766009,36.92103958129883,rotation,70.0,PASS,PCB-5851-LN,component,Main Controller PCB,70.0,0.0,142.41707545038858,0.0,0.0,0.0,1.944220318450279,0.03039942206423,0.1200152619945845,1.0307522787296377,79,554323252,"365.3,705.6;576.8,124.5;838.3,219.7;626.8,800.8",OK
images/rotation_0089.jpg,490.1711000002251,yolo,0.9633745727728891,13.520999999855121,classical,0.9918866491570815,1.54775869846344,rotation,70.0,PASS,CMP-R6567-4Z,shipping,Capacitor Bank Unit,70.0,0.0,14.899217218280208,0.0,0.0,0.0,3.557680233620132,0.135435535860402,0.1229789703081259,1.1128565966347157,88,567391082,"187.2,760.0;430.8,90.8;744.5,204.9;500.9,874.2",OK
images/rotation_0090.jpg,491.70740000045043,yolo,0.985176002263748,12.810000000172295,classical,0.9920476747608905,0.806013822555542,rotation,70.0,PASS,CTL-33542-X0,pcb,Motor Controller,70.0,0.0,75.43088067733161,0.0,0.0,0.36,3.0448258608598118,0.1484635380571416,0.0967873077715024,0.9043842811753658,91,73128931,"403.4,616.1;595.1,89.2;841.6,178.9;649.8,705.8",OK
images/rotation_0091.jpg,495.17649999961577,yolo,0.9643731429185999,13.152399999853515,classical,0.9839212384253133,2.1794064044952393,rotation,70.0,PASS,SN-473905-6,metal,Voltage Regulator Module,70.0,0.0,167.83141955123952,0.0,0.0,0.36,2.7820205985029998,0.4356858544106567,0.132681771723119,0.912379479500045,83,948695126,"437.9,604.8;625.1,90.4;856.6,174.6;669.3,689.0",OK
images/rotation_0092.jpg,498.9620999995168,yolo,0.9815385421197542,12.529900000117777,classical,0.7978881748171672,37.1781120300293,rotation,70.0,MISMATCH,SEN-J1601-Z0,component,Unregistered Part,70.0,0.0,109.57106178805662,0.0,0.0,0.0,4.080191571366232,0.0730809469256675,0.1822015260702962,1.033680716444033,88,228716568,"501.7,708.0;713.8,125.2;976.1,220.6;764.0,803.4",UNKNOWN_SERIAL
images/rotation_0093.jpg,500.3193000002284,yolo,0.9867181528464819,12.01379999929486,classical,0.9212453090395176,13.76246166229248,rotation,70.0,PASS,SN-S017-BL,shipping,Voltage Regulator Module,70.0,0.0,64.48712693602434,0.0,0.0,0.6,3.671095561818003,0.0815201996653018,0.2011344293949313,1.0208196089656858,85,764980251,"235.3,759.8;458.8,145.9;746.5,250.6;523.1,864.6",OK
images/rotation_0094.jpg,501.24479999976757,yolo,0.9636524209689631,12.352099999588972,classical,0.9855214025138124,1.6738275289535522,rotation,70.0,PASS,PSU-3148-Z,pcb,Power Supply 12V 5A,70.0,0.0,155.4612538786545,0.0,0.0,0.6,3.577034900734329,0.0744039918771079,0.0520040681364665,1.030956954560741,76,631276989,"306.3,786.0;525.0,185.3;805.9,287.6;587.3,888.2",OK
images/rotation_0095.jpg,502.7106999996249,yolo,0.9791051284507636,12.459800000215182,classical,0.9888789317591947,1.3178231716156006,rotation,70.0,PASS,DRV-1524-TS,metal,Stepper Driver Board,70.0,0.0,155.65757447074398,0.0,0.0,0.0,3.579674078255928,0.3095266388244025,0.2039295588893568,0.9400096973355556,87,552685917,"548.1,747.6;741.0,217.6;979.5,304.4;786.6,834.4",OK
images/rotation_0096.jpg,505.1861000001736,yolo,0.9694722894613222,13.094099999761966,classical,0.7743625777956233,33.48371887207031,rotation,80.0,MISMATCH,CMP-1799-DW,component,Unregistered Part,80.0,0.0,125.05472570411813,0.0,0.0,0.0,2.7484973929708545,0.0194568486314383,0.1078174026711867,0.9188145602864336,88,143480572,"509.5,649.4;605.2,106.5;849.5,149.6;753.8,692.5",UNKNOWN_SERIAL
images/rotation_0097.jpg,504.2067999993378,yolo,0.9801350170506915,12.400600000546547,classical,0.9192109587277615,14.159841537475586,rotation,80.0,PASS,DRV-3967-9A,shipping,Stepper Driver Board,80.0,0.0,136.15670903530162,0.0,0.0,0.6,3.5783546776732758,0.0793454959588549,0.0573587285532466,1.0707277328311866,92,616489103,"619.1,752.2;738.1,77.4;1054.5,133.1;935.5,808.0",OK
images/rotation_0098.jpg,505.44580000041606,yolo,0.9741699302194574,12.425900000380352,classical,0.9885929690187681,1.1291135549545288,rotation,80.0,PASS,LBL-4983-YZ,pcb,Return Label Stock,80.0,0.0,115.12345379238369,0.0,0.0,0.6,2.870237407306191,0.0091914708512842,0.0880338995617498,0.8948705254513402,84,354311531,"232.6,783.1;329.0,236.7;584.5,281.7;488.2,828.1",OK
images/rotation_0099.jpg,508.4039000003031,yolo,0.9559147063589014,12.377800000649586,classical,0.986526557010609,1.6983211040496826,rotation,80.0,PASS,PSU-32360-G,metal,Power Supply 12V 5A,80.0,0.0,114.47330405151358,0.0,0.0,0.6,1.3464730441982502,0.303776021945468,0.243132508656584,0.9823272726735056,90,1797036,"648.9,712.4;751.2,132.0;1012.4,178.0;910.1,758.5",OK
images/rotation_0100.jpg,506.0708999999406,yolo,0.9830943629493827,12.318999999479274,classical,0.7718706114042814,37.14069747924805,rotation,80.0,PASS,MTR-03662-MX,component,BLDC Motor 24V,80.0,0.0,27.13398707658183,0.0,0.0,0.0,1.48358389726859,0.0485531249150929,0.135950355517407,1.0071590452375072,89,690139047,"259.6,786.0;364.5,190.9;632.4,238.1;527.4,833.2",OK
images/rotation_0101.jpg,505.14079999993555,yolo,0.9681247393549103,12.377400000332273,classical,0.9166459955662202,12.628918647766113,rotation,80.0,MISMATCH,LBL-G403-4,shipping,Unregistered Part,80.0,0.0,54.65432775788433,0.0,0.0,0.0,1.2301092796112487,0.0393932875618062,0.1052899577505279,0.9268385695505884,85,238847634,"257.9,697.8;360.9,113.6;634.8,161.9;531.8,746.0",UNKNOWN_SERIAL
images/rotation_0102.jpg,504.1348000004291,yolo,0.9731741541049275,11.406000000533822,classical,0.9916767788603504,0.7292594313621521,rotation,80.0,PASS,MTR-0511-N8,pcb,BLDC Motor 24V,80.0,0.0,34.95320751825743,0.0,0.0,0.6,3.2691018601914927,0.1415769022786275,0.1616469000991003,0.9012414175637116,79,541249936,"497.1,682.0;594.1,131.7;851.5,177.1;754.5,727.4",OK
images/rotation_0103.jpg,501.32249999933265,yolo,0.9827286672908714,11.723900000106369,classical,0.9883515083955011,1.8271909952163696,rotation,80.0,PASS,DRV-82662-L2,metal,Stepper Driver Board,80.0,0.0,85.26649126131285,0.0,0.0,0.6,1.95413475009762,0.2362994459868863,0.1226297932730033,1.1314173550001465,80,290551576,"510.6,833.3;628.5,164.8;929.3,217.8;811.4,886.4",OK
images/rotation_0104.jpg,501.67099999998754,yolo,0.9863202420220407,11.881500000527012,classical,0.9857718886901943,1.6838940382003784,rotation,80.0,PASS,PSU-60698-N0,component,Power Supply 12V 5A,80.0,0.0,85.2742798203645,0.0,0.0,0.0,3.594952319147002,0.0621267385225785,0.2478149332931641,1.0656381859095074,82,73085391,"587.6,812.5;698.6,182.9;981.9,232.8;870.9,862.5",OK
images/rotation_0105.jpg,498.9063000002716,yolo,0.975221727072703,14.075700000830693,classical,0.927204707146127,10.981975555419922,rotation,80.0,PASS,DRV-014068-CD,shipping,Stepper Driver Board,80.0,0.0,22.238277096430444,0.0,0.0,0.6,2.0047367212388614,0.1707771800079628,0.227882788762304,0.9123483538037532,78,889866571,"420.3,725.0;521.7,150.0;791.3,197.5;689.9,772.6",OK
images/rotation_0106.jpg,494.39820000043255,yolo,0.9597555718427757,12.408799999320763,classical,0.984648120339082,1.714335322380066,rotation,80.0,MISMATCH,MTR-97892-DH,pcb,Unregistered Part,80.0,0.0,57.31101763904384,0.0,0.0,0.0,1.8077076257126057,0.0567300057140813,0.056010393775214,1.0378304232078948,75,543357673,"354.5,729.0;466.2,95.4;762.6,147.6;650.9,781.3",UNKNOWN_SERIAL
images/rotation_0107.jpg,492.47190000005503,yolo,0.9514390400051694,11.761499999920488,classical,0.9771255345207571,2.3332033157348633,rotation,80.0,PASS,PCB-5851-LN,metal,Main Controller PCB,80.0,0.0,121.69892090294844,0.0,0.0,0.36,3.714790253607704,0.3646657884542942,0.1581223782090866,0.9573707711144408,76,1057216899,"363.1,793.8;462.8,228.1;717.4,273.0;617.7,838.7",OK
images/rotation_0108.jpg,487.0805999998993,yolo,0.952810102967903,11.33179999942513,classical,0.7259454437704849,33.55004119873047,rotation,90.0,PASS,PCB-5740-P,component,Main Controller PCB,90.0,0.0,168.78463570566072,0.0,0.0,0.0,3.269882991066974,0.0616056269205092,0.1750712165998534,0.9105557066387608,86,739600914,"256.0,811.5;256.0,265.2;501.9,265.2;501.9,811.5",OK
images/rotation_0109.jpg,486.6422999994029,yolo,0.9767615892326561,12.129899999308691,classical,0.8938983582790889,15.987054824829102,rotation,90.0,PASS,DRV-1524-TS,shipping,Stepper Driver Board,90.0,0.0,168.00289841587423,0.0,0.0,0.0,3.780246867905425,0.1596482895048944,0.1772947306151311,0.980015462932854,75,112336785,"491.0,836.2;491.0,209.0;785.0,209.0;785.0,836.2",OK
images/rotation_0110.jpg,486.4858999999342,yolo,0.9594772849503729,11.839599999802886,classical,0.9926604089267685,1.6943117380142212,rotation,90.0,PASS,BOX-501204-VH,pcb,Shipping Carton,90.0,0.0,172.33935506568625,0.0,0.0,0.6,2.6172363760853714,0.128477752691277,0.1306874664430158,1.108633909424988,95,567396292,"306.5,763.7;306.5,76.3;628.0,76.3;628.0,763.7",OK
images/rotation_0111.jpg,484.0087999991738,yolo,0.9604950871615816,12.076200000592507,classical,0.9816897169836251,2.6446664333343506,rotation,90.0,MISMATCH,PSU-2290-0,metal,Unregistered Part,90.0,0.0,35.80599863984503,0.0,0.0,0.36,2.7825636567463907,0.4506568788050104,0.084534040680169,0.889680114718985,95,647582780,"606.5,659.5;606.5,125.7;846.7,125.7;846.7,659.5",UNKNOWN_SERIAL
images/rotation_0112.jpg,484.07330000009097,yolo,0.9277265874082267,12.546599999950558,classical,0.7161872959763941,40.62471008300781,rotation,90.0,MISMATCH,PSU-44033-V,component,Unregistered Part,90.0,0.0,145.31605849613612,0.0,0.0,0.6,3.415366838800348,0.0571190477618447,0.1023584109131411,1.0694624406558892,82,710159205,"594.2,864.7;594.2,223.0;882.9,223.0;882.9,864.7",UNKNOWN_SERIAL
images/rotation_0113.jpg,485.0218000001405,yolo,0.9255792504500591,12.186799999653886,classical,0.897969693566117,17.18673324584961,rotation,90.0,PASS,CTL-33542-X0,shipping,Motor Controller,90.0,0.0,40.58939015494979,0.0,0.0,0.36,1.7836084873903717,0.0827961916599114,0.0873258860099622,1.0665371427843149,82,663086501,"659.4,859.5;659.4,176.9;979.3,176.9;979.3,859.5",OK
images/rotation_0114.jpg,484.15099999965605,yolo,0.9703006618507097,12.123699999392556,classical,0.9923436080810661,0.8736320734024048,rotation,90.0,PASS,DRV-Z83390-H,pcb,Stepper Driver Board,90.0,0.0,113.54372537379902,0.0,0.0,0.0,3.725047893553959,0.1538037925437991,0.2391020674618161,1.0582187282110271,84,592451326,"668.2,878.7;668.2,222.6;975.1,222.6;975.1,878.7",OK
images/rotation_0115.jpg,483.6534000005486,yolo,0.9599385552781662,12.028000000100292,classical,0.9829018668621914,1.4632431268692017,rotation,90.0,PASS,MTR-03662-MX,metal,BLDC Motor 24V,90.0,0.0,56.59659426961967,0.0,0.0,0.0,2.5931601793201,0.4466339289962832,0.202164540272335,0.9794472554581036,91,196513465,"459.0,764.7;459.0,177.1;723.4,177.1;723.4,764.7",OK
images/rotation_0116.jpg,483.081399999719,yolo,0.9622407820166649,11.578099999496771,classical,0.714656513074141,42.94064712524414,rotation,90.0,MISMATCH,LBL-Q823-8J,component,Unregistered Part,90.0,0.0,139.71951504492722,0.0,0.0,0.0,3.2201864824487663,0.1638682913082733,0.1859070469190251,1.1290403744737596,93,597949292,"314.8,879.4;314.8,201.9;619.6,201.9;619.6,879.4",UNKNOWN_SERIAL
images/rotation_0117.jpg,481.06800000005023,yolo,0.9525162155736875,11.923099999876285,classical,0.9045944940428525,14.620176315307617,rotation,90.0,PASS,PCB-5851-LN,shipping,Main Controller PCB,90.0,0.0,32.28566326460771,0.0,0.0,0.0,3.45188413376968,0.0231942687024227,0.2033566587411193,0.9692929826853446,83,199374728,"250.9,840.3;250.9,219.9;541.7,219.9;541.7,840.3",OK
images/rotation_0118.jpg,482.05010000037873,yolo,0.9722024665855541,12.289000000237138,classical,0.9924877840031849,1.7987325191497803,rotation,90.0,PASS,SN-408210-Q,pcb,Voltage Regulator Module,90.0,0.0,176.42694047766489,0.0,0.0,0.0,3.465585435001476,8.116239690853176e-05,0.1977272027122082,1.1151706867275626,76,92193667,"711.1,853.8;711.1,162.4;1034.5,162.4;1034.5,853.8",OK
images/rotation_0119.jpg,480.9024000005593,yolo,0.9512062783497003,11.740099999769882,classical,0.9933769412167389,0.8734121322631836,rotation,90.0,PASS,SEN-196316-H,metal,Temperature Sensor Pack,90.0,0.0,79.86365689492762,0.0,0.0,0.0,1.5932026777859802,0.4108079012133596,0.1479085416367005,1.13313884535781,93,109250161,"231.5,802.8;231.5,122.9;537.5,122.9;537.5,802.8",OK
images/perspective_0120.jpg,481.4925000000585,yolo,0.9840643888036252,11.90390000010666,classical,0.8081658747487314,39.61697769165039,perspective,0.0,MISMATCH,DRV-9041-SS,component,Unregistered Part,27.50661630975979,0.0,161.66030480654717,0.0,0.0,0.0,2.546643061053842,0.1739479745023711,0.2292808837004138,1.1060653740412336,87,511734127,"319.8,562.4;908.4,255.9;1046.4,520.7;457.7,827.2",UNKNOWN_SERIAL
images/perspective_0121.jpg,482.79640000055224,yolo,0.9918115969309362,12.086200000339886,classical,0.989342444886543,1.1827178001403809,perspective,0.0,MISMATCH,SN-9493-U,shipping,Voltage Regulator Module,56.68817183789002,0.0,54.974070496930025,0.0,0.0,0.0,1.215052427033289,0.0432506551635457,0.0990654923196298,0.8649352413034981,76,7399454,"195.7,604.4;499.8,141.8;716.6,284.3;412.6,746.9",FAULTY_LOT
images/perspective_0122.jpg,480.53490000074817,yolo,0.9759672798563443,11.910499999430613,classical,0.987601174110024,1.6899440288543701,perspective,0.0,PASS,DRV-80706-A8,pcb,Stepper Driver Board,31.632921815259028,0.0,60.697371985792245,0.0,0.0,0.0,1.6999846009175796,0.1735400901404077,0.2010409063743192,0.9977634827015878,88,525730230,"167.7,423.5;694.4,99.0;846.2,345.4;319.5,669.8",OK
images/perspective_0123.jpg,478.5273999996207,yolo,0.9874100597755813,11.801700000432902,classical,0.994819234475997,1.374685287475586,perspective,0.0,MISMATCH,SN-9493-U,metal,Voltage Regulator Module,77.60448338917526,0.0,139.69803339549514,0.0,0.0,0.0,3.868235018811093,0.1926752849918285,0.1337351149922552,1.0847049098083883,77,964767420,"206.2,789.7;345.9,154.0;631.9,216.9;492.2,852.5",FAULTY_LOT
images/perspective_0124.jpg,476.67749999982334,yolo,0.9641405050294081,11.61599999977625,classical,0.984478683849338,1.6481361389160156,perspective,0.0,PASS,SN-S017-BL,component,Voltage Regulator Module,45.750561923375535,0.0,107.03618714717176,0.0,0.0,0.6,2.2175527808087807,0.0311901554854445,0.1707102562818613,0.900865861483919,94,408613418,"187.7,623.4;564.8,236.3;739.1,406.0;361.9,793.2",OK
images/perspective_0125.jpg,476.52949999974226,yolo,0.9777888236234841,12.849099999584723,classical,0.9170198868971644,15.063918113708496,perspective,0.0,MISMATCH,SN-V851-E,shipping,Unregistered Part,30.672890903521477,0.0,84.74438822472129,0.0,0.0,0.0,2.9518259181105586,0.1773236334920811,0.2329991195976706,1.0495583453832802,75,557883706,"196.8,559.0;774.5,216.4;935.2,487.2;357.4,829.8",UNKNOWN_SERIAL
images/perspective_0126.jpg,477.1645000000717,yolo,0.9800666838445706,12.405000000399014,classical,0.9888477267870022,1.342739224433899,perspective,0.0,PASS,PCB-V9203-S,pcb,Main Controller PCB,70.76902594778637,0.0,89.7015310427754,0.0,0.0,0.6,1.3695892905385665,0.0413661791894009,0.2436161532503166,0.8789192320287232,85,314759766,"288.7,771.3;468.1,256.8;708.8,340.7;529.3,855.2",OK
images/perspective_0127.jpg,478.4583000000566,yolo,0.9554232121609968,12.103099999876576,classical,0.9890652131964971,1.1099613904953003,perspective,0.0,PASS,LBL-59596-T,metal,Return Label Stock,80.47466373915682,0.0,21.35875420223188,0.0,0.0,0.6,2.1496970679262293,0.3446468320299672,0.0891898263317364,0.8914406417300482,77,345832643,"670.4,717.7;758.9,190.2;996.3,230.1;907.7,757.6",OK
images/perspective_0128.jpg,478.42639999998937,yolo,0.9776461641878653,12.139299999944342,classical,0.7817750187768281,37.230255126953125,perspective,0.0,PASS,PCB-20259-N,component,Main Controller PCB,77.27894287598825,0.0,178.78164096661675,0.0,0.0,0.6,3.643093008990525,0.0272616365033852,0.1291134026763421,1.0217673019130278,80,373294447,"541.6,781.8;676.6,183.8;945.7,244.6;810.7,842.6",OK
images/perspective_0129.jpg,477.74329999992915,yolo,0.9739152192229459,14.40679999996064,classical,0.9248779070782956,11.836276054382324,perspective,0.0,MISMATCH,BOX-E60245-YA,shipping,Unregistered Part,52.915932836803975,0.0,177.43357728246795,0.0,0.0,0.36,3.837016758681159,0.0108392838974636,0.058835612806832,0.8860256982053039,95,965790059,"238.6,607.2;580.5,154.8;792.5,315.1;450.6,767.5",UNKNOWN_SERIAL
images/perspective_0130.jpg,479.2981000000509,yolo,0.9699461061883536,12.364700000034645,classical,0.990350487834018,1.226078748703003,perspective,0.0,MISMATCH,PCB-90126-5N,pcb,Unregistered Part,72.36745508476515,0.0,169.38246062674085,0.0,0.0,0.6,2.293426664665928,0.0350265933403322,0.1958804502274898,0.991183077229496,95,1004542812,"554.8,762.0;741.0,176.4;1014.9,263.4;828.8,849.1",UNKNOWN_SERIAL
images/perspective_0131.jpg,479.6643999998196,yolo,0.9659487504277091,12.009000000034575,classical,0.9810944476000959,2.016216993331909,perspective,0.0,PASS,BOX-501204-VH,metal,Shipping Carton,17.134975474884925,0.0,31.47348192994514,0.0,0.0,0.0,3.12887962262389,0.4366286055478643,0.0691013927583394,1.0386077503320497,87,741890511,"301.3,334.4;896.8,150.8;979.4,418.8;383.9,602.4",OK
images/perspective_0132.jpg,480.24230000009993,yolo,0.9691944592095375,11.89520000025368,classical,0.8109104493514125,34.0122184753418,perspective,10.0,PASS,DRV-Z83390-H,component,Stepper Driver Board,18.41395380656016,10.0,162.2363939895503,0.0,0.0,0.0,1.3255791266236578,0.0978651466431271,0.0756218898494116,0.9677808931501518,93,475577982,"463.2,318.9;1003.4,133.5;1093.3,378.2;534.4,564.0",OK
images/perspective_0133.jpg,478.3761000007871,yolo,0.9658880690404436,11.832000000140397,classical,0.8983442768877179,21.256893157958984,perspective,10.0,MISMATCH,LBL-K0293-0,shipping,Unregistered Part,82.66084707404312,10.0,130.43211586159592,0.0,0.0,0.0,4.142631836310802,0.1579859664934217,0.1371725383306752,1.1398378701605874,90,1019067760,"366.1,815.8;440.7,105.4;790.7,142.4;690.5,869.5",UNKNOWN_SERIAL
images/perspective_0134.jpg,479.7483000002103,yolo,0.9700317987661773,12.16889999977866,classical,0.962023406670806,7.527437210083008,perspective,10.0,MISMATCH,PCB-I260-TB,pcb,Unregistered Part,34.821995175345286,10.0,39.19001489502576,0.0,0.0,0.6,3.795437978718733,0.0028679878936225,0.246147597648749,0.9474340213545612,78,89741824,"380.3,526.6;865.1,186.9;1019.3,419.1;540.0,739.8",UNKNOWN_SERIAL
images/perspective_0135.jpg,478.93869999916205,yolo,0.9875328940684017,11.962599999606027,classical,0.9642911859462693,6.480130195617676,perspective,10.0,MISMATCH,SN-0180-D,metal,Unregistered Part,26.000122580226087,10.0,177.44295655210104,0.0,0.0,0.0,2.795347856657662,0.2551880895073612,0.1702334652121713,1.0923201959808502,78,37798480,"383.2,553.2;961.2,270.2;1099.5,526.7;499.4,819.2",UNKNOWN_SERIAL
images/perspective_0136.jpg,478.3754999998564,yolo,0.9913402771978043,12.185000000499713,classical,0.7928492055110644,32.164974212646484,perspective,10.0,PASS,CMP-9838-G,component,Capacitor Bank Unit,10.24515056160032,10.0,23.77425813509161,0.0,0.0,0.6,3.633905956465309,0.0118459745400031,0.1974775368520135,0.962484355567973,82,280775866,"268.7,278.8;844.1,174.3;883.2,431.8;323.3,526.1",OK
images/perspective_0137.jpg,477.4711000000025,yolo,0.970871538971771,12.434899999789195,classical,0.9520500958805816,11.205466270446777,perspective,10.0,MISMATCH,CMP-Q86279-RB,shipping,Unregistered Part,61.14064211927836,10.0,58.50434609977636,0.0,0.0,0.36,3.3394879150077643,0.0308483960592346,0.1109850643712093,1.0058832258461077,87,549670441,"410.0,661.9;715.3,95.3;985.6,249.4;668.3,795.3",UNKNOWN_SERIAL
images/perspective_0138.jpg,478.48460000022897,yolo,0.9657519806917914,12.491099999351718,classical,0.9653757542383079,4.911301612854004,perspective,10.0,MISMATCH,CTL-96188-L0,pcb,Unregistered Part,35.21397832920693,10.0,110.3722897243533,0.0,0.0,0.6,2.5337607623021965,0.1494172140897583,0.0579006929336676,0.8764604126451454,89,110454212,"416.2,543.1;846.2,226.6;998.8,439.6;554.8,746.4",UNKNOWN_SERIAL
images/perspective_0139.jpg,479.29260000000795,yolo,0.9864280292384159,12.018100000204868,classical,0.9706050092815587,5.995057106018066,perspective,10.0,PASS,MTR-P83614-5,metal,BLDC Motor 24V,23.845625837408637,10.0,60.79779458705566,0.0,0.0,0.6,1.2634972591246334,0.3160114619376039,0.1229007437057627,0.9739247777642628,93,472522705,"451.0,415.5;982.2,175.7;1088.7,424.4;559.2,645.5",OK
images/perspective_0140.jpg,475.46000000056665,yolo,0.9708950542326095,11.891099999957078,classical,0.7881396417424015,32.86900329589844,perspective,10.0,MISMATCH,SEN-V6384-W,component,Unregistered Part,78.9838733670513,10.0,146.83549812487828,0.0,0.0,0.6,3.9662011966175137,0.0515395466380825,0.1062658179620208,0.9415461602955836,94,986923842,"503.8,739.3;601.5,192.6;854.3,235.8;744.5,795.2",UNKNOWN_SERIAL
images/perspective_0141.jpg,475.78969999995024,yolo,0.9865537805153232,11.968499999966298,classical,0.9364642898961028,12.56851577758789,perspective,10.0,MISMATCH,MTR-89836-R,shipping,Unregistered Part,47.159783212429545,10.0,89.92135436238897,0.0,0.0,0.6,2.36609400146799,0.0736279218704397,0.1207845435735367,1.0138705500769367,84,95519017,"263.0,564.7;689.2,87.0;921.6,302.5;477.4,763.5",UNKNOWN_SERIAL
images/perspective_0142.jpg,476.3488000007783,yolo,0.966828971658275,12.187199999971199,classical,0.9649226911965211,6.395871162414551,perspective,10.0,PASS,PSU-7372-J1,pcb,Power Supply 12V 5A,36.88386389336445,10.0,159.43694710339005,0.0,0.0,0.6,1.946699107571975,0.0325248688913906,0.08418458969288,1.0378066335605138,93,713464688,"164.5,472.6;665.2,87.9;854.0,322.8;330.4,714.4",OK
images/perspective_0143.jpg,477.3707000003924,yolo,0.9829028657788633,13.251200000013341,classical,0.9750340841727683,4.493734359741211,perspective,10.0,MISMATCH,DRV-07574-B,metal,Unregistered Part,82.86801414414573,10.0,15.746051021838213,0.0,0.0,0.0,3.4713422591111844,0.1837382256675061,0.0834251908305869,0.8550665004751035,90,911264984,"481.1,632.4;545.6,116.8;772.7,151.5;706.0,652.7",UNKNOWN_SERIAL
images/perspective_0144.jpg,477.65809999964404,yolo,0.9768638976949504,11.916799999198702,classical,0.8423146296147571,28.3873233795166,perspective,20.0,PASS,DRV-014068-CD,component,Stepper Driver Board,66.08601985723752,20.0,126.35240575881306,0.0,0.0,0.36,4.1660303060210016,0.178057821167167,0.1124974223767194,0.8930299506735525,91,329141447,"221.7,643.0;402.7,167.8;631.3,266.2;421.0,747.4",OK
images/perspective_0145.jpg,480.9936000001471,yolo,0.9815310787713032,11.822100000244973,classical,0.9379899672223383,8.35737133026123,perspective,20.0,PASS,BOX-69847-UW,shipping,Shipping Carton,18.69312405713974,20.0,29.809276558821903,0.0,0.0,0.6,1.85189771494341,0.0491746724881373,0.2052441543922321,0.9314192486033545,87,927466925,"358.5,557.7;934.1,369.0;1012.1,634.5;463.2,794.7",OK
images/perspective_0146.jpg,479.01660000025004,yolo,0.9352860797255323,12.152199999945879,classical,0.9863904704709529,6.793251037597656,perspective,20.0,PASS,SN-891927-W,pcb,Voltage Regulator Module,89.50546889280712,20.0,38.85189663315565,0.0,0.0,0.0,2.5183688621449467,0.0165082034899255,0.06693625045795,1.1003093219279243,86,622549207,"685.4,804.1;695.0,115.8;1018.9,131.2;978.6,779.4",OK
images/perspective_0147.jpg,481.0877999998411,yolo,0.980715528458518,11.813999999503721,classical,0.9498370302543284,7.720423221588135,perspective,20.0,PASS,CMP-2720-TZ,metal,Capacitor Bank Unit,51.79242210972965,20.0,165.73095326491108,0.0,0.0,0.6,3.569883446488796,0.3724522705769461,0.1378430696327803,0.8689327199722456,80,451008046,"494.7,623.8;799.1,220.0;982.8,350.0;655.5,772.4",OK
images/perspective_0148.jpg,480.01620000013645,yolo,0.9344307136952019,12.025099999846134,classical,0.7970188154886959,31.644268035888672,perspective,20.0,MISMATCH,PCB-W345-Q,component,Unregistered Part,8.172165404465234,20.0,167.21655225746986,0.0,0.0,0.0,1.4689523671574505,0.021370732567757,0.2424498539711836,0.931934777073709,93,59044393,"455.0,578.2;989.4,490.9;1037.4,727.3;469.0,812.7",UNKNOWN_SERIAL
images/perspective_0149.jpg,479.34470000018337,yolo,0.9196535104711508,12.283000000024913,classical,0.9137201962818146,16.130151748657227,perspective,20.0,PASS,CMP-70538-ES,shipping,Capacitor Bank Unit,86.14651746233113,20.0,60.52539877109423,0.0,0.0,0.36,1.5811277219271906,0.0325851448631605,0.079886622154426,0.9382321823487298,90,1064867996,"540.7,747.4;577.5,163.7;872.7,186.9;802.2,749.6",OK
images/perspective_0150.jpg,478.9555000006658,yolo,0.9696531901278385,11.999099999229657,classical,0.9635755873628445,5.187707901000977,perspective,20.0,PASS,PCB-9272-KG,pcb,Main Controller PCB,3.1114226111094245,20.0,154.7891916589188,0.0,0.0,0.6,2.608645281885209,0.0390889977917854,0.1894847115936843,0.895134832925845,85,917404292,"529.9,399.9;1062.3,351.6;1086.5,604.6;522.2,641.0",OK
images/perspective_0151.jpg,480.758099999548,yolo,0.9739717777711234,11.834500000077242,classical,0.9452669203226123,10.094306945800781,perspective,20.0,PASS,SN-473905-6,metal,Voltage Regulator Module,51.54359853798477,20.0,149.06104074991734,0.0,0.0,0.0,2.143689152683878,0.2924409793583362,0.0655291859698589,0.973240988774658,84,774838438,"473.2,541.3;802.9,87.7;1012.9,242.0;649.9,709.1",OK
images/perspective_0152.jpg,480.8708000000479,yolo,0.9733356706113818,12.157500000284927,classical,0.8626424260586409,30.423919677734375,perspective,20.0,PASS,DRV-1524-TS,component,Stepper Driver Board,48.89897309637502,20.0,162.9030529497004,0.0,0.0,0.0,2.052952107692569,0.1136625488721992,0.0555922455465217,0.9470356012476492,91,1618658,"279.1,533.2;629.6,110.2;824.0,262.4;444.4,704.6",OK
images/perspective_0153.jpg,480.46900000008463,yolo,0.9455063136723403,12.331600000834442,classical,0.858961556994021,22.188621520996094,perspective,20.0,MISMATCH,CMP-L426-6,shipping,Unregistered Part,1.3859370077716435,20.0,165.42695088709667,0.0,0.0,0.0,2.734601831337947,0.1491890863755967,0.1718202506476903,0.976280544097294,94,133722473,"351.0,378.3;952.4,350.0;977.3,631.2;332.6,650.6",UNKNOWN_SERIAL
images/perspective_0154.jpg,481.8946000004871,yolo,0.961539064459114,12.585700000272482,classical,0.9728094840948895,5.510405540466309,perspective,20.0,MISMATCH,MTR-J93013-MY,pcb,Unregistered Part,67.13562863701316,20.0,102.87921513796972,0.0,0.0,0.0,3.054754141690984,0.0089416059877199,0.2014835328893087,0.9553289963842936,80,352715532,"242.3,612.3;433.9,88.4;708.1,202.9;477.4,719.1",UNKNOWN_SERIAL
images/perspective_0155.jpg,482.0482000004631,yolo,0.9863324264627709,12.348399999609683,classical,0.9210830865591249,13.159178733825684,perspective,20.0,PASS,SN-F3985-P,metal,Voltage Regulator Module,16.1030724636753,20.0,142.19585890911253,0.0,0.0,0.0,1.3987966943551615,0.3611292782377639,0.1066884317782207,1.1143383415245234,82,1042968257,"438.0,397.0;1040.9,188.9;1136.7,478.2;490.1,669.7",OK
images/perspective_0156.jpg,481.05870000017603,yolo,0.9794237423608031,11.472399999547633,classical,0.7369400125357195,39.27546691894531,perspective,30.0,PASS,PCB-5862-0,component,Main Controller PCB,85.14112827157928,30.0,58.76454666927715,0.0,0.0,0.6,3.1278513278612694,0.1537486503944446,0.1632412274463087,0.9752718445462234,78,303128959,"233.1,699.0;291.0,157.9;568.1,179.8;468.2,693.7",OK
images/perspective_0157.jpg,478.3220999997866,yolo,0.9830622778039404,11.978500000623171,classical,0.9604718461726484,7.985036849975586,perspective,30.0,PASS,DRV-80706-A8,shipping,Stepper Driver Board,33.236636838948655,30.0,131.8854663382044,0.0,0.0,0.0,1.996563168634452,0.0480754503398089,0.1166647949549856,1.0004347705361094,94,759737226,"416.3,601.0;864.5,230.9;1035.7,485.8;529.2,839.9",OK
images/perspective_0158.jpg,479.1106000002401,yolo,0.9663981800989787,11.84830000056536,classical,0.9550124972185868,5.373509407043457,perspective,30.0,MISMATCH,PSU-598297-3,pcb,Power Supply 12V 5A,6.827720623299044,30.0,139.05438481489892,0.0,0.0,0.0,3.623406439430272,0.0326274707613938,0.2010250781893575,0.946944032567085,83,905203913,"418.6,361.5;945.5,244.0;981.7,512.7;412.2,602.8",FAULTY_LOT
images/perspective_0159.jpg,479.5173000002251,yolo,0.9778990762370325,12.322900000071968,classical,0.9704883445755496,7.6206159591674805,perspective,30.0,PASS,SN-473905-6,metal,Voltage Regulator Module,52.70936320029328,30.0,4.132543011262406,0.0,0.0,0.36,1.286905329935178,0.2449400875819306,0.1297883809825553,1.0875913181044303,90,615533959,"412.7,693.8;833.0,149.0;1018.2,330.1;636.4,818.4",OK
images/perspective_0160.jpg,479.229800000212,yolo,0.9781268902661473,12.089899999409681,classical,0.7714327408345042,39.11513900756836,perspective,30.0,MISMATCH,PSU-666249-7,component,Unregistered Part,70.41362032281523,30.0,121.24754711926468,0.0,0.0,0.0,1.865260002612936,0.0828387613684137,0.1483716849592558,0.9657641102250444,89,867962034,"678.0,716.6;798.8,212.4;1057.2,306.3;888.0,817.8",UNKNOWN_SERIAL
images/perspective_0161.jpg,478.56680000040797,yolo,0.9716631404668093,12.549699999908626,classical,0.9663397915544023,4.524108409881592,perspective,30.0,PASS,MTR-0511-N8,shipping,BLDC Motor 24V,6.078440782942836,30.0,77.58510029852806,0.0,0.0,0.36,2.8128154548499165,0.1546290059782741,0.1982265931302249,0.872514819025187,83,495046610,"320.2,404.6;812.4,342.1;845.1,628.3;356.0,639.4",OK
images/perspective_0162.jpg,480.0950000008015,yolo,0.9883625379489619,12.024499999824911,classical,0.9688324887750481,6.710048675537109,perspective,30.0,PASS,CMP-2720-TZ,pcb,Capacitor Bank Unit,73.83253360169032,30.0,48.6890314066009,0.0,0.0,0.6,1.9585823322657647,0.0565239506675373,0.1729120889821465,0.8814121141471467,82,775723114,"655.2,659.4;818.8,162.7;1067.4,234.2;879.8,694.2",OK
images/perspective_0163.jpg,479.15589999956865,yolo,0.9654275547140784,12.021399999866844,classical,0.984219913672551,6.353116035461426,perspective,30.0,PASS,CTL-M9607-62,metal,Motor Controller,82.70133476433533,30.0,95.66459760322044,0.0,0.0,0.0,2.4094715681925005,0.3988346261824748,0.1522320792980518,0.9646870876213872,86,312252416,"455.8,633.7;485.9,128.1;773.3,165.8;689.2,668.7",OK
images/perspective_0164.jpg,475.5309000001944,yolo,0.9450105815428987,11.887300000125833,classical,0.7015194134961364,42.430992126464844,perspective,30.0,PASS,BOX-69847-UW,component,Shipping Carton,1.1450036368794048,30.0,161.36042556506035,0.0,0.0,0.6,3.291949993100865,0.0306956329643271,0.1092134342755299,1.148043509528586,79,576307167,"279.9,340.0;925.9,290.8;957.2,573.3;240.0,605.2",OK
images/perspective_0165.jpg,477.0680000001448,yolo,0.9778272440365795,11.88799999999901,classical,0.877269933235524,22.50948715209961,perspective,30.0,PASS,CMP-9838-G,shipping,Capacitor Bank Unit,41.9271257422196,30.0,160.3309101801351,0.0,0.0,0.36,3.2072672363577333,0.0039795610722524,0.2143771656647725,1.052381897793431,80,953475176,"287.2,656.6;731.9,207.0;943.3,405.9;433.4,887.5",OK
images/perspective_0166.jpg,477.3244000007253,yolo,0.9712653433074677,12.155999999777123,classical,0.9644771247922769,5.527651786804199,perspective,30.0,PASS,SN-F3985-P,pcb,Voltage Regulator Module,10.805512026668506,30.0,139.1896073520158,0.0,0.0,0.6,2.6589604000475924,0.102880148168521,0.1523326385820805,1.1386006505845605,93,984395091,"448.8,524.5;1067.4,337.0;1140.6,659.5;457.2,812.0",OK
images/perspective_0167.jpg,477.55959999994957,yolo,0.992323996561352,12.435200000254554,classical,0.9700868400480469,6.032104969024658,perspective,30.0,PASS,SN-891927-W,metal,Voltage Regulator Module,68.60734079954898,30.0,64.69900931167385,0.0,0.0,0.36,3.142791365347606,0.3034003933420238,0.1480532874746176,1.074414892581308,75,410084543,"446.4,643.9;665.5,93.8;959.3,207.9;694.5,715.3",OK
images/perspective_0168.jpg,477.7496999995492,yolo,0.9601699095957461,12.112299999898823,classical,0.7685963743890808,39.02169418334961,perspective,40.0,PASS,CTL-M9607-62,component,Motor Controller,35.25994479909214,40.0,33.83008817235476,0.0,0.0,0.6,3.866895359707646,0.0973257894688639,0.1476623550934167,1.0006686464076309,90,402160254,"455.2,555.1;964.3,255.8;1102.5,454.7;621.1,699.6",OK
images/perspective_0169.jpg,479.886300000544,yolo,0.9763946475974687,13.003299999581941,classical,0.8341071564536549,29.80556869506836,perspective,40.0,PASS,DRV-80706-A8,shipping,Stepper Driver Board,57.00424674943684,40.0,35.86843336590171,0.0,0.0,0.6,3.8377390291987137,0.0814943320070877,0.0635046355264166,1.1194043143047236,91,90353214,"291.4,625.1;721.5,62.4;976.4,238.9;550.3,711.5",OK
images/perspective_0170.jpg,479.2905999993309,yolo,0.9536172170309951,12.50869999967108,classical,0.9563167978227178,7.387226104736328,perspective,40.0,PASS,CMP-9838-G,pcb,Capacitor Bank Unit,41.0678167690939,40.0,138.05018707215277,0.0,0.0,0.0,1.239223888624646,0.150027152633719,0.1385931807322106,0.8663903695445417,94,67249230,"419.5,501.3;720.5,136.9;869.8,319.5;520.3,685.0",OK
images/perspective_0171.jpg,479.95629999968514,yolo,0.974635644722667,12.2231000004831,classical,0.9186710845786913,13.260998725891113,perspective,40.0,PASS,BOX-501204-VH,metal,Shipping Carton,52.8121115108294,40.0,63.47609300541251,0.0,0.0,0.6,2.625726655464146,0.4730115066388594,0.143386866907298,1.0581733814672192,85,63007759,"304.1,561.5;648.0,147.6;902.5,327.2;518.7,679.8",OK
images/perspective_0172.jpg,477.79459999946994,yolo,0.9378458031744007,11.832500000309665,classical,0.7671414550151194,32.232173919677734,perspective,40.0,MISMATCH,PSU-F92751-8,component,Unregistered Part,10.673832887327364,40.0,154.74860356365485,0.0,0.0,0.36,3.8165857742814815,0.0223116110068723,0.1128698583955492,0.9134802661527426,83,447170844,"556.5,470.0;1038.8,321.2;1083.8,524.9;547.4,667.1",UNKNOWN_SERIAL
images/perspective_0173.jpg,479.10740000043006,yolo,0.9608094273272038,11.937100000068313,classical,0.9708023467737501,6.645907878875732,perspective,40.0,PASS,SN-6949-8R,shipping,Voltage Regulator Module,42.07049747993224,40.0,55.23440163585173,0.0,0.0,0.6,2.559037850553204,0.138980802925411,0.1309174515017247,0.9948936799369332,84,296813166,"467.1,570.3;909.7,221.1;1125.3,444.8;667.9,724.1",OK
images/perspective_0174.jpg,477.96070000003965,yolo,0.9587523412178607,12.211499999466469,classical,0.9561018757322204,9.44744873046875,perspective,40.0,MISMATCH,BOX-99884-I,pcb,Unregistered Part,51.42262242836251,40.0,148.3474915260373,0.0,0.0,0.36,3.385020747356233,0.155617602638437,0.1003669155754679,0.9387319070610494,75,893013976,"493.6,596.5;761.9,144.0;951.5,291.4;628.9,771.0",UNKNOWN_SERIAL
images/perspective_0175.jpg,480.27689999980794,yolo,0.9440836958862879,12.212099999487691,classical,0.9804048795283032,6.006378173828125,perspective,40.0,PASS,PCB-5851-LN,metal,Main Controller PCB,79.30254162225545,40.0,103.76007703522453,0.0,0.0,0.0,1.6794654766276629,0.4669601822640225,0.2160015912683061,0.9090574935155789,81,444002927,"751.4,721.7;773.1,291.1;1042.2,349.8;960.9,778.0",OK
images/perspective_0176.jpg,481.2483000005159,yolo,0.9558000011270349,11.659199999485281,classical,0.6633079346194667,33.296730041503906,perspective,40.0,MISMATCH,CMP-039712-A,component,Capacitor Bank Unit,84.82986746959538,40.0,140.84604530579517,0.0,0.0,0.36,3.112314227744127,0.0508407822024309,0.209483199528712,0.8719803380551928,84,820892643,"702.3,685.5;672.0,221.2;887.0,246.6;888.2,744.8",FAULTY_LOT
images/perspective_0177.jpg,481.1707999997452,yolo,0.9612515210746898,12.338700000327663,classical,0.8828528145293604,17.35033416748047,perspective,40.0,PASS,CTL-33542-X0,shipping,Motor Controller,26.8275280830236,40.0,129.72632205265754,0.0,0.0,0.0,3.1514024214008787,0.065421865617845,0.2454599814656953,0.8571341100476055,79,306517399,"323.6,464.9;698.9,182.8;804.2,415.3;383.0,675.0",OK
images/perspective_0178.jpg,482.42909999953554,yolo,0.9604206875055685,13.246999999864784,classical,0.9485180000284773,8.318117141723633,perspective,40.0,PASS,PSU-7372-J1,pcb,Power Supply 12V 5A,21.17725008925607,40.0,61.08320726014652,0.0,0.0,0.6,1.4080865370810998,0.1628625295124025,0.0859835347437531,1.1449664458613598,94,127395894,"326.4,335.3;907.4,137.3;1047.2,472.7;468.6,577.2",OK
images/perspective_0179.jpg,483.9481999997588,yolo,0.9672098303116123,12.240500000189058,classical,0.9437303434408267,7.3827362060546875,perspective,40.0,MISMATCH,PCB-L183-PL,metal,Unregistered Part,74.1276757019985,40.0,12.289615245027436,0.0,0.0,0.0,1.4799621367195064,0.4735373377308816,0.0602006018424644,0.8608402649755389,95,701573937,"269.6,620.6;437.7,107.8;610.5,174.1;450.6,634.1",UNKNOWN_SERIAL
images/perspective_0180.jpg,483.23009999967326,yolo,0.9446040986951296,12.26090000000113,classical,0.7397268027688423,38.99370574951172,perspective,50.0,PASS,MTR-P83614-5,component,BLDC Motor 24V,20.781108396764115,50.0,94.0638174756155,0.0,0.0,0.0,2.5484690435068265,0.0369954472225436,0.1904018017195907,1.0064758417076107,83,365139424,"635.2,534.9;986.6,336.2;1096.9,641.6;710.9,755.3",OK
images/perspective_0181.jpg,481.74050000034185,yolo,0.9686399129186474,12.207700000544719,classical,0.8567101030306241,20.984508514404297,perspective,50.0,MISMATCH,MTR-05128-A,shipping,Unregistered Part,33.26983652453142,50.0,145.7932928160821,0.0,0.0,0.0,4.1765595124770325,0.020583168594384,0.1887216753135707,0.8881520430956509,94,501193505,"633.3,453.7;978.7,100.9;1086.5,287.1;682.2,649.5",UNKNOWN_SERIAL
images/perspective_0182.jpg,483.46890000084386,yolo,0.9591040939504859,12.33349999984057,classical,0.9655494205817432,5.236033916473389,perspective,50.0,PASS,DRV-80706-A8,pcb,Stepper Driver Board,54.09693379995243,50.0,62.992339986239045,0.0,0.0,0.0,2.878071249317755,0.0510093276923288,0.2088163722507431,0.9424352452038404,83,686214690,"474.2,563.1;770.7,238.6;1022.7,388.0;682.3,657.6",OK
images/perspective_0183.jpg,483.0502000004344,yolo,0.9660760264747071,12.660299999879499,classical,0.9519043856090326,12.2110595703125,perspective,50.0,PASS,DRV-I457-AJ,metal,Stepper Driver Board,85.14657091545268,50.0,107.3995795957473,0.0,0.0,0.36,3.3885606469205567,0.2370662403162082,0.1741517672461476,1.1063120525311811,94,186292586,"717.9,604.6;639.7,141.1;984.3,191.3;961.9,659.4",OK
images/perspective_0184.jpg,485.56549999921117,yolo,0.9507076437014751,12.136699999246048,classical,0.7957256933852063,33.60982131958008,perspective,50.0,PASS,PSU-R677-HG,component,Power Supply 12V 5A,22.16747544922053,50.0,2.0006967919963548,0.0,0.0,0.6,3.423653894523197,0.034312712284011,0.068242424178502,0.9829525974653036,92,782380036,"204.8,530.2;796.0,296.6;823.7,471.1;311.8,671.4",OK
images/perspective_0185.jpg,486.12560000037774,yolo,0.9744665037565291,12.473899999349669,classical,0.862001466702954,22.71462631225586,perspective,50.0,MISMATCH,PSU-470716-1,shipping,Unregistered Part,84.4069677141154,50.0,100.34999389687724,0.0,0.0,0.6,3.782916758838711,0.0261673754564471,0.1311973335058003,1.024367969050913,82,396538962,"454.3,662.2;401.9,215.7;766.8,265.6;709.7,708.4",UNKNOWN_SERIAL
images/perspective_0186.jpg,485.4406000004019,yolo,0.9710062480046346,11.885199999596807,classical,0.9607457937574133,6.309399127960205,perspective,50.0,PASS,PSU-R992-M,pcb,Power Supply 12V 5A,51.219890522328825,50.0,90.12858376986328,0.0,0.0,0.0,2.178037603745744,0.1309235099918148,0.1408276066716129,0.9076579318044912,90,824817573,"591.6,530.0;790.9,214.9;1033.3,409.9;769.2,673.0",OK
images/perspective_0187.jpg,484.51139999997395,yolo,0.9505855133098448,11.604700000134471,classical,0.9454032037012148,11.120723724365234,perspective,50.0,PASS,CMP-8341-N,metal,Capacitor Bank Unit,20.384250342165213,50.0,53.06918572732814,0.0,0.0,0.0,2.601293953349744,0.4260854938873794,0.1342090029623953,0.897678874791226,85,24104023,"345.0,411.0;776.4,325.7;882.6,537.1;459.2,573.5",OK
images/perspective_0188.jpg,484.58990000017366,yolo,0.9722762935095686,12.28850000006787,classical,0.7670817536339543,36.8455696105957,perspective,50.0,PASS,CTL-54171-EP,component,Motor Controller,30.20357985463592,50.0,24.517417030457032,0.0,0.0,0.0,1.3375353252133635,0.0729534943106692,0.1479590537497128,1.055708729505072,83,220034942,"261.6,563.6;853.2,306.8;952.5,492.6;421.9,694.1",OK
images/perspective_0189.jpg,485.117000000173,yolo,0.9537954833128802,11.755399999856309,classical,0.8675950627185809,19.43871307373047,perspective,50.0,PASS,DRV-014068-CD,shipping,Stepper Driver Board,59.49040015786915,50.0,142.83930483884757,0.0,0.0,0.6,3.884388892556592,0.0609238330063342,0.248297285506431,0.9841370330917448,87,331012188,"432.0,597.9;591.5,83.2;798.1,219.8;577.6,770.8",OK
images/perspective_0190.jpg,482.0031999997809,yolo,0.9757030601255433,11.849700000311714,classical,0.9562314155952906,5.974673271179199,perspective,50.0,PASS,LBL-8609-XW,pcb,Return Label Stock,17.492361714970592,50.0,103.71819927347552,0.0,0.0,0.0,2.2906485146751816,0.0914950254060916,0.1549735872971577,1.0118446479290295,86,470837245,"582.1,509.2;955.9,287.1;1042.5,620.3;631.1,753.0",OK
images/perspective_0191.jpg,482.2921999993923,yolo,0.936997442551815,12.165899999672547,classical,0.8001808385585086,24.760461807250977,perspective,50.0,PASS,CTL-169170-F,metal,Motor Controller,7.735195386000633,50.0,40.28214447992377,0.0,0.0,0.0,2.98847099248298,0.3140630415282931,0.2442290692694488,1.030850428556647,76,735838360,"260.9,531.6;828.0,545.1;876.8,781.3;357.0,724.9",OK
images/curvature_0192.jpg,479.8502000003282,yolo,0.9767242482596751,12.417400000231282,classical,0.7978522706520168,42.099609375,curvature,0.0,PASS,PSU-7372-J1,component,Power Supply 12V 5A,24.1346836346023,0.0,54.78966312804294,0.0,0.0,0.0,2.3663484211356667,0.0680984583394409,0.1289539018207531,1.1412885301966424,90,964288651,"372.3,505.7;997.2,225.7;1123.2,506.9;498.3,786.9",OK
images/curvature_0193.jpg,479.8459000003277,yolo,0.9647605075999532,12.41180000033637,classical,0.9257896898620431,13.093279838562012,curvature,0.0,PASS,SN-6949-8R,shipping,Voltage Regulator Module,38.879120374536406,0.0,81.76408907306354,0.0,0.0,0.6,1.9218882031570412,0.1198361994256519,0.1508520894957276,0.9898658828500568,78,134154874,"268.1,639.6;761.3,242.0;947.7,473.1;454.5,870.8",OK
images/curvature_0194.jpg,479.17449999931705,yolo,0.9736698242483389,12.989899999411136,classical,0.9905472648421585,1.1460590362548828,curvature,0.0,MISMATCH,LBL-3747-G,pcb,Unregistered Part,25.39177435880731,0.0,59.280173319867565,0.0,0.0,0.0,3.21746570053798,0.0601515094042138,0.2374783537369263,0.9333669724341208,89,1022478850,"246.6,439.3;769.4,191.1;885.5,435.7;362.7,683.8",UNKNOWN_SERIAL
images/curvature_0195.jpg,479.8780999999508,yolo,0.9772358034402788,12.540400000034424,classical,0.9872085913604162,1.4157670736312866,curvature,0.0,PASS,PCB-5862-0,metal,Main Controller PCB,61.727054599904776,0.0,120.41457973457972,0.0,0.0,0.6,3.0984526139746458,0.3801786427741636,0.1066325213953626,0.9766179411581344,82,406125025,"585.5,714.8;863.1,198.7;1095.3,323.6;817.8,839.7",OK
images/curvature_0196.jpg,477.16290000062145,yolo,0.9811845739884902,12.342399999397458,classical,0.7915530352127388,34.71337890625,curvature,0.0,MISMATCH,LBL-50882-R,component,Unregistered Part,19.520375030060507,0.0,20.158041768143807,0.0,0.0,0.0,1.7514827125515735,0.0013591553276837,0.1137842406491324,0.9429663648666222,95,221698719,"495.8,376.2;1029.1,187.2;1114.1,427.2;580.9,616.2",UNKNOWN_SERIAL
images/curvature_0197.jpg,479.4662000003882,yolo,0.9368490304755633,11.633500000243657,classical,0.9878975500444014,1.2611854076385498,curvature,0.0,PASS,SN-6949-8R,shipping,Voltage Regulator Module,88.74347212491006,0.0,119.20404490902368,0.0,0.0,0.6,2.6438230772641247,0.1360886312404625,0.1504051040224176,1.0583541101609812,83,180712385,"390.6,766.4;405.5,89.2;722.9,96.2;708.0,773.4",OK
images/curvature_0198.jpg,477.8796999999031,yolo,0.9866451373743776,12.911499999972875,classical,0.9905351816792325,1.0637251138687134,curvature,0.0,PASS,SEN-301827-TB,pcb,Temperature Sensor Pack,56.60319282889328,0.0,67.30660112922494,0.0,0.0,0.36,3.468866467773562,0.0336797192653833,0.0679607909909028,1.055588294921061,90,921275612,"223.2,660.9;583.4,114.5;839.0,283.0;478.8,829.4",OK
images/curvature_0199.jpg,479.70530000020517,yolo,0.946791019900154,11.792000000241387,classical,0.9814238610008912,1.7395449876785278,curvature,0.0,PASS,CMP-8341-N,metal,Capacitor Bank Unit,5.322547846275968,0.0,15.322695859572482,0.0,0.0,0.6,2.1300558362730464,0.3045892766925572,0.0757482360727294,0.8655273928010411,76,377237105,"412.1,561.8;929.2,513.6;950.8,746.3;433.8,794.5",OK
images/curvature_0200.jpg,479.42220000004454,yolo,0.9674300352539303,14.593699999750243,classical,0.8131073542330163,35.140567779541016,curvature,0.0,PASS,CMP-179198-P,component,Capacitor Bank Unit,43.31680056846567,0.0,76.83501221209316,0.0,0.0,0.6,2.5282792254595297,0.0804127076132309,0.0916477358616539,0.9676407618099164,88,811215889,"266.4,544.5;688.8,146.2;868.0,336.2;445.6,734.5",OK
images/curvature_0201.jpg,479.59520000040357,yolo,0.950586208219857,12.395700000524812,classical,0.9150546593235541,13.624918937683105,curvature,0.0,PASS,PSU-R992-M,shipping,Power Supply 12V 5A,89.38720839901154,0.0,121.22406892635748,0.0,0.0,0.0,3.4911297797442664,0.0982939221126273,0.1358531523828001,1.0201498482646756,78,67049059,"282.4,775.6;289.4,122.7;595.4,126.0;588.4,778.8",OK
images/curvature_0202.jpg,479.2453000000023,yolo,0.9825346218696763,12.036600000101316,classical,0.9867923455766446,1.3239930868148804,curvature,0.0,MISMATCH,SN-724458-ZZ,pcb,Voltage Regulator Module,14.470830874543609,0.0,67.55493684801236,0.0,0.0,0.6,1.832647986938344,0.1701100086049867,0.163207439617134,0.936833958948168,89,652647145,"333.7,439.3;896.1,294.1;964.0,557.2;401.5,702.4",FAULTY_LOT
images/curvature_0203.jpg,478.47860000001674,yolo,0.9607137199332964,12.001000000054773,classical,0.9912054155808525,1.3059914112091064,curvature,0.0,PASS,CMP-2720-TZ,metal,Capacitor Bank Unit,83.88623751211676,0.0,152.58380691386435,0.0,0.0,0.0,3.072805752094556,0.2142090456842852,0.100736444363372,0.9432263627159272,92,64677748,"531.2,737.1;591.5,174.4;844.7,201.5;784.4,764.2",OK
images/curvature_0204.jpg,479.76959999959945,yolo,0.962530767289628,11.979100000644394,classical,0.82145344889223,35.425559997558594,curvature,0.05,PASS,DRV-95485-DG,component,Stepper Driver Board,44.590969152783046,0.0,139.98994663460286,0.05,0.0,0.36,1.6816344919349613,0.1745513110342947,0.238457556603141,0.9147577224616088,84,541268959,"327.6,560.4;718.4,175.1;891.8,351.0;501.0,736.3",OK
images/curvature_0205.jpg,478.8361000000805,yolo,0.9742640544941293,12.624500000129046,classical,0.9391257727548468,16.963491439819336,curvature,0.05,PASS,DRV-014068-CD,shipping,Stepper Driver Board,38.06409603550785,0.0,96.28756317026308,0.05,0.0,0.0,2.249840349713764,0.0084222791049133,0.1638211524840321,1.1314270710457084,88,462757740,"278.6,580.6;848.7,134.1;1058.0,401.3;487.9,847.8",OK
images/curvature_0206.jpg,479.72959999970044,yolo,0.9574882446986067,12.980700000298384,classical,0.9495501066814527,12.640947341918945,curvature,0.05,PASS,CMP-J900-CD,pcb,Capacitor Bank Unit,65.21921456714622,0.0,147.95018267286673,0.05,0.0,0.0,2.9830251949180924,0.0085509661962374,0.1078653059469802,1.1421862499618851,89,1032482228,"522.5,716.8;819.3,73.8;1120.1,212.7;823.3,855.6",OK
images/curvature_0207.jpg,479.2045000003782,yolo,0.8855841967614886,12.045499999658205,classical,0.9332046823126436,8.854660987854004,curvature,0.05,PASS,SN-473905-6,metal,Voltage Regulator Module,86.7438789833312,0.0,118.876245351302,0.05,0.0,0.6,4.075451306182383,0.3572834884512411,0.1886409727244213,0.900528170813697,87,387266785,"363.3,844.2;394.0,304.7;636.7,318.5;606.0,858.0",OK
images/curvature_0208.jpg,480.88989999996556,yolo,0.976372620259028,13.023900000007416,classical,0.8121265289394716,43.09918212890625,curvature,0.05,PASS,CMP-179198-P,component,Capacitor Bank Unit,26.77029356679884,0.0,131.11933372249953,0.05,0.0,0.6,1.5444048388699,0.0048862223428195,0.2066066900569267,1.1170860845713018,92,566090886,"404.1,484.4;1002.5,182.5;1138.4,451.8;540.0,753.7",OK
images/curvature_0209.jpg,480.54709999996703,yolo,0.9393128373145906,12.249499999597901,classical,0.9000458244222564,18.865751266479492,curvature,0.05,PASS,SN-F3985-P,shipping,Voltage Regulator Module,2.282634724682855,0.0,61.66498160901557,0.05,0.0,0.36,1.594277607207304,0.0229748383458052,0.1889706690943075,1.1446493364407209,80,551878434,"258.0,415.1;990.0,385.9;1003.7,729.0;271.7,758.2",OK
images/curvature_0210.jpg,480.9030000005805,yolo,0.9615050771119198,11.851399999613932,classical,0.9450667291238569,10.578145027160645,curvature,0.05,PASS,PSU-R677-HG,pcb,Power Supply 12V 5A,73.11676926812999,0.0,99.69369930034416,0.05,0.0,0.6,2.1821331668878265,0.0078723039387995,0.1345356610634298,0.9360296239130564,81,335139548,"453.8,705.0;622.4,149.7;882.1,228.5;713.6,783.9",OK
images/curvature_0211.jpg,483.57709999982035,yolo,0.9284480868812952,12.136899999859452,classical,0.9489235117907711,10.378179550170898,curvature,0.05,PASS,SN-408210-Q,metal,Voltage Regulator Module,67.62752744253353,0.0,160.12594445116514,0.05,0.0,0.0,3.89409025187401,0.4158036413911345,0.1699102947461815,1.0044139391068594,87,935138310,"554.1,772.9;783.5,215.6;1034.2,318.9;804.9,876.1",OK
images/curvature_0212.jpg,477.4123999995936,yolo,0.9717098969328246,12.032700000418117,classical,0.8234746640513889,42.047367095947266,curvature,0.05,PASS,MTR-0511-N8,component,BLDC Motor 24V,46.18838921580045,0.0,51.20823223982909,0.05,0.0,0.36,3.9376445311883135,0.0100730148140359,0.1512948410403617,1.0945938658393517,85,786675757,"428.6,580.4;883.3,106.4;1096.6,311.0;641.9,785.0",OK
images/curvature_0213.jpg,479.8078000003443,yolo,0.9754681306166104,12.753900000461726,classical,0.9263605881362843,13.606181144714355,curvature,0.05,MISMATCH,SN-86897-QS,shipping,Unregistered Part,17.962581530331846,0.0,24.206588979014583,0.05,0.0,0.0,2.6529429124881205,0.0132898762993811,0.0572372789564974,0.879980172315657,91,67873350,"220.4,301.1;756.2,127.5;837.6,378.6;301.9,552.3",UNKNOWN_SERIAL
images/curvature_0214.jpg,482.08580000027723,yolo,0.9612228062482585,11.94130000021687,classical,0.9441387502861615,12.153154373168945,curvature,0.05,PASS,CTL-M9607-62,pcb,Motor Controller,11.378320829804442,0.0,89.87927254047443,0.05,0.0,0.6,1.8158612309357676,0.0481891196745213,0.1249395233275181,1.1124576007812004,90,507063446,"268.1,360.6;944.2,224.5;1007.9,540.8;331.7,676.8",OK
images/curvature_0215.jpg,482.5023000003057,yolo,0.9649179625144819,11.944500000026892,classical,0.9391193672664863,9.424622535705566,curvature,0.05,PASS,CMP-R6567-4Z,metal,Capacitor Bank Unit,77.06744681664952,0.0,48.13777732299512,0.05,0.0,0.6,1.6794291678177748,0.4577012671223457,0.2165926510789573,0.8609298624598165,80,533591381,"330.8,678.3;446.4,174.9;673.0,226.9;557.4,730.3",OK
images/curvature_0216.jpg,479.90329999993264,yolo,0.9566707495674628,11.99689999975817,classical,0.9108031934745398,22.087671279907227,curvature,0.1,MISMATCH,PCB-52781-3A,component,Unregistered Part,38.53990905251015,0.0,69.03293327249118,0.1,0.0,0.0,4.154147638925842,0.1710304216503587,0.0665152165041067,1.05853300775419,76,316566657,"421.0,495.6;917.8,99.9;1095.8,323.5;599.1,719.2",UNKNOWN_SERIAL
images/curvature_0217.jpg,477.48669999964477,yolo,0.9546043479611844,13.072099999590137,classical,0.9015518159559072,26.722156524658203,curvature,0.1,PASS,CMP-2720-TZ,shipping,Capacitor Bank Unit,29.76698799899171,0.0,98.49217834864984,0.1,0.0,0.36,2.177795965779499,0.1139203379979629,0.2333687433072377,1.0617887597200668,82,45622245,"273.8,474.7;863.7,137.4;1021.9,413.9;432.0,751.3",OK
images/curvature_0218.jpg,476.81920000013633,yolo,0.9409220096993509,13.139500000761473,classical,0.9062905243986547,19.520286560058594,curvature,0.1,MISMATCH,PSU-598297-3,pcb,Power Supply 12V 5A,38.29112292817052,0.0,172.66619533718386,0.1,0.0,0.0,3.5576022918784465,0.0655176322182285,0.10026302547634,0.8691911096752889,88,288637765,"362.3,623.6;785.2,289.6;941.4,487.5;518.4,821.4",FAULTY_LOT
images/curvature_0219.jpg,479.64719999981753,yolo,0.9404573196234312,11.740900000404508,classical,0.8959603181359146,21.71378517150879,curvature,0.1,MISMATCH,SN-9493-U,metal,Voltage Regulator Module,15.5752592084372,0.0,152.92332765957977,0.1,0.0,0.0,1.8071845441766388,0.3955048526615727,0.0744037006364547,1.0476419394395542,87,444779907,"248.1,466.6;853.6,297.8;929.5,570.3;324.0,739.1",FAULTY_LOT
images/curvature_0220.jpg,476.724699999977,yolo,0.9776344722267325,11.87000000027183,classical,0.7649308816916853,47.751258850097656,curvature,0.1,MISMATCH,MTR-Y56437-H,component,Unregistered Part,16.684122605730465,0.0,134.45522405014415,0.1,0.0,0.36,2.9370826707525666,0.1737616459167208,0.0717580184896409,1.0207015558202457,80,610395018,"436.6,487.5;1023.2,311.7;1102.4,575.7;515.7,751.5",UNKNOWN_SERIAL
images/curvature_0221.jpg,477.4425000005067,yolo,0.9322056972399538,13.227800000095158,classical,0.835222486927853,27.026561737060547,curvature,0.1,PASS,CTL-54171-EP,shipping,Motor Controller,1.268389112278132,0.0,27.531309267025357,0.1,0.0,0.0,3.8295655953402186,0.0412809593760425,0.0741485786310683,1.0689412038148205,90,523592313,"415.2,356.6;1099.2,341.4;1106.2,662.0;422.3,677.2",OK
images/curvature_0222.jpg,479.2652000005546,yolo,0.9255890366897365,12.349900000117486,classical,0.9028271354281395,20.548086166381836,curvature,0.1,PASS,DRV-3967-9A,pcb,Stepper Driver Board,30.582097489582026,0.0,107.72107716343068,0.1,0.0,0.6,2.1971103843399584,0.1100625477182132,0.0743253781972302,0.9081153647290384,85,307895890,"338.1,405.9;822.8,119.4;956.8,346.1;472.1,632.6",OK
images/curvature_0223.jpg,477.86400000040885,yolo,0.9424391847437531,12.53510000060487,classical,0.9074442080109332,22.902389526367188,curvature,0.1,PASS,PSU-7372-J1,metal,Power Supply 12V 5A,29.44158325874401,0.0,99.29936434387172,0.1,0.0,0.0,3.1629888631808605,0.3032118789324059,0.2057605163942732,1.0579048204572274,90,75390179,"418.9,440.4;971.7,128.4;1112.1,377.1;559.3,689.1",OK
images/curvature_0224.jpg,479.3385999992097,yolo,0.9639866581154256,14.168200000312936,classical,0.7386126219207501,47.93541717529297,curvature,0.1,MISMATCH,MTR-14901-8,component,Unregistered Part,79.20230912398148,0.0,168.82124174538728,0.1,0.0,0.6,3.3775561969457346,0.0510742879142329,0.1600797895573558,1.0157612449504003,86,146622622,"225.1,700.7;339.2,102.1;608.6,153.4;494.5,752.1",UNKNOWN_SERIAL
images/curvature_0225.jpg,478.96599999967293,yolo,0.9306873374524091,12.596900000062305,classical,0.8609847895549178,24.746158599853516,curvature,0.1,PASS,PCB-5740-P,shipping,Main Controller PCB,78.33788996014056,0.0,164.55654670684265,0.1,0.0,0.0,1.3613583979307882,0.0052181687300927,0.1048781153903573,0.9158967854397668,92,648267385,"421.9,660.7;540.4,86.7;809.5,142.2;691.0,716.3",OK
images/curvature_0226.jpg,479.7400000006746,yolo,0.9122237702770063,22.83220000026631,classical,0.8940693446272034,18.72353744506836,curvature,0.1,MISMATCH,DRV-C8954-3,pcb,Unregistered Part,76.35646442150896,0.0,156.19735473885515,0.1,0.0,0.36,2.6363752203960824,0.104209204300958,0.1675875526649578,0.8601889944333363,79,609851504,"367.0,666.7;492.8,148.5;735.2,207.3;609.4,725.6",UNKNOWN_SERIAL
images/curvature_0227.jpg,491.0520000003089,yolo,0.938189483760526,12.241500000527594,classical,0.9122910247429337,22.66837501525879,curvature,0.1,PASS,CTL-169170-F,metal,Motor Controller,50.96974573549053,0.0,5.769494709880105,0.1,0.0,0.0,1.3882018218139522,0.4444190562503658,0.1188484961922888,1.11552741322148,85,834930425,"181.2,597.5;602.7,77.5;836.7,267.2;415.2,787.1",OK
images/curvature_0228.jpg,491.1013000000821,yolo,0.913989472518884,11.913800000002084,classical,0.7463850262985259,63.85405349731445,curvature,0.15,PASS,CMP-006459-Z,component,Capacitor Bank Unit,67.5020247058114,0.0,56.00143705216013,0.15,0.0,0.36,1.3258233021316383,0.0493183030773973,0.1299478657950238,1.1244137448112106,75,820160477,"254.7,753.0;512.9,129.7;793.3,245.8;535.2,869.1",OK
images/curvature_0229.jpg,490.5936999994083,yolo,0.9386198613934579,12.268699999367527,classical,0.834498327886532,34.00065612792969,curvature,0.15,PASS,LBL-4983-YZ,shipping,Return Label Stock,13.128756632608,0.0,59.308979422209326,0.15,0.0,0.6,1.5805381424537923,0.0041883100596102,0.2170907221049696,0.9193168112261344,82,131893531,"221.8,452.1;794.8,318.5;857.5,587.1;284.5,720.7",OK
images/curvature_0230.jpg,488.9439999997194,yolo,0.8937193697620204,12.664400000176101,classical,0.8327260396674766,28.617992401123047,curvature,0.15,MISMATCH,PCB-4909-Z,pcb,Unregistered Part,80.84714444817973,0.0,81.4382857376684,0.15,0.0,0.36,3.1359422276968805,0.0894823384946282,0.1878941464656551,0.8539182203180373,78,265984417,"307.0,668.5;391.2,145.8;635.7,185.2;551.5,707.8",UNKNOWN_SERIAL
images/curvature_0231.jpg,490.61150000034104,yolo,0.9249778655545776,13.297100000272621,classical,0.8632654147923261,31.485750198364258,curvature,0.15,PASS,DRV-634945-GF,metal,Stepper Driver Board,24.997012791542108,0.0,136.84264145882474,0.15,0.0,0.36,1.5947761126441324,0.422962039803365,0.215750678751168,1.0191498120278664,84,303930924,"391.3,509.1;945.5,250.7;1061.8,500.1;507.6,758.5",OK
images/curvature_0232.jpg,495.20750000010594,yolo,0.9337934446054962,13.427900000351656,classical,0.7136093459310191,48.7015266418457,curvature,0.15,PASS,CTL-65100-Z8,component,Motor Controller,13.95805104416471,0.0,116.02844021920488,0.15,0.0,0.0,3.1587287102956108,0.103426188785089,0.0683444607198362,0.8515036233294788,75,575091025,"463.3,483.6;959.1,360.3;1014.6,583.4;518.7,706.7",OK
images/curvature_0233.jpg,494.4459000007555,yolo,0.9231368649653086,13.123300000188465,classical,0.8640739997448809,31.696857452392578,curvature,0.15,PASS,BOX-501204-VH,shipping,Shipping Carton,34.23997310758621,0.0,6.557267336962398,0.15,0.0,0.0,3.093550348912754,0.1083498157515273,0.1544994539374451,0.9119195939467796,95,843663233,"469.3,577.2;951.8,248.8;1105.7,475.0;623.2,803.4",OK
images/curvature_0234.jpg,497.07970000054047,yolo,0.8820910935810722,12.059300000146322,classical,0.8467178126908579,34.92523956298828,curvature,0.15,PASS,CTL-54171-EP,pcb,Motor Controller,73.48366795097749,0.0,160.54740477585514,0.15,0.0,0.36,1.841601477033438,0.1695557044529061,0.1705794762434299,1.0390546583163618,87,1045922625,"251.4,777.6;434.5,159.9;723.4,245.6;540.3,863.2",OK
images/curvature_0235.jpg,499.04329999935726,yolo,0.9107826054763769,11.997599999631348,classical,0.8240775762801262,34.1065559387207,curvature,0.15,PASS,LBL-4983-YZ,metal,Return Label Stock,3.6282170928615134,0.0,19.97127063684845,0.15,0.0,0.6,3.0768989167883984,0.3069456877441858,0.1630964476980843,1.126740259217327,82,1004966529,"216.3,449.2;891.0,406.4;910.2,710.1;235.5,752.8",OK
images/curvature_0236.jpg,500.4372000003059,yolo,0.9183225050375236,11.701399999765272,classical,0.6608782280813855,65.2147216796875,curvature,0.15,PASS,CMP-9838-G,component,Capacitor Bank Unit,5.253853372476875,0.0,8.282230405631354,0.15,0.0,0.36,3.306979984772748,0.0582697929686349,0.2140365503495965,1.1454270430259992,86,531933422,"237.5,443.7;921.8,380.8;950.2,688.8;265.8,751.7",OK
images/curvature_0237.jpg,501.6941999992923,yolo,0.9230891824759946,12.167099999714992,classical,0.8299269568631203,33.98139572143555,curvature,0.15,MISMATCH,CMP-53699-R,shipping,Unregistered Part,9.264572118124374,0.0,38.70687180981809,0.15,0.0,0.36,2.5354541479604387,0.0030851403237234,0.1050077256514912,0.9393512280343655,78,867768057,"460.2,368.9;1053.5,272.1;1098.9,550.2;505.6,647.0",UNKNOWN_SERIAL
images/curvature_0238.jpg,493.20219999935944,yolo,0.9244196923700646,11.952300000302785,classical,0.8451712498221918,33.1461296081543,curvature,0.15,PASS,CMP-J900-CD,pcb,Capacitor Bank Unit,13.730594658686702,0.0,18.037967158948888,0.15,0.0,0.0,3.416631734561905,0.0490347853001055,0.0876187037377622,0.9912452861704292,76,58210186,"300.3,395.5;897.3,249.7;965.5,528.9;368.5,674.8",OK
images/curvature_0239.jpg,492.36799999926006,yolo,0.9329194759285376,12.551300000268384,classical,0.8594921391080964,28.771242141723633,curvature,0.15,PASS,MTR-P83614-5,metal,BLDC Motor 24V,21.388770385497835,0.0,68.2029504706291,0.15,0.0,0.6,4.047873796369629,0.3666167527102446,0.1757687430707164,0.9209856022734396,76,788638810,"250.8,477.7;765.3,276.2;856.0,507.7;341.5,709.2",OK
images/curvature_0240.jpg,493.461699999898,yolo,0.9211104445496165,11.678699999720266,classical,0.7270819060345476,59.95966720581055,curvature,0.2,PASS,LBL-59596-T,component,Return Label Stock,33.626107495790485,0.0,37.5690070497799,0.2,0.0,0.6,1.6512814805943263,0.1750588202524199,0.1502274631781306,0.8883717829945068,89,919644938,"373.5,539.4;817.4,244.3;950.2,444.0;506.4,739.2",OK
images/curvature_0241.jpg,493.51990000013757,yolo,0.9113503604172961,11.712900000020454,classical,0.8140690700830654,45.403812408447266,curvature,0.2,PASS,CMP-2720-TZ,shipping,Capacitor Bank Unit,29.70014060171281,0.0,26.02548400626852,0.2,0.0,0.6,3.478402763153669,0.1471354056973075,0.1421276575004556,0.9512723796990784,75,191324516,"290.9,575.1;819.8,273.5;961.1,521.4;432.3,823.0",OK
images/curvature_0242.jpg,491.1760000004506,yolo,0.8942006434585384,12.264699999832374,classical,0.8187022722003289,43.27472686767578,curvature,0.2,PASS,CMP-006459-Z,pcb,Capacitor Bank Unit,28.019377660912788,0.0,93.36071723277696,0.2,0.0,0.6,1.8683600002516676,0.1080423813885633,0.164861946796747,0.9570340496153794,87,289612859,"281.2,478.9;805.0,200.2;935.4,445.2;411.6,723.9",OK
images/curvature_0243.jpg,490.3487999999925,yolo,0.9075521474331514,12.096500000552624,classical,0.828623430978233,47.69709014892578,curvature,0.2,MISMATCH,PSU-582147-O1,metal,Unregistered Part,44.24488163882442,0.0,28.656084374277786,0.2,0.0,0.36,1.82260186163714,0.4401387728825982,0.167532624923847,1.1275226591640128,76,325632248,"241.6,635.1;726.2,163.1;938.6,381.1;454.0,853.2",UNKNOWN_SERIAL
images/curvature_0244.jpg,487.1140999994168,yolo,0.8763285802026199,12.711500000477827,classical,0.6088837016817056,70.09562683105469,curvature,0.2,PASS,CMP-J900-CD,component,Capacitor Bank Unit,4.132635590109764,0.0,13.77860010914835,0.2,0.0,0.0,3.023522337913457,0.086939998541974,0.0971285016885036,1.0401072937679448,85,564226228,"234.7,334.2;857.2,289.2;877.4,569.3;255.0,614.3",OK
images/curvature_0245.jpg,483.32899999968504,yolo,0.889984584801271,12.044600000081118,classical,0.8101239937618876,54.612030029296875,curvature,0.2,MISMATCH,DRV-2531-1,shipping,Unregistered Part,64.67070278677964,0.0,35.294676022711954,0.2,0.0,0.0,2.198142643041124,0.1050503924208835,0.1709640284370249,1.1433841205037096,91,301848709,"164.2,720.6;477.3,59.2;787.3,205.9;474.3,867.3",UNKNOWN_SERIAL
images/curvature_0246.jpg,484.0352000001076,yolo,0.823920014972602,11.82989999961137,classical,0.7510187281561859,43.70439147949219,curvature,0.2,PASS,PSU-4512-T,pcb,Power Supply 12V 5A,1.0190622112688674,0.0,175.82122294943898,0.2,0.0,0.0,3.4520663115675148,0.0613048322356873,0.0604896107536387,0.9831218143901675,77,298026314,"246.9,377.3;856.3,366.5;861.4,651.5;252.0,662.4",OK
images/curvature_0247.jpg,480.55250000015803,yolo,0.8874973794304201,13.089999999465363,classical,0.8214048246709442,36.061744689941406,curvature,0.2,PASS,CTL-33542-X0,metal,Motor Controller,65.17604319609143,0.0,159.37849884690243,0.2,0.0,0.0,2.247767331883223,0.3033750656157916,0.066612312061459,0.8769554568905169,80,209757413,"197.8,577.0;418.7,99.5;633.6,198.9;412.7,676.4",OK
images/curvature_0248.jpg,477.38700000081735,yolo,0.930808880182335,12.238299999808078,classical,0.722325340219389,75.14202880859375,curvature,0.2,MISMATCH,CMP-V86566-MJ,component,Unregistered Part,29.102830045608197,0.0,99.13325374116192,0.2,0.0,0.0,3.122768654359279,0.0057210906206621,0.2346295162560331,1.1177798642537071,85,896756256,"339.6,602.4;925.6,276.2;1072.4,539.9;486.4,866.1",UNKNOWN_SERIAL
images/curvature_0249.jpg,477.20570000001317,yolo,0.8809442369529809,12.145099999543163,classical,0.7918983694065598,49.77362823486328,curvature,0.2,PASS,DRV-014068-CD,shipping,Stepper Driver Board,65.20224634065926,0.0,103.0460130303802,0.2,0.0,0.6,1.5978103150364795,0.121191879108956,0.0699739641137183,0.9493794661541732,80,643923421,"581.2,696.6;836.0,145.0;1094.6,264.5;839.7,816.1",OK
images/curvature_0250.jpg,475.82669999974314,yolo,0.7714366443217477,11.951800000133517,classical,0.7511462368158228,40.35410690307617,curvature,0.2,PASS,PSU-32360-G,pcb,Power Supply 12V 5A,88.88974538284813,0.0,43.356451922187055,0.2,0.0,0.0,2.144622131465717,0.1638460514949112,0.2359627089740077,0.9114467673619648,77,532901814,"342.3,772.4;353.3,207.4;617.6,212.6;606.6,777.5",OK
images/curvature_0251.jpg,473.43540000019857,yolo,0.8971440073119697,11.960100000578677,classical,0.8240951311353479,46.24713134765625,curvature,0.2,PASS,DRV-1524-TS,metal,Stepper Driver Board,27.98804246345813,0.0,9.124442461309352,0.2,0.0,0.6,2.4140491657102485,0.316670073212541,0.198880037277478,1.1085520521888483,92,997923723,"357.3,465.6;944.6,153.4;1085.1,417.7;497.7,729.9",OK
images/curvature_0252.jpg,475.19439999996393,yolo,0.8994989451373985,12.471900000491587,classical,0.7620418841350588,44.16339874267578,curvature,0.25,MISMATCH,MTR-518565-E,component,Unregistered Part,13.32731449020985,0.0,59.0323166888546,0.25,0.0,0.36,4.005186005567237,0.0860769354973711,0.0649969482670304,0.8576622709917435,78,582374946,"210.6,458.7;711.3,340.1;764.7,565.4;264.0,684.1",UNKNOWN_SERIAL
images/curvature_0253.jpg,473.29119999994873,yolo,0.8874619229579551,12.413700000251993,classical,0.731811167494923,60.81639862060547,curvature,0.25,PASS,BOX-501204-VH,shipping,Shipping Carton,16.15163162651117,0.0,117.65173570707856,0.25,0.0,0.0,2.6052501468190914,0.1622344558533868,0.1022975470556379,0.923079761926331,94,612035687,"245.5,326.5;813.0,162.2;890.0,428.1;322.6,592.5",OK
images/curvature_0254.jpg,475.1759000000675,yolo,0.844466048354734,12.600700000803045,classical,0.7470675986968531,60.21874237060547,curvature,0.25,MISMATCH,SEN-3729-A8,pcb,Unregistered Part,79.10372253453872,0.0,19.473206952183464,0.25,0.0,0.6,1.4370495194681772,0.0815745911519291,0.1039281597697534,1.0812186685789489,91,773012027,"501.0,819.0;627.7,160.7;935.6,220.0;808.9,878.3",UNKNOWN_SERIAL
images/curvature_0255.jpg,474.69959999943967,yolo,0.8643581792972043,12.45569999991858,classical,0.7829209440117595,53.46141052246094,curvature,0.25,MISMATCH,PCB-91301-Q,metal,Unregistered Part,25.356524549322373,0.0,144.8890860490294,0.25,0.0,0.0,3.465761560540272,0.2621329936441229,0.123876734552942,1.024020579059589,92,84401236,"220.4,483.2;775.6,220.1;894.0,470.0;338.8,733.1",UNKNOWN_SERIAL
images/curvature_0256.jpg,474.26629999972647,yolo,0.9096243609321556,11.613700000452809,classical,0.7023196065555196,68.62003326416016,curvature,0.25,PASS,DRV-1524-TS,component,Stepper Driver Board,42.99957295663065,0.0,149.88324970817675,0.25,0.0,0.0,2.663361225220511,0.0219043191068706,0.0650559302362774,0.8823756859164984,85,994904634,"536.6,564.5;923.8,203.5;1086.3,377.7;699.1,738.8",OK
images/curvature_0257.jpg,476.00450000027195,yolo,0.8888727630253187,13.003500000195345,classical,0.7154160026948462,58.83527374267578,curvature,0.25,PASS,SN-S017-BL,shipping,Voltage Regulator Module,10.123170838329784,0.0,71.97838042218847,0.25,0.0,0.36,2.926406663883253,0.1353120378162752,0.1505082255241034,0.9029898505026932,76,893643974,"506.7,281.6;1075.7,180.0;1123.3,446.7;554.4,548.3",OK
images/curvature_0258.jpg,476.87109999969834,yolo,0.8473887562294234,12.591900000188616,classical,0.778231211802652,58.0079231262207,curvature,0.25,PASS,SN-473905-6,pcb,Voltage Regulator Module,63.96391311570037,0.0,105.15592629695736,0.25,0.0,0.6,4.1334830512519645,0.1726040927530549,0.2265143163773811,1.031855821824192,86,489073009,"200.7,644.1;481.5,69.3;750.4,200.6;469.6,775.5",OK
images/curvature_0259.jpg,474.93260000010196,yolo,0.8416122121028636,12.207900000248628,classical,0.7371680312454821,58.16653060913086,curvature,0.25,MISMATCH,CTL-66500-KL,metal,Unregistered Part,7.395855119655989,0.0,125.04987143250058,0.25,0.0,0.6,3.856969842787465,0.4746453844294312,0.2349900116539069,1.127502329662659,84,741712911,"170.7,232.7;841.6,145.6;880.8,447.5;209.9,534.6",UNKNOWN_SERIAL
images/curvature_0260.jpg,478.2328999999663,yolo,0.8925012406892366,11.772500000006403,classical,0.6480456128554457,71.03533935546875,curvature,0.25,PASS,DRV-I457-AJ,component,Stepper Driver Board,14.995372036738727,0.0,20.59870787305692,0.25,0.0,0.0,1.9503615511042955,0.0831153763383147,0.0895499723278076,0.9098053430408204,85,871335421,"176.8,286.7;704.1,145.5;767.7,382.7;240.4,524.0",OK
images/curvature_0261.jpg,477.4692999999388,yolo,0.7726524180554636,13.022200000705197,classical,0.7199862144382362,65.34397888183594,curvature,0.25,PASS,BOX-69847-UW,shipping,Shipping Carton,85.35626324031223,0.0,20.834964866486985,0.25,0.0,0.6,2.568286961455716,0.0108170951106621,0.0540536288491116,1.131461138620414,95,554567235,"553.9,802.1;612.5,80.4;950.8,107.9;892.2,829.6",OK
images/curvature_0262.jpg,480.90769999998884,yolo,0.8842657896691855,12.62380000025587,classical,0.775062643083882,54.14532470703125,curvature,0.25,PASS,CTL-0514-QJ,pcb,Motor Controller,24.342807173048307,0.0,177.1709701695234,0.25,0.0,0.0,2.735300092644177,0.0326807846815103,0.2464807803736465,0.9592309141726574,77,67978247,"464.7,587.3;1006.5,342.2;1121.2,595.6;579.3,840.8",OK
images/curvature_0263.jpg,480.66470000048866,yolo,0.8695789501691539,12.354200000117999,classical,0.7662549202773757,56.03443908691406,curvature,0.25,MISMATCH,CTL-5210-R,metal,Unregistered Part,15.348737863888488,0.0,152.61604025015737,0.25,0.0,0.0,1.44925418759708,0.4548668182911291,0.1449866833746555,1.084768733159179,83,843180906,"434.9,482.8;1062.6,310.5;1140.1,592.9;512.5,765.2",UNKNOWN_SERIAL
images/crumple_0264.jpg,480.2339000007123,yolo,0.9703516233743426,12.341300000116462,classical,0.9845079497313203,1.3024743795394897,crumple,0.0,PASS,SEN-196316-H,component,Temperature Sensor Pack,3.33355756827895,0.0,130.2773400113415,0.0,0.0,0.6,3.0833174302528787,0.0423500896831397,0.1437722385457093,0.929329619848377,87,1051182607,"393.8,319.5;950.5,287.1;965.1,537.6;408.4,570.0",OK
images/crumple_0265.jpg,480.5096999998568,yolo,0.9837959016673105,13.589300000603544,classical,0.9237864649039559,14.996784210205078,crumple,0.0,PASS,PCB-V9203-S,shipping,Main Controller PCB,55.74572577059818,0.0,89.26507503641503,0.0,0.0,0.0,2.024389860475874,0.1100672829488471,0.2452171264824647,1.127735362953122,85,374542179,"221.5,661.6;627.8,65.0;907.4,255.5;501.2,852.0",OK
images/crumple_0266.jpg,481.74870000002556,yolo,0.9655378962479124,12.16740000018035,classical,0.9902231277587314,1.4208183288574219,crumple,0.0,PASS,DRV-014068-CD,pcb,Stepper Driver Board,54.44325800495053,0.0,136.55097652588285,0.0,0.0,0.0,1.8920235286064944,0.1617582107538802,0.073165673320462,1.10290901297258,90,764157694,"396.1,693.9;793.7,137.6;1053.9,323.6;656.3,879.9",OK
images/crumple_0267.jpg,482.1596000001591,yolo,0.9827221412360618,12.56420000026992,classical,0.9861975138136947,3.531055450439453,crumple,0.0,PASS,SN-473905-6,metal,Voltage Regulator Module,53.24086567202904,0.0,21.31624093727287,0.0,0.0,0.6,3.71696776546452,0.3525910024826743,0.2223681794163547,1.0148194645307809,88,742133442,"391.8,615.7;756.2,127.9;975.7,291.9;611.3,779.7",OK
images/crumple_0268.jpg,485.1441999999224,yolo,0.9674017397538313,12.389399999847228,classical,0.7968931751348369,39.695133209228516,crumple,0.0,MISMATCH,CMP-80030-YI,component,Unregistered Part,68.99801808140076,0.0,81.11531094470399,0.0,0.0,0.36,3.0723673262194287,0.0144691459124389,0.1342807683491649,1.0879502888323478,77,378562238,"349.5,767.4;583.5,157.9;857.7,263.2;623.8,872.6",UNKNOWN_SERIAL
images/crumple_0269.jpg,484.9026000001686,yolo,0.9601702581493625,11.847599999782688,classical,0.919699720121775,12.480978012084961,crumple,0.0,PASS,PSU-R992-M,shipping,Power Supply 12V 5A,9.1413607093397,0.0,139.33806185763115,0.0,0.0,0.0,1.340792438970961,0.1250930674422384,0.1481875083964021,0.9257842788653357,83,395062567,"278.5,333.3;863.5,239.1;907.6,513.3;322.6,607.5",OK
images/crumple_0270.jpg,483.69259999981296,yolo,0.9872082540969978,12.568399999508983,classical,0.9899057962348247,1.2112871408462524,crumple,0.0,PASS,LBL-4983-YZ,pcb,Return Label Stock,75.56047267427283,0.0,90.0932942812224,0.0,0.0,0.0,3.3621025239602083,0.0832243286114656,0.1551689953880564,0.9027032146449246,87,733265062,"538.3,709.8;677.8,167.8;931.4,233.1;791.8,775.1",OK
images/crumple_0271.jpg,486.2734999996974,yolo,0.9855725739233492,14.857699999993201,classical,0.988785313408224,2.154906749725342,crumple,0.0,PASS,PCB-V9203-S,metal,Main Controller PCB,80.39265933235369,0.0,151.01029828234724,0.0,0.0,0.6,1.9774939950291208,0.3406678337515095,0.0551632132147233,1.1380185632437791,95,375318739,"534.8,740.9;648.8,67.7;951.7,119.0;837.8,792.2",OK
images/crumple_0272.jpg,487.83890000049723,yolo,0.9737983626259161,11.570100000426464,classical,0.7377393556935999,33.790496826171875,crumple,0.0,PASS,CTL-M9607-62,component,Motor Controller,89.33851897927636,0.0,75.6270213304218,0.0,0.0,0.0,4.169035654787377,0.1664364575202555,0.089269663672633,0.9442838397940576,83,675351442,"251.4,825.1;258.0,258.6;512.9,261.5;506.3,828.0",OK
images/crumple_0273.jpg,487.327799999548,yolo,0.9807664041594695,12.126699999498669,classical,0.9207931968990487,11.933070182800293,crumple,0.0,MISMATCH,PSU-598297-3,shipping,Power Supply 12V 5A,63.27804362129227,0.0,174.94896589703507,0.0,0.0,0.0,1.987896625089555,0.0169966244471367,0.1147577885535566,0.8522772605293599,80,234214711,"369.8,719.6;615.1,232.4;843.4,347.4;598.2,834.6",FAULTY_LOT
images/crumple_0274.jpg,485.14299999988,yolo,0.9637004951422311,12.057000000822882,classical,0.991595731736104,1.1281394958496094,crumple,0.0,MISMATCH,LBL-0233-3,pcb,Unregistered Part,19.73551455108442,0.0,162.37727244998888,0.0,0.0,0.0,1.763520400836227,0.1329942209509755,0.0913040364267532,1.0045688791812215,80,1022035146,"336.8,349.7;923.0,139.3;1021.4,413.6;435.1,623.9",UNKNOWN_SERIAL
images/crumple_0275.jpg,486.0361000000921,yolo,0.9670057517359347,11.797899999692163,classical,0.9892548298559416,1.2042970657348633,crumple,0.0,PASS,SN-6949-8R,metal,Voltage Regulator Module,52.86814249926066,0.0,90.97621851811152,0.0,0.0,0.0,2.3247836585950306,0.3306574946935574,0.0849557849452566,0.9002554346566011,79,115065956,"330.1,647.5;656.2,216.9;849.9,363.6;523.9,794.2",OK
images/crumple_0276.jpg,482.89329999988695,yolo,0.974950170314721,11.75630000034289,classical,0.8038390384156722,32.27119445800781,crumple,3.0,PASS,CMP-70538-ES,component,Capacitor Bank Unit,68.05172582831375,0.0,104.5702395372886,0.0,3.0,0.36,1.8331810582801715,0.1374435375404888,0.2254646128941115,0.898242088914778,85,735269325,"285.0,617.9;486.5,118.0;711.4,208.7;510.0,708.5",OK
images/crumple_0277.jpg,482.167400000435,yolo,0.9723995295246081,12.053999999807274,classical,0.9395111061101571,12.382730484008789,crumple,3.0,PASS,PSU-R677-HG,shipping,Power Supply 12V 5A,22.57846617740175,0.0,55.03462049506454,0.0,3.0,0.36,2.8302257256448917,0.0794593243738445,0.1861685443996449,1.084004903314566,76,458333809,"126.1,534.6;766.7,268.2;891.5,568.5;251.0,834.9",OK
images/crumple_0278.jpg,482.1769999998651,yolo,0.95474793535467,12.28590000027907,classical,0.9820627883200974,1.8300645351409912,crumple,3.0,PASS,CTL-65100-Z8,pcb,Motor Controller,80.58861425454292,0.0,146.02762605772187,0.0,3.0,0.0,3.003435077873988,0.0558160763820883,0.1515791636779762,0.9437479612851768,88,151073286,"295.4,708.6;391.1,131.3;661.1,176.1;565.4,753.3",OK
images/crumple_0279.jpg,481.4525000001595,yolo,0.9853721539955922,11.840600000141421,classical,0.9872512459001033,2.350926637649536,crumple,3.0,PASS,DRV-759972-S,metal,Stepper Driver Board,47.5319895644754,0.0,8.832292059474431,0.0,3.0,0.6,1.7371757450546443,0.3720592417896728,0.1357391288488233,0.92716596289008,87,886255899,"374.9,666.9;750.5,256.6;935.2,425.6;559.6,836.0",OK
images/crumple_0280.jpg,480.2460999999312,yolo,0.9575014310089277,11.596400000598805,classical,0.977468742282672,3.461949348449707,crumple,3.0,MISMATCH,SN-9493-U,component,Voltage Regulator Module,4.675351776074361,0.0,51.02026692311638,0.0,3.0,0.36,2.63857745467624,0.1797809389817459,0.0576363396545088,1.035052368025326,77,887256972,"436.0,295.0;1055.0,244.4;1077.7,523.0;458.8,573.6",FAULTY_LOT
images/crumple_0281.jpg,479.9030000003768,yolo,0.9507454268701605,12.53550000001269,classical,0.9319584306708759,9.935965538024902,crumple,3.0,PASS,CMP-9838-G,shipping,Capacitor Bank Unit,8.544999417536907,0.0,69.08834617661554,0.0,3.0,0.0,2.450808533321798,0.0348370957567267,0.1911871693965877,0.8820301684480039,82,946529183,"154.7,237.1;712.9,153.3;752.2,414.9;194.0,498.8",OK
images/crumple_0282.jpg,480.2967000005083,yolo,0.9802298683160714,11.543900000106078,classical,0.988380441589961,1.5438568592071533,crumple,3.0,PASS,SEN-99241-67,pcb,Temperature Sensor Pack,19.03689942559249,0.0,159.33771848273477,0.0,3.0,0.36,1.559386305219156,0.1374707375279237,0.0605273509632051,0.9005896629820102,75,137478234,"171.2,490.4;699.1,308.3;784.3,555.2;256.4,737.3",OK
images/crumple_0283.jpg,476.4599999998609,yolo,0.9948760077717356,11.791900000389433,classical,0.990619600247137,1.202254295349121,crumple,3.0,MISMATCH,LBL-87776-T,metal,Unregistered Part,18.29105157308289,0.0,158.04170463684807,0.0,3.0,0.6,2.504478636955317,0.2462465818458459,0.2448952305413557,0.969079348321968,92,629851388,"492.9,501.8;1044.9,319.4;1127.0,567.8;575.0,750.3",UNKNOWN_SERIAL
images/crumple_0284.jpg,478.04439999981696,yolo,0.9883771761047874,12.721099999907892,classical,0.7813492956189642,39.49640655517578,crumple,3.0,PASS,DRV-82662-L2,component,Stepper Driver Board,76.31373073588672,0.0,68.87346556512173,0.0,3.0,0.0,2.2027734480251806,0.0596978549804249,0.1469938859415636,1.0970035550086286,75,240010,"572.7,792.8;728.5,153.3;1016.3,223.4;860.5,862.9",OK
images/crumple_0285.jpg,477.45709999981045,yolo,0.9564494019929874,11.823499999991327,classical,0.9291301804232188,11.076108932495117,crumple,3.0,PASS,PCB-5862-0,shipping,Main Controller PCB,5.209973800000719,0.0,62.05695146615429,0.0,3.0,0.0,2.8965801435400444,0.0236805459069463,0.1120610596252197,0.8966290853319147,82,1006753974,"370.3,369.5;941.7,317.4;966.2,585.3;394.7,637.4",OK
images/crumple_0286.jpg,476.9953000004534,yolo,0.9885129502503481,12.063400000442925,classical,0.9808769060000643,3.124419689178467,crumple,3.0,PASS,CTL-65100-Z8,pcb,Motor Controller,65.02665755448083,0.0,169.98838500315475,0.0,3.0,0.6,3.167442493567139,0.0449620533947694,0.1788480814217888,1.1496781655579225,81,973624153,"483.1,707.5;784.1,61.4;1086.3,202.1;785.3,848.3",OK
images/crumple_0287.jpg,477.00040000017907,yolo,0.9697867793864617,11.450799999693118,classical,0.9852946997274536,1.9597816467285156,crumple,3.0,PASS,SN-408210-Q,metal,Voltage Regulator Module,2.079494184541049,0.0,55.565728460385685,0.0,3.0,0.0,3.443734813725554,0.2998544175800034,0.1441918176345799,0.9240755071023192,77,939975613,"391.9,460.9;946.0,440.8;955.0,690.2;401.0,710.3",OK
images/crumple_0288.jpg,476.4816000006249,yolo,0.9633233593299938,11.30269999976008,classical,0.7594052513654661,33.73137664794922,crumple,6.0,PASS,DRV-I457-AJ,component,Stepper Driver Board,88.61236002301447,0.0,91.3621254463368,0.0,6.0,0.36,4.139131213232467,0.0678225629262015,0.0747362787515099,0.998932478867012,85,1026417688,"704.3,708.4;718.8,109.2;988.4,115.7;973.9,714.9",OK
images/crumple_0289.jpg,475.3282000001491,yolo,0.9760717447875487,12.094600000637001,classical,0.9700410530934058,5.2726616859436035,crumple,6.0,PASS,MTR-G84076-FG,shipping,BLDC Motor 24V,50.36453210520452,0.0,47.2338248127703,0.0,6.0,0.6,2.509836133855881,0.1382697954914932,0.1377405768333853,1.1333771815473976,83,58192374,"156.4,635.0;619.1,76.4;881.0,293.3;418.3,851.9",OK
images/crumple_0290.jpg,472.71530000034545,yolo,0.9650544435802919,11.515300000610296,classical,0.9664134921523656,5.313850402832031,crumple,6.0,MISMATCH,CMP-L77664-5K,pcb,Unregistered Part,22.07120667886928,0.0,130.93409839982323,0.0,6.0,0.0,1.963941167601443,0.0313734831223486,0.0905529141258145,1.0660281163947043,84,561903363,"285.7,456.6;898.2,208.2;1014.4,494.7;401.9,743.1",UNKNOWN_SERIAL
images/crumple_0291.jpg,472.55219999988185,yolo,0.9783620384968019,11.75729999977193,classical,0.9606862921409342,7.4194183349609375,crumple,6.0,PASS,PSU-7372-J1,metal,Power Supply 12V 5A,59.413598585192894,0.0,148.8703340052156,0.0,6.0,0.0,2.119607673315022,0.3285980903563077,0.2168802704926374,1.128104731037971,86,31234410,"153.7,650.0;498.2,67.3;760.4,222.3;416.0,805.0",OK
images/crumple_0292.jpg,472.44299999965733,yolo,0.9043361276308817,11.681299999509065,classical,0.7482379000506845,29.650428771972656,crumple,6.0,PASS,CTL-54171-EP,component,Motor Controller,3.4302326517561488,0.0,36.171408144316935,0.0,6.0,0.0,1.2844914182331837,0.1642374276421816,0.1276049956279787,0.8505613189778293,90,664215103,"345.5,431.2;854.9,400.7;868.7,629.9;359.2,660.5",OK
images/crumple_0293.jpg,472.2551000004387,yolo,0.9727520777073496,12.34160000058182,classical,0.978284962581767,2.380615711212158,crumple,6.0,PASS,DRV-3967-9A,shipping,Stepper Driver Board,77.66775331292698,0.0,149.97101483469302,0.0,6.0,0.6,1.418478815543952,0.0555662916230338,0.1333898568197465,0.954766314733319,85,425063333,"438.4,782.5;568.9,185.5;848.7,246.7;718.2,843.7",OK
images/crumple_0294.jpg,472.2502999993594,yolo,0.970117155903452,11.76000000032218,classical,0.9743690197210514,3.2308411598205566,crumple,6.0,PASS,PSU-R677-HG,pcb,Power Supply 12V 5A,82.96826546242303,0.0,93.9284096343606,0.0,6.0,0.0,2.4398398472578173,0.106092573055791,0.1172934045033821,0.9394882381768868,88,366789739,"471.9,799.7;543.2,221.5;813.6,254.9;742.3,833.0",OK
images/crumple_0295.jpg,472.1085999999559,yolo,0.9806982464364148,15.275900000233378,classical,0.991407977486878,1.6720094680786133,crumple,6.0,PASS,CMP-70538-ES,metal,Capacitor Bank Unit,44.63420279858179,0.0,25.13946484811774,0.0,6.0,0.36,3.949628893592368,0.3225003708800875,0.1441657378493457,1.1087931463520302,78,644600968,"443.0,645.0;916.4,177.6;1126.7,390.6;653.3,858.0",OK
images/crumple_0296.jpg,470.88239999993675,yolo,0.9541906890790508,12.283200000638317,classical,0.7521213276101496,38.547569274902344,crumple,6.0,PASS,DRV-3967-9A,component,Stepper Driver Board,87.21310231331177,0.0,154.43930895237435,0.0,6.0,0.0,1.6569032894800986,0.1606250271427871,0.0568747224796145,1.0840252902642014,94,753871590,"539.9,749.9;571.6,100.2;863.9,114.5;832.3,764.1",OK
images/crumple_0297.jpg,471.6955000003509,yolo,0.9620421754972872,12.068899999576388,classical,0.9321845934599821,11.604921340942383,crumple,6.0,MISMATCH,SEN-297986-Y,shipping,Unregistered Part,86.45424608410966,0.0,26.6769589461562,0.0,6.0,0.36,3.689799808451596,0.0206609370888326,0.1087620564934247,1.0496211872402892,88,432700630,"408.3,841.6;449.8,171.2;764.1,190.6;722.6,861.1",UNKNOWN_SERIAL
images/crumple_0298.jpg,473.1819999997242,yolo,0.9843680980114179,12.041100000715232,classical,0.9746455629451238,5.90618371963501,crumple,6.0,MISMATCH,CMP-57743-FV,pcb,Unregistered Part,35.76715342820713,0.0,174.4403180910163,0.0,6.0,0.0,2.197434357312042,0.0117575771589674,0.19409020626421,1.1426556244616035,94,1053378172,"334.6,567.2;909.5,153.1;1103.1,422.0;528.3,836.0",UNKNOWN_SERIAL
images/crumple_0299.jpg,473.30369999963295,yolo,0.987168777724919,12.358599999970465,classical,0.9668310787690844,5.567246437072754,crumple,6.0,PASS,PCB-5740-P,metal,Main Controller PCB,22.79065349800935,0.0,69.74358980959383,0.0,6.0,0.6,1.5498913070104523,0.3923172096735786,0.0769017243727833,0.8935624905734038,84,483119473,"479.6,485.3;973.9,277.6;1067.4,500.1;573.1,707.7",OK
images/crumple_0300.jpg,473.3469000002515,yolo,0.9494128808634142,12.65629999943485,classical,0.7270682794737742,38.76069259643555,crumple,9.0,MISMATCH,LBL-81799-P,component,Unregistered Part,89.65805411712248,0.0,149.28914955449804,0.0,9.0,0.0,2.1600595418006483,0.0099569809779618,0.2358273989333657,1.1128072877768824,94,427103645,"360.2,778.2;364.2,110.6;664.7,112.4;660.7,780.0",UNKNOWN_SERIAL
images/crumple_0301.jpg,473.0745000006209,yolo,0.9716087996935967,11.876099999426515,classical,0.96805248780475,4.679609775543213,crumple,9.0,PASS,MTR-P83614-5,shipping,BLDC Motor 24V,61.74385967968736,0.0,76.61413586173504,0.0,9.0,0.36,1.5469071660235196,0.1595357678542226,0.0931851867612212,0.8904981766169107,95,663928718,"523.8,676.9;793.6,174.9;1028.9,301.4;759.1,803.4",OK
images/crumple_0302.jpg,473.1658000000607,yolo,0.9820719591914125,13.145299999450799,classical,0.9695554072975484,5.830681324005127,crumple,9.0,PASS,DRV-634945-GF,pcb,Stepper Driver Board,43.20133023381057,0.0,123.65055680235083,0.0,9.0,0.36,3.949433593310804,0.1622418101758992,0.0866943934260871,1.1214147505054193,92,532173407,"201.5,621.7;708.4,145.7;931.0,382.8;424.2,858.7",OK
images/crumple_0303.jpg,475.8710999994946,yolo,0.964319322469124,11.85890000033396,classical,0.9037814883924215,32.667823791503906,crumple,9.0,PASS,CMP-R6567-4Z,metal,Capacitor Bank Unit,61.62828984755713,0.0,6.171068299551314,0.0,9.0,0.0,2.46928619677176,0.2228147739426622,0.2216604101123734,1.1413182163126216,80,1035480116,"227.5,718.7;552.9,116.2;824.1,262.6;498.7,865.1",OK
images/crumple_0304.jpg,476.88669999934064,yolo,0.9819679246885223,13.069300000097428,classical,0.9578471354788053,6.415150165557861,crumple,9.0,MISMATCH,SN-9493-U,component,Voltage Regulator Module,74.7537826619942,0.0,148.6533384208695,0.0,9.0,0.6,2.1623673252614988,0.0098055790755755,0.154884663777839,0.8999032186506415,84,408476694,"211.5,624.6;353.5,103.6;587.9,167.5;446.0,688.5",FAULTY_LOT
images/crumple_0305.jpg,478.2224000000497,yolo,0.9783211632922331,13.135799999872688,classical,0.9521083329549281,9.381072998046875,crumple,9.0,PASS,SN-6949-8R,shipping,Voltage Regulator Module,83.53591784531271,0.0,4.353945116087711,0.0,9.0,0.6,2.290301884409686,0.1245343424811785,0.099600381539439,0.8694736487397189,89,91718704,"415.2,811.8;477.8,258.9;737.0,288.3;674.3,841.2",OK
images/crumple_0306.jpg,479.00680000020657,yolo,0.9566717921713941,12.566899999910675,classical,0.9607486299373194,6.102184772491455,crumple,9.0,PASS,CMP-70538-ES,pcb,Capacitor Bank Unit,32.07190654784931,0.0,34.97587399996148,0.0,9.0,0.36,2.553389966271063,0.0525355719145403,0.2275203951371078,1.0050363407575398,88,97800376,"341.9,555.5;869.9,224.7;1024.7,471.6;496.6,802.5",OK
images/crumple_0307.jpg,478.86539999944944,yolo,0.9725856450216879,12.575699999615608,classical,0.9543847933397641,6.631450176239014,crumple,9.0,PASS,MTR-G84076-FG,metal,BLDC Motor 24V,21.326954474554405,0.0,97.034954695956,0.0,9.0,0.6,2.429808793992017,0.218899208438576,0.0789204945390425,0.9754662134595242,75,18323248,"169.1,430.4;714.3,217.5;810.1,462.9;264.9,675.7",OK
images/crumple_0308.jpg,481.4832000001843,yolo,0.9630715107732398,12.402400000610214,classical,0.8175669843781906,30.48297119140625,crumple,9.0,MISMATCH,LBL-350571-R,component,Unregistered Part,20.393341500184007,0.0,152.42577550871346,0.0,9.0,0.0,1.9411209465752133,0.1542338013386478,0.0935259169618904,0.9384496836510144,79,1045153293,"166.9,357.0;694.7,160.8;783.0,398.3;255.2,594.5",UNKNOWN_SERIAL
images/crumple_0309.jpg,484.41470000034315,yolo,0.9827870118745362,12.207300000227406,classical,0.9299569986726104,10.608609199523926,crumple,9.0,PASS,MTR-03662-MX,shipping,BLDC Motor 24V,71.61574035657576,0.0,146.37774272348847,0.0,9.0,0.0,1.2817609546222235,0.1320263485162373,0.1620214085062355,0.9823182889673138,86,475422609,"520.9,787.7;719.1,191.1;998.8,284.0;800.5,880.6",OK
images/crumple_0310.jpg,484.78699999941455,yolo,0.9656042849686737,12.752300000101968,classical,0.9886515905841261,2.6102468967437744,crumple,9.0,MISMATCH,CTL-P5505-J,pcb,Unregistered Part,27.034971681404677,0.0,147.9029472971255,0.0,9.0,0.0,1.458712363376692,0.048668940747684,0.2017617150099699,1.096595365513844,81,112096642,"242.5,552.5;848.1,243.5;992.6,526.7;387.0,835.8",UNKNOWN_SERIAL
images/crumple_0311.jpg,484.145699999317,yolo,0.9790653628932086,12.52459999977873,classical,0.9688738487550126,5.527596473693848,crumple,9.0,PASS,PCB-5851-LN,metal,Main Controller PCB,46.14953368334197,0.0,49.20223353327883,0.0,9.0,0.36,3.907272585967228,0.219421486052895,0.2364635479608672,0.9531944083591672,78,395887733,"349.3,593.2;745.5,180.8;931.1,359.0;534.9,771.5",OK
images/crumple_0312.jpg,485.1052999993044,yolo,0.9243456037682243,11.90760000008595,classical,0.7931643872834131,27.436248779296875,crumple,12.0,PASS,MTR-G84076-FG,component,BLDC Motor 24V,84.36395653516226,0.0,153.201306746063,0.0,12.0,0.36,1.736686138096491,0.0674868373703569,0.1078104213455567,0.9116698491927664,89,563670496,"314.5,716.6;368.2,172.3;613.2,196.4;559.5,740.8",OK
images/crumple_0313.jpg,484.47419999956765,yolo,0.9582938080235457,11.96180000079039,classical,0.9424702863194228,11.790460586547852,crumple,12.0,MISMATCH,SN-8972-6Z,shipping,Unregistered Part,70.30916737118307,0.0,12.617660147325267,0.0,12.0,0.36,3.11045970835588,0.0354945524350066,0.0694271387034362,1.1319123185115734,90,678124446,"213.5,742.1;457.6,60.1;777.3,174.5;533.2,856.6",UNKNOWN_SERIAL
images/crumple_0314.jpg,483.6206999998467,yolo,0.9655261165152145,12.518000000454776,classical,0.9711039720480686,4.573477745056152,crumple,12.0,PASS,CTL-54171-EP,pcb,Motor Controller,51.07890003542114,0.0,126.6488425470055,0.0,12.0,0.0,2.6971989607456264,0.1303134800633637,0.1121237562611282,0.9503046437635746,88,78825518,"351.9,693.0;722.1,234.6;936.5,407.8;566.3,866.1",OK
images/crumple_0315.jpg,484.310099999675,yolo,0.9498640040299929,12.268599999515573,classical,0.9735292234143255,5.187760353088379,crumple,12.0,PASS,SN-473905-6,metal,Voltage Regulator Module,37.49240948902536,0.0,46.60252482680172,0.0,12.0,0.36,1.978617283069472,0.2871379672258463,0.0828445693001983,1.0345127428844805,88,461742718,"216.5,637.2;708.9,259.4;879.0,481.1;386.5,858.9",OK
images/crumple_0316.jpg,482.83509999964735,yolo,0.9773477583553147,12.06350000029488,classical,0.8262737597460202,30.48105239868164,crumple,12.0,PASS,CMP-006459-Z,component,Capacitor Bank Unit,67.19982697793458,0.0,113.16281252271811,0.0,12.0,0.0,3.4986741306660334,0.1784661009452733,0.1669073592962793,0.9401315939889572,88,306735266,"481.8,655.8;700.4,135.8;934.4,234.2;715.8,754.2",OK
images/crumple_0317.jpg,480.49149999951624,yolo,0.9773906985317989,11.841700000331912,classical,0.954631471039258,7.498464107513428,crumple,12.0,PASS,PSU-7372-J1,shipping,Power Supply 12V 5A,75.2751532239926,0.0,95.5004775002141,0.0,12.0,0.6,3.3063008739295934,0.1129051779964507,0.2446716803052165,0.9541343441052972,93,1062105993,"370.7,740.5;525.9,149.9;802.8,222.7;647.5,813.3",OK
images/crumple_0318.jpg,481.6488999995272,yolo,0.9861878046873404,12.676600000304461,classical,0.9460245882842996,8.305306434631348,crumple,12.0,PASS,MTR-03662-MX,pcb,BLDC Motor 24V,33.358444667635766,0.0,116.77033035545902,0.0,12.0,0.6,1.671674768817916,0.0443580048729635,0.1164507974745125,0.9283252537241152,79,1053306826,"152.7,531.5;633.4,215.0;781.4,439.9;300.7,756.3",OK
images/crumple_0319.jpg,479.55149999961577,yolo,0.8704059797122775,12.809599999854981,classical,0.9745323957388219,3.9426050186157227,crumple,12.0,PASS,CMP-006459-Z,metal,Capacitor Bank Unit,63.29893671901562,0.0,157.17448433522094,0.0,12.0,0.6,2.03805030405433,0.4543781920770156,0.1006713671464096,1.1454148138735656,90,259489119,"366.5,695.3;675.3,81.3;951.6,220.3;642.8,834.2",OK
images/crumple_0320.jpg,479.85960000005434,yolo,0.9743728220595077,11.86879999931989,classical,0.8545881866020221,29.463916778564453,crumple,12.0,PASS,SEN-99241-67,component,Temperature Sensor Pack,61.385944649125896,0.0,94.83911858840818,0.0,12.0,0.6,3.078890425331676,0.0848228886613128,0.1890558708763892,0.9915500591561996,80,480919522,"362.8,634.8;647.7,112.5;882.8,240.7;597.8,763.0",OK
images/crumple_0321.jpg,480.5834999997387,yolo,0.9560707839907168,11.998700000731333,classical,0.9583068492676897,7.2842888832092285,crumple,12.0,MISMATCH,PSU-D65203-7,shipping,Unregistered Part,19.62606676775697,0.0,40.86692553513243,0.0,12.0,0.0,2.7098163140947165,0.1481788827038771,0.1827345381842975,0.954952310513592,86,273822752,"166.3,496.7;742.0,291.5;838.2,561.3;262.6,766.6",UNKNOWN_SERIAL
images/crumple_0322.jpg,476.21170000002166,yolo,0.9688993266997511,13.246900000012829,classical,0.9266362972622005,10.175882339477539,crumple,12.0,PASS,PSU-3148-Z,pcb,Power Supply 12V 5A,81.2566526980711,0.0,89.70669463456808,0.0,12.0,0.0,2.1955012429882843,0.0236236660424446,0.0853354018359012,1.146073752262292,93,966172855,"205.3,766.5;313.3,64.2;641.8,114.8;533.8,817.1",OK
images/crumple_0323.jpg,478.5431999998764,yolo,0.9598615221482014,12.228699999468517,classical,0.964168599186347,5.821377277374268,crumple,12.0,PASS,SN-408210-Q,metal,Voltage Regulator Module,38.98651737172424,0.0,140.46589585927447,0.0,12.0,0.36,3.7972573959390057,0.2681857450111197,0.1927054053056677,0.8988025397389785,80,989663239,"364.0,627.3;783.1,288.0;935.8,476.6;516.6,815.9",OK
images/crumple_0324.jpg,477.8952999995454,yolo,0.9660922742738584,11.99209999958839,classical,0.9262274278868388,10.445894241333008,crumple,15.0,MISMATCH,SEN-88013-8,component,Unregistered Part,48.30182708923147,0.0,86.66806927485135,0.0,15.0,0.0,3.73787281180109,0.1298521853673372,0.2109722357158238,0.8814170146917611,85,612251223,"550.8,545.8;902.6,150.9;1080.3,309.2;728.5,704.1",UNKNOWN_SERIAL
images/crumple_0325.jpg,478.5524999997506,yolo,0.9838125065561178,12.705599999208061,classical,0.9477007891265926,10.189247131347656,crumple,15.0,PASS,SN-F3985-P,shipping,Voltage Regulator Module,66.3828114021335,0.0,67.55867413869939,0.0,15.0,0.0,2.3523202507851213,0.0951990106911719,0.0601139889409213,1.0240884284966805,81,190976885,"241.8,715.0;504.4,114.5;785.9,237.6;523.3,838.1",OK
images/crumple_0326.jpg,478.7274999998772,yolo,0.9629728628321039,12.294500000280095,classical,0.9695249611070704,5.476582050323486,crumple,15.0,PASS,CTL-54171-EP,pcb,Motor Controller,21.217549433560567,0.0,113.12323720157907,0.0,15.0,0.0,2.9039592657451454,0.0838468175155081,0.1905606585434892,0.911395853961127,93,264977617,"384.1,360.6;910.9,156.1;1006.6,402.5;479.8,607.0",OK
images/crumple_0327.jpg,479.63419999996404,yolo,0.9608899628994207,11.792599999353115,classical,0.9069969556134176,11.877236366271973,crumple,15.0,MISMATCH,MTR-53730-P6,metal,Unregistered Part,4.10105680876561,0.0,139.18778813113343,0.0,15.0,0.36,1.7970172192491003,0.2036954655235227,0.1128275071677784,1.0554288382514525,80,56799516,"314.8,410.2;946.4,364.9;966.8,649.1;335.2,694.4",UNKNOWN_SERIAL
images/crumple_0328.jpg,480.07349999988946,yolo,0.941409195683321,12.27149999976973,classical,0.8304889468406368,34.630165100097656,crumple,15.0,PASS,CTL-65100-Z8,component,Motor Controller,22.58603722934347,0.0,2.812590486265001,0.0,15.0,0.6,1.6089228659419563,0.1539411780036006,0.0594942562545807,1.0945985442815616,89,954852429,"363.6,418.4;969.9,166.2;1083.5,439.1;477.1,691.3",OK
images/crumple_0329.jpg,477.56980000031035,yolo,0.935594218103112,11.772400000154448,classical,0.9609204859833055,7.2354536056518555,crumple,15.0,PASS,PSU-R992-M,shipping,Power Supply 12V 5A,18.83975514174428,0.0,105.63175654644732,0.0,15.0,0.0,1.7426561798582962,0.1452656176497858,0.2249607005141917,0.8928278577448833,89,177274393,"466.8,356.8;1007.6,172.3;1094.1,425.8;553.3,610.3",OK
images/crumple_0330.jpg,477.53650000049674,yolo,0.9422823534796084,13.194800000746909,classical,0.9628680802567324,5.709778785705566,crumple,15.0,MISMATCH,DRV-C1083-NS,pcb,Unregistered Part,31.51129388206717,0.0,92.57819969325968,0.0,15.0,0.36,3.888062497182159,0.0105961145064588,0.196977118398599,0.995240941880015,87,862078503,"189.2,602.9;715.2,280.4;866.1,526.4;340.0,849.0",UNKNOWN_SERIAL
images/crumple_0331.jpg,478.0372000004718,yolo,0.9787414245906275,12.257299999873794,classical,0.9436192183994552,10.114225387573242,crumple,15.0,PASS,SN-473905-6,metal,Voltage Regulator Module,38.73847341491046,0.0,82.42665399232258,0.0,15.0,0.0,1.5353613212556383,0.2393682430153613,0.2494845897661367,1.0946411495816308,94,279563838,"363.1,508.7;875.4,97.7;1060.4,328.2;548.1,739.2",OK
images/crumple_0332.jpg,479.47579999981826,yolo,0.9572925211913085,11.52399999955378,classical,0.9664598620272389,4.51963996887207,crumple,15.0,PASS,SEN-301827-TB,component,Temperature Sensor Pack,29.25624340663872,0.0,84.27308274762188,0.0,15.0,0.0,3.1284381329342814,0.0172032775349621,0.2319760730051286,0.8580641367605206,85,371092328,"453.9,543.2;903.0,291.6;1016.3,493.7;567.1,745.3",OK
images/crumple_0333.jpg,481.31069999999454,yolo,0.9759789892140452,12.285499999961758,classical,0.9620190311233257,6.412533760070801,crumple,15.0,MISMATCH,BOX-47434-RT,shipping,Unregistered Part,52.017800647515344,0.0,2.22739650730601,0.0,15.0,0.6,1.3196564803572768,0.0114779508071673,0.084141328211504,0.9738414787506928,90,1056205632,"353.8,575.8;737.3,84.5;967.6,264.3;584.0,755.6",UNKNOWN_SERIAL
images/crumple_0334.jpg,479.5476999997845,yolo,0.952073005890342,12.538299999505398,classical,0.9725641174433709,3.732645034790039,crumple,15.0,MISMATCH,PSU-4449-HJ,pcb,Unregistered Part,24.589427477352263,0.0,76.54625648096452,0.0,15.0,0.6,1.7069616543609285,0.1050201500531765,0.0784604073222678,0.8908957320646721,80,18617345,"253.5,360.3;755.8,130.5;863.3,365.4;361.1,595.2",UNKNOWN_SERIAL
images/crumple_0335.jpg,479.8302999997759,yolo,0.936045213710524,12.032800000270072,classical,0.982265691470257,5.0033793449401855,crumple,15.0,MISMATCH,MTR-0235-A,metal,Unregistered Part,0.6285075788949523,0.0,7.5176657324403795,0.0,15.0,0.0,1.2395472959904668,0.3781668013562553,0.1887645809884354,1.136426309969626,86,767103621,"150.6,356.5;832.4,349.0;835.8,655.8;154.0,663.3",UNKNOWN_SERIAL
images/mixed_0336.jpg,479.2798999997103,yolo,0.9244278156582613,11.714099999153404,classical,0.8813341596084171,31.90938949584961,mixed,,MISMATCH,SN-052191-83,pcb,Unregistered Part,84.70073018397397,16.586598814246845,97.87192977319918,0.12,3.0,0.0,6.132610789328735,0.165976245091016,0.0713653233177181,1.0255581995789318,87,297432033,"612.4,791.1;646.2,181.7;962.5,209.9;890.1,820.7",UNKNOWN_SERIAL
images/mixed_0337.jpg,463.31890000055864,yolo,0.959405036962216,12.198599999464932,classical,0.9228526013514529,13.263914108276367,mixed,,MISMATCH,PCB-43765-DX,pcb,Unregistered Part,8.749684981400943,3.93948169508286,124.3950212772246,0.05,3.0,0.0,5.6791535493530505,0.1424208584901785,0.2059304778668423,1.1109107290857445,87,211175814,"221.9,310.5;897.9,201.2;950.3,523.4;266.9,624.8",UNKNOWN_SERIAL
images/mixed_0338.jpg,476.63789999933215,yolo,0.9702461862890869,12.736699999550183,classical,0.9647265040677694,7.762387275695801,mixed,,MISMATCH,PSU-T232-88,pcb,Unregistered Part,50.08230027558688,8.992292436506986,164.8380747660905,0.0,7.0,0.0,2.6566357286939253,0.1416850032900416,0.2281587823391855,1.0706670510870329,90,363119965,"176.1,616.7;591.0,113.2;835.4,304.2;401.8,820.9",UNKNOWN_SERIAL
images/mixed_0339.jpg,477.7974999997241,yolo,0.9906989067577775,12.516100000539154,classical,0.8336325783189095,29.25763702392578,mixed,,MISMATCH,CMP-21061-IN,metal,Unregistered Part,63.475054922251424,19.300009437881847,95.27341744464806,0.0,0.0,0.6,5.454450115595339,0.7184824160736965,0.2489054371420155,0.8939335957353477,77,281751127,"352.9,680.4;563.3,218.5;793.8,333.3;554.9,783.8",UNKNOWN_SERIAL
images/mixed_0340.jpg,475.9132999997746,yolo,0.9746499013184784,12.325300000156858,classical,0.9353112537780263,9.490525245666504,mixed,,MISMATCH,DRV-B4287-T,pcb,Unregistered Part,1.9412753619228595,21.758380718518747,49.874925679193616,0.0,0.0,0.0,4.936470601547334,0.2489762142994123,0.2251989218085949,1.0483074980808471,94,1000437878,"351.3,388.5;992.6,369.7;996.2,685.2;384.9,665.0",UNKNOWN_SERIAL
images/mixed_0341.jpg,479.61949999989884,yolo,0.9714497487376071,11.774999999943248,classical,0.9782719913282225,4.8507256507873535,mixed,,PASS,CMP-R6567-4Z,metal,Capacitor Bank Unit,41.76727808710262,27.3573391834596,98.45362665066482,0.0,7.0,0.6,4.151653402657139,0.3138037017515365,0.0619547150021802,0.96747128503851,77,41969441,"311.5,626.4;675.7,255.6;866.8,470.6;465.2,808.4",OK
images/mixed_0342.jpg,472.6520999993227,yolo,0.9830884399733946,12.166700000307173,classical,0.8208819162802209,29.782623291015625,mixed,,MISMATCH,DRV-N303-3K,component,Unregistered Part,59.160214128832926,8.51850127119891,98.71242232120892,0.0,0.0,0.6,5.531549605879411,0.194174944134079,0.0921448602194868,0.8700944436060548,83,388508512,"234.8,607.1;493.0,160.5;700.6,283.7;430.4,725.4",UNKNOWN_SERIAL
images/mixed_0343.jpg,476.40620000038325,yolo,0.9607290150547296,12.537800000245625,classical,0.8687861458035412,19.551101684570312,mixed,,MISMATCH,DRV-9119-JJ,shipping,Unregistered Part,1.1420599567048784,22.391917351591427,96.4716324687894,0.0,0.0,0.0,4.144783602398265,0.1801120503651045,0.238233878020999,0.9641045689951964,75,284690661,"352.9,372.3;924.9,331.6;931.6,646.8;353.8,639.1",UNKNOWN_SERIAL
images/mixed_0344.jpg,478.1540000003588,yolo,0.9632780034060202,11.942699999963224,classical,0.9667275614566717,7.359955310821533,mixed,,PASS,PSU-R677-HG,shipping,Power Supply 12V 5A,20.994398953102948,31.62114359674708,156.15294838614892,0.05,0.0,0.6,4.48289461740162,0.0270404571910118,0.2002003096308824,0.9915994079317296,83,750072513,"451.7,516.8;987.6,263.4;1101.8,511.5;500.1,766.9",OK
images/mixed_0345.jpg,479.21930000029533,yolo,0.9535808884598614,11.853299999529554,classical,0.8980611185980106,20.308483123779297,mixed,,PASS,DRV-82662-L2,metal,Stepper Driver Board,31.0013290025615,2.203339413001299,118.59757332201605,0.12,0.0,1.0,6.310190358704274,0.6075267345189324,0.1647458052201393,0.8638882653345973,85,53650270,"469.3,543.3;911.9,275.5;1033.4,476.3;588.0,742.4",OK
images/mixed_0346.jpg,481.3460000004852,yolo,0.9718248958674908,11.855699999614444,classical,0.9670284570683677,3.8259451389312744,mixed,,PASS,SEN-196316-H,pcb,Temperature Sensor Pack,3.854398968218641,6.132641746623885,128.69875664697454,0.0,3.0,1.0,5.401579875748684,0.0347909043054094,0.1561861064825654,1.0085972205506974,85,290608872,"394.6,197.3;1011.7,148.6;1035.4,445.0;408.8,483.5",OK
images/mixed_0347.jpg,481.12099999980273,yolo,0.9529381191174777,12.18799999969633,classical,0.9232688503635138,18.380388259887695,mixed,,PASS,BOX-501204-VH,pcb,Shipping Carton,27.300967626561217,26.35846248935455,168.59437599351085,0.05,3.0,0.0,6.345714105505683,0.2044557937467793,0.080620508503411,0.9273214241967638,83,11903083,"231.9,481.1;713.6,215.5;843.8,425.6;316.1,706.2",OK
images/mixed_0348.jpg,485.5924000003142,yolo,0.98781298136054,12.310000000070431,classical,0.9260668746779332,14.8343505859375,mixed,,PASS,SN-473905-6,shipping,Voltage Regulator Module,14.089480275769867,17.92389466004141,174.35429999139075,0.0,0.0,0.0,2.2720952126390594,0.2339189141200562,0.0553963970005836,1.048466879470544,81,937407949,"380.1,339.5;1007.8,176.7;1102.6,464.2;429.1,634.2",OK
images/mixed_0349.jpg,484.9451999998564,yolo,0.965276960486906,12.259000000085507,classical,0.9461164323351468,16.625761032104492,mixed,,PASS,SN-408210-Q,metal,Voltage Regulator Module,12.280162194412304,25.664931107596317,20.125554509778546,0.0,0.0,1.0,6.674708708049752,0.6137998962395607,0.1694677807385899,1.0301181868436,89,1044386633,"447.3,426.5;1072.2,302.3;1111.1,562.1;530.9,661.1",OK
images/mixed_0350.jpg,483.9732999998887,yolo,0.9864759284084763,12.349600000561622,classical,0.9741256199305306,4.79926872253418,mixed,,MISMATCH,PSU-U2621-X6,metal,Unregistered Part,40.824984455489925,6.112621836212938,60.86622982236383,0.0,3.0,0.6,5.042081448294903,0.6100739671894585,0.2352616139584626,0.9957344871266112,81,1032565341,"459.8,604.7;909.8,210.8;1087.1,419.6;634.6,801.7",UNKNOWN_SERIAL
images/mixed_0351.jpg,485.7523000000583,yolo,0.9704751884534911,12.690599999586993,classical,0.9853698283920714,2.127399444580078,mixed,,PASS,PSU-R992-M,component,Power Supply 12V 5A,61.10397263274544,1.2702039683089843,19.87746381061078,0.0,0.0,0.0,4.540896387479545,0.0173560370823577,0.0728558692147441,1.0933795201552907,82,910709134,"399.6,652.2;716.9,76.3;975.1,220.5;658.3,793.3",OK
images/mixed_0352.jpg,485.2299000003768,yolo,0.9694635741908869,12.604599999576749,classical,0.9644413268216272,6.010575294494629,mixed,,MISMATCH,PSU-794731-Q,pcb,Unregistered Part,22.9052491939245,30.916521340273,116.10156242037876,0.0,7.0,0.6,4.38452949625934,0.1506807868742848,0.1140297911900774,1.0576267780228723,88,342294006,"443.5,428.4;946.7,142.7;1075.3,450.4;523.5,687.8",UNKNOWN_SERIAL
images/mixed_0353.jpg,486.44140000033076,yolo,0.9738339729911166,11.926400000447757,classical,0.9721977073431151,5.084320068359375,mixed,,MISMATCH,LBL-Q900-DE,pcb,Unregistered Part,64.42210653956674,6.538355823837105,83.11363441069199,0.0,0.0,1.0,5.249013222047391,0.1089904553120763,0.2116652976615814,1.0832622628195732,76,768088263,"238.1,707.5;519.6,100.7;810.5,240.9;514.4,838.4",UNKNOWN_SERIAL
images/mixed_0354.jpg,483.93060000034893,yolo,0.9680978800084343,12.485799999922165,classical,0.9122673616484029,18.764598846435547,mixed,,PASS,CMP-2720-TZ,shipping,Capacitor Bank Unit,22.098161034404143,19.250548430690746,156.71165584515208,0.05,0.0,0.0,6.015552608313533,0.0264858260111252,0.1916854605597195,0.951699597116834,80,19956977,"264.0,535.7;799.9,297.3;918.0,551.4;342.2,790.1",OK
images/mixed_0355.jpg,484.7341000004235,yolo,0.9393999385940763,11.512899999615911,classical,0.8783069834146167,16.959259033203125,mixed,,PASS,MTR-P83614-5,metal,BLDC Motor 24V,10.520334586812227,20.04785055211992,33.32713882343575,0.05,7.0,0.6,2.8069554940343786,0.6927694968603592,0.1816077791077227,1.1190053039638432,75,495143880,"239.2,496.9;910.0,377.8;951.9,677.9;316.2,765.0",OK
images/mixed_0356.jpg,487.83300000013696,yolo,0.9431422427852205,12.625700000171491,classical,0.9505925216324859,14.70286750793457,mixed,,PASS,PCB-V9203-S,pcb,Main Controller PCB,73.08277523806883,11.491628931081433,177.8757014365175,0.05,7.0,0.6,3.8489506238593383,0.243734676503709,0.1619427536232893,1.046210058143163,84,282662992,"545.7,750.2;729.5,142.5;1018.6,215.9;825.7,850.2",OK
images/mixed_0357.jpg,485.44010000023263,yolo,0.9833287479319723,12.132300000303076,classical,0.9794618732247534,3.610567569732666,mixed,,PASS,DRV-014068-CD,pcb,Stepper Driver Board,31.052585030406192,3.4875720583932077,131.49943690473177,0.0,7.0,0.0,3.794142406164696,0.0766441960395514,0.0828823553173452,1.120724878476926,90,169289592,"272.8,533.4;862.5,173.4;1034.6,453.2;435.4,810.3",OK
images/mixed_0358.jpg,483.48879999957717,yolo,0.9481540628911372,12.461500000426895,classical,0.9339560775517812,9.833477020263672,mixed,,MISMATCH,PCB-1915-H,metal,Unregistered Part,57.29808589415316,10.187656249835504,16.67461942555691,0.05,0.0,0.6,4.860735642969583,0.3963873635520378,0.201051156401475,0.8615432547830801,84,182129786,"293.0,719.9;576.0,279.2;767.3,409.7;488.6,835.8",UNKNOWN_SERIAL
images/mixed_0359.jpg,481.2272999997731,yolo,0.9542898240519411,12.42420000016864,classical,0.9010164659505701,17.99599266052246,mixed,,PASS,MTR-0511-N8,metal,BLDC Motor 24V,29.07621496610004,26.211119179783708,0.6828423334255018,0.05,7.0,0.0,5.162871537597395,0.3004367821569199,0.116374047511955,1.0598881245546148,94,680789366,"425.7,542.1;1008.0,218.8;1108.3,457.8;576.0,752.6",OK
images/mixed_0360.jpg,482.5248000006468,yolo,0.9711790149528576,12.348999999630905,classical,0.9612127583305033,8.033097267150879,mixed,,PASS,BOX-501204-VH,pcb,Shipping Carton,49.59190688116034,28.06565448044073,63.61175921364163,0.0,3.0,1.0,3.595097156633426,0.2318160334923182,0.1882892465905909,0.9217461862192732,81,252239640,"493.0,505.0;840.2,103.2;1058.2,287.0;689.6,645.7",OK
images/mixed_0361.jpg,479.42110000076354,yolo,0.9956614634664998,12.220600000546256,classical,0.9873235598655163,3.221073627471924,mixed,,PASS,BOX-501204-VH,pcb,Shipping Carton,35.17415674661774,3.3305384160932,23.43451158949471,0.0,3.0,0.6,6.7250278040673415,0.0514583359435161,0.1442842949279879,1.0600855906561055,82,322480689,"301.4,582.3;841.0,200.5;1015.8,454.9;480.6,829.5",OK
images/mixed_0362.jpg,483.03689999920607,yolo,0.9832563068008814,12.881600000582694,classical,0.9885959512305141,1.4776017665863037,mixed,,MISMATCH,SN-P1622-SD,pcb,Unregistered Part,64.18068978514606,1.2369344746827782,41.65941283477192,0.0,0.0,1.0,3.723012718683232,0.2586343487711988,0.2443067541358936,1.028386929955907,76,918921389,"520.5,725.7;797.8,150.4;1066.7,281.7;788.5,854.2",UNKNOWN_SERIAL
images/mixed_0363.jpg,483.2470999999714,yolo,0.9129698338788249,12.030300000333227,classical,0.9586769955108135,17.722686767578125,mixed,,PASS,SEN-301827-TB,metal,Temperature Sensor Pack,89.30101384882816,29.700199352088774,86.22207792023809,0.05,0.0,0.0,2.038275731541648,0.3298417476671193,0.1603413627339187,1.0524221328292729,84,467632323,"680.2,779.5;660.3,221.9;979.8,225.3;935.7,779.0",OK
images/mixed_0364.jpg,484.94970000047033,yolo,0.9946693984101325,13.100799999847368,classical,0.9627012690436453,8.268983840942383,mixed,,PASS,MTR-P83614-5,pcb,BLDC Motor 24V,52.903015965479824,20.44783166114321,50.2876123227358,0.0,7.0,0.6,2.183162632158681,0.0461431432973972,0.0918254119287655,0.9136915674370192,93,683643055,"505.0,696.7;844.4,253.3;1059.4,421.2;711.6,830.2",OK
images/mixed_0365.jpg,484.93469999993977,yolo,0.948228835707827,12.45660000040516,classical,0.9485956889323945,6.120406150817871,mixed,,PASS,MTR-0511-N8,shipping,BLDC Motor 24V,89.18600035625012,15.799299175711978,177.80519740663246,0.0,3.0,0.0,5.626670879598222,0.0167213564992006,0.1853155554908735,1.0377980954256865,95,967245903,"456.5,784.4;464.1,139.7;764.9,124.3;755.4,809.1",OK
images/mixed_0366.jpg,486.8538999999146,yolo,0.9459520531689934,14.035700000022189,classical,0.784125122905038,56.08181381225586,mixed,,MISMATCH,MTR-07779-4,component,Unregistered Part,66.96724517292559,8.292846441771779,114.03243991322807,0.12,0.0,0.6,4.379107889938823,0.0331142103691919,0.2186475590025331,1.0990100959194768,77,376003613,"565.8,721.6;809.5,118.6;1092.1,235.3;828.3,838.6",UNKNOWN_SERIAL
images/mixed_0367.jpg,488.2120999991457,yolo,0.9575148617574101,12.4457000001712,classical,0.9215974455440238,17.736536026000977,mixed,,MISMATCH,DRV-96439-3R,metal,Unregistered Part,53.58790998358258,28.349118378639048,9.851090252740567,0.12,3.0,0.0,5.240700284822319,0.6525133819820681,0.2052691830231553,1.084410511755094,75,740373490,"193.3,692.8;604.8,149.1;801.0,327.3;420.3,814.9",UNKNOWN_SERIAL
images/mixed_0368.jpg,488.3738999997149,yolo,0.943514854687812,12.728599999718426,classical,0.9477200462544053,12.66246223449707,mixed,,PASS,SN-F3985-P,pcb,Voltage Regulator Module,71.13470981030235,5.023506686676499,88.15941203087075,0.05,3.0,0.0,2.271373070204663,0.0240281034953812,0.0587601073642729,1.009899932100231,77,422307308,"324.4,715.1;520.9,122.6;803.5,219.4;596.3,807.8",OK
images/mixed_0369.jpg,489.1907999999603,yolo,0.9595417557414833,12.7556999996159,classical,0.810121164687561,33.25478744506836,mixed,,PASS,SEN-196316-H,component,Temperature Sensor Pack,17.21954408362683,12.697343853566675,53.96987144259477,0.0,3.0,0.0,5.618895792816955,0.1071008973620852,0.232795273413298,1.035010229996001,88,470798602,"223.0,435.3;814.0,248.1;894.5,525.1;311.9,687.0",OK
images/mixed_0370.jpg,489.3605999995998,yolo,0.9203397740349003,12.048999999933585,classical,0.7728823969003552,30.978736877441406,mixed,,MISMATCH,CMP-039712-A,shipping,Capacitor Bank Unit,2.9815728505050663,19.827865133615663,86.69511081861482,0.12,0.0,1.0,6.694653190752695,0.1221861075391514,0.2419940832221827,1.0583916901668668,90,844980153,"458.1,439.3;1099.0,381.9;1116.5,727.2;475.6,732.2",FAULTY_LOT
images/mixed_0371.jpg,490.74079999991227,yolo,0.9850368607545742,12.292800000068382,classical,0.956238136622417,8.814160346984863,mixed,,MISMATCH,SEN-9737-BQ,pcb,Unregistered Part,49.38204640280468,11.843776264783337,2.582678852736253,0.0,3.0,0.0,3.472326239134312,0.0923682501900186,0.2000231128044322,1.0115000604394186,94,387565412,"209.6,597.5;626.8,111.0;836.7,308.5;436.1,773.7",UNKNOWN_SERIAL
images/mixed_0372.jpg,492.1380000005229,yolo,0.9563432702414292,12.411700000484416,classical,0.9487178264110805,10.001138687133789,mixed,,PASS,DRV-82662-L2,pcb,Stepper Driver Board,31.787681600246103,5.909723717176099,101.64692761024216,0.05,0.0,0.6,3.0794757092395955,0.0151646020735866,0.188882044331461,0.8695154331774811,89,570402894,"252.7,502.5;705.1,215.7;841.2,433.8;382.0,713.3",OK
images/mixed_0373.jpg,493.00899999980174,yolo,0.9326919059690784,12.24480000018957,classical,0.9187069740726187,10.08553409576416,mixed,,PASS,PSU-R677-HG,pcb,Power Supply 12V 5A,85.8690950687219,27.81750158452862,105.54524330410432,0.05,0.0,0.0,5.875278907632528,0.2593745469951826,0.2419006347315457,1.0207328888485312,86,456015267,"330.4,707.9;323.0,141.7;648.7,165.8;595.4,741.2",OK
images/mixed_0374.jpg,489.99819999971805,yolo,0.9902376014854125,13.448099999550323,classical,0.9771559903057366,3.1927084922790527,mixed,,PASS,CMP-8341-N,pcb,Capacitor Bank Unit,14.610830574142042,6.550767938878293,86.07097652734566,0.0,0.0,0.0,5.527086609472455,0.2625285851183764,0.1725261472357034,0.9211698732616068,92,859186576,"368.4,314.5;916.7,165.4;985.4,430.2;434.8,567.0",OK
images/mixed_0375.jpg,496.1422999995193,yolo,0.9831442477098232,12.836000000788772,classical,0.8395920469403149,25.7647762298584,mixed,,MISMATCH,CTL-67425-60,shipping,Unregistered Part,70.73142556865068,19.869784195095235,73.0131297475404,0.0,0.0,1.0,6.197253557735111,0.008418421679171,0.0840447832510285,1.0058421840835476,91,879908853,"263.9,653.0;456.5,65.2;762.0,174.3;531.1,735.5",UNKNOWN_SERIAL
images/mixed_0376.jpg,495.526400000017,yolo,0.9603452188399552,13.380699999288481,classical,0.9346635786532681,9.893314361572266,mixed,,PASS,CMP-2720-TZ,shipping,Capacitor Bank Unit,85.09088320551082,12.64805163513761,89.75058505490692,0.0,3.0,0.6,2.4371704360991773,0.0494767006908397,0.2169684495871423,0.9182048478399434,78,73809201,"432.9,786.7;469.5,213.0;757.2,237.8;695.3,809.1",OK
images/mixed_0377.jpg,500.60149999990244,yolo,0.9632734279831452,13.77909999973781,classical,0.9097550410584028,12.993778228759766,mixed,,PASS,SN-F3985-P,pcb,Voltage Regulator Module,24.47277766302779,22.88809628023189,11.877370411215871,0.05,0.0,0.0,3.362757081905128,0.2229106506978707,0.1013852321287481,0.8548050581337361,86,346864667,"483.8,488.0;983.5,266.1;1066.8,483.8;596.8,685.2",OK
images/mixed_0378.jpg,499.50799999987794,yolo,0.9603397095087578,12.59570000001986,classical,0.8661296915970572,23.83308982849121,mixed,,MISMATCH,SN-809277-8,shipping,Unregistered Part,59.42593840071914,24.72918795376588,98.90865905008975,0.05,0.0,0.0,2.239332314453649,0.2656390056109134,0.053895411171464,0.9523112436783512,89,1016492340,"310.4,571.0;564.0,74.9;833.6,234.2;532.2,709.9",UNKNOWN_SERIAL
images/mixed_0379.jpg,503.2948000007309,yolo,0.9842191466544218,12.952399999448971,classical,0.8276355306842873,26.9779109954834,mixed,,PASS,PSU-R992-M,component,Power Supply 12V 5A,78.54808504070638,0.0067162944904419,62.32803208972453,0.0,0.0,1.0,4.480616419208449,0.246039437694252,0.2347755955532345,0.8511999442343281,77,195195511,"263.2,679.0;364.6,178.5;589.9,224.1;488.5,724.7",OK
images/mixed_0380.jpg,502.7053999992859,yolo,0.9519499803400449,12.486799999351206,classical,0.918968623020679,11.456783294677734,mixed,,PASS,PSU-7372-J1,shipping,Power Supply 12V 5A,4.293172499345644,3.1679556818777628,149.59592542329008,0.0,0.0,0.0,6.0514209834402575,0.1405059918001193,0.1109708220230072,0.9151363985974146,82,801741845,"301.6,296.2;882.5,250.6;905.8,525.5;319.1,568.3",OK
images/mixed_0381.jpg,503.0690000003233,yolo,0.9296094544736891,12.534600000435603,classical,0.862451024199232,26.544376373291016,mixed,,PASS,PCB-20259-N,pcb,Main Controller PCB,46.02613995325147,16.366309744966806,20.23620549535009,0.12,3.0,1.0,6.486954135791898,0.0733422666747113,0.1407208088303408,0.9659712397604032,92,46614937,"495.2,576.7;921.9,137.5;1111.7,338.2;698.9,747.2",OK
images/mixed_0382.jpg,506.2293999999383,yolo,0.9678857964769964,17.697899999802758,classical,0.9714689697841711,6.6618475914001465,mixed,,PASS,DRV-82662-L2,pcb,Stepper Driver Board,65.09910232651065,11.137362799713774,174.72315813355254,0.0,7.0,0.0,2.6355449590663573,0.0953037054235214,0.2219465872274732,0.9757377679532856,75,749884400,"535.3,717.4;783.3,178.3;1041.0,285.4;781.2,844.9",OK
images/mixed_0383.jpg,511.07709999996587,yolo,0.9609681596535508,14.302999999927124,classical,0.9635720771101998,5.3468828201293945,mixed,,PASS,SN-F3985-P,pcb,Voltage Regulator Module,11.980090261167335,31.57235286063725,74.32079398658821,0.0,3.0,0.6,4.847209492111844,0.0417710225061735,0.2028834336436852,1.0815571351746034,80,166666887,"460.3,383.2;1040.1,247.2;1115.1,591.6;535.6,650.6",OK
images/mixed_0384.jpg,510.39529999980005,yolo,0.9815078161038697,13.437000000521948,classical,0.9487726206817463,9.106417655944824,mixed,,PASS,CMP-70538-ES,metal,Capacitor Bank Unit,30.068557525734377,8.719757384682897,25.117763360105524,0.0,7.0,0.0,2.095422273373567,0.5896220096184266,0.1984885985259362,1.1114658836114075,82,70420403,"422.7,538.3;1006.5,198.4;1150.2,464.0;578.8,786.3",OK
images/mixed_0385.jpg,514.4568000005165,yolo,0.9761386314052963,13.374400000429887,classical,0.9473172908195733,11.974161148071289,mixed,,PASS,SN-891927-W,metal,Voltage Regulator Module,64.56708324114535,22.70545557451,28.27749792646388,0.0,7.0,1.0,2.9982423783545737,0.4190902509795326,0.0669837519509067,1.024832666098053,85,459108785,"556.0,728.7;833.3,167.5;1072.2,295.2;794.4,811.8",OK
images/mixed_0386.jpg,513.7728999998217,yolo,0.9806815405205452,12.49039999947854,classical,0.9202267702612913,12.928871154785156,mixed,,PASS,CMP-R6567-4Z,shipping,Capacitor Bank Unit,76.84082615459725,1.372285556539807,11.51680238410754,0.0,0.0,0.0,3.793237484023342,0.1878980913440596,0.2314790913890355,0.9917051413314096,81,53249717,"445.0,735.4;589.6,115.7;879.2,185.0;734.7,801.4",OK
images/mixed_0387.jpg,510.8879999997953,yolo,0.9179321785791872,12.335800000073505,classical,0.8665238173285144,27.873615264892578,mixed,,PASS,DRV-014068-CD,pcb,Stepper Driver Board,79.73384182878041,0.083583015299698,92.39898041359284,0.12,0.0,1.0,5.010211264452868,0.1135609219030471,0.1132340377004896,1.036654500297057,86,665239342,"339.9,714.6;454.3,82.1;750.3,135.7;635.6,768.2",OK
images/mixed_0388.jpg,511.66229999944335,yolo,0.9383921184635728,12.058000000251923,classical,0.7696904334195904,45.23225784301758,mixed,,PASS,LBL-59596-T,component,Return Label Stock,72.89198805668367,9.51709031827653,134.9360185420319,0.12,3.0,0.0,4.620362507940611,0.2585866088592931,0.0942441976052834,0.8861205377506057,82,119194013,"262.3,653.0;407.8,150.5;641.2,218.3;482.6,727.7",OK
images/mixed_0389.jpg,508.3103000006304,yolo,0.8808206076685784,14.79490000019723,classical,0.7853490267699091,24.426992416381836,mixed,,MISMATCH,SN-H51898-0,shipping,Unregistered Part,2.3808745413669783,23.36171106208833,99.81163846980016,0.12,3.0,0.0,4.144141190541275,0.0886259760352174,0.0554340350906338,0.893948862244518,77,837485635,"267.6,288.6;792.8,237.7;804.9,528.1;271.6,536.5",UNKNOWN_SERIAL
images/mixed_0390.jpg,511.0138999998526,yolo,0.9732704925653259,12.816100000236474,classical,0.7310852936796232,48.75580596923828,mixed,,PASS,CMP-9838-G,component,Capacitor Bank Unit,21.51539173879832,24.011045524342432,46.830694055094256,0.05,0.0,0.0,4.8992691045421735,0.129316368491703,0.2249226250429704,1.1117766775564064,83,881906853,"249.1,391.8;864.7,157.9;970.6,448.5;374.8,632.5",OK
images/mixed_0391.jpg,513.5847999999896,yolo,0.9824936596574115,11.9896999995035,classical,0.8126260364677111,41.69458770751953,mixed,,PASS,DRV-3967-9A,component,Stepper Driver Board,29.072104417822,12.298616100924797,104.03112019656594,0.05,0.0,1.0,2.6349320009555184,0.0074467371695427,0.1435500148678381,1.076607578087688,93,920593068,"292.2,560.1;834.6,238.9;984.5,504.3;422.8,804.5",OK
images/mixed_0392.jpg,513.1769999998141,yolo,0.9818792877052451,12.088800000128685,classical,0.8284657202023078,41.886837005615234,mixed,,PASS,DRV-I457-AJ,component,Stepper Driver Board,59.18883277406131,2.1260740592685896,102.9305154084322,0.05,7.0,0.6,6.367493967918911,0.0541161955495701,0.1165856946209956,1.1083800626345868,85,678191914,"211.9,736.9;549.8,165.2;809.3,319.3;466.4,889.4",OK
images/mixed_0393.jpg,512.8839999997581,yolo,0.9114642687876506,11.857400000735652,classical,0.924180138477523,13.621092796325684,mixed,,PASS,LBL-8609-XW,metal,Return Label Stock,85.14094588468143,8.121721989567213,26.12095728368054,0.05,3.0,0.6,5.045275389040988,0.5519847720156319,0.1046886341271667,1.1324187436749216,76,262312789,"429.0,793.7;485.3,108.2;791.4,142.7;727.7,808.7",OK
images/mixed_0394.jpg,503.1054999999469,yolo,0.9875056696206935,12.719500000457629,classical,0.9560417072412077,6.931715965270996,mixed,,PASS,CTL-65100-Z8,component,Motor Controller,63.48848541650303,8.636119871961512,122.80648356976222,0.0,7.0,0.0,6.649459522817141,0.0953502285064257,0.0849196685397802,0.9941915757206178,77,1035116460,"543.1,724.5;796.3,194.2;1043.8,313.8;773.7,846.0",OK
images/mixed_0395.jpg,503.6414000005607,yolo,0.971147429576307,11.884100000315811,classical,0.9175375042927502,13.032273292541504,mixed,,PASS,SN-F3985-P,metal,Voltage Regulator Module,10.832241914335963,32.02926563121394,145.29796252136907,0.0,0.0,0.0,5.648767864860641,0.4717437421204848,0.0890195510331128,1.1316651005967864,76,120796575,"428.2,495.5;1025.6,315.2;1092.9,601.6;430.4,757.7",OK
images/mixed_0396.jpg,505.91089999943506,yolo,0.8133097297617293,12.135299999499694,classical,0.635950073257041,47.60268020629883,mixed,,PASS,PSU-60698-N0,component,Power Supply 12V 5A,88.67921063003064,26.07250491263746,140.79539994773776,0.12,3.0,0.0,4.242814262594321,0.0617456490519139,0.1762110494501788,0.9493039367994665,77,844795922,"705.5,788.5;677.3,255.6;931.7,255.8;933.5,821.2",OK
images/mixed_0397.jpg,505.11999999980617,yolo,0.9808408124513142,13.81039999978384,classical,0.8431571054325024,28.656734466552734,mixed,,PASS,LBL-4983-YZ,component,Return Label Stock,59.10659017586864,12.535646955640647,126.47102707458116,0.0,7.0,0.6,5.302870452312551,0.2279682134250439,0.0859418745150038,0.908140168083954,90,833457645,"622.2,647.6;882.7,184.5;1100.5,310.6;819.7,775.6",OK
images/mixed_0398.jpg,500.2423000005365,yolo,0.9847501616054709,12.206699999296688,classical,0.9115223026365458,19.719797134399414,mixed,,PASS,PCB-20259-N,metal,Main Controller PCB,71.37346567323459,1.1452997243965324,131.06821123097893,0.0,3.0,0.6,6.201257215004505,0.7032929985954812,0.2046939840697624,1.1239455714715838,93,1012713890,"409.8,750.0;623.7,111.6;912.6,208.0;696.0,847.5",OK
images/mixed_0399.jpg,502.0262999996703,yolo,0.9630520792323303,12.630299999727868,classical,0.9757286725444011,6.764464855194092,mixed,,PASS,DRV-3967-9A,component,Stepper Driver Board,57.25334523833075,22.08333229105679,175.31963041251126,0.0,7.0,0.0,6.163907674139946,0.1548859010241925,0.1234653443449697,1.0827723324211955,93,322400555,"501.2,618.4;834.6,89.8;1077.4,217.4;713.5,786.9",OK
images/mixed_0400.jpg,501.5468999999939,yolo,0.95519002529611,12.065399999301007,classical,0.9368371516306442,28.22215461730957,mixed,,PASS,DRV-Z83390-H,shipping,Stepper Driver Board,58.21052970855067,33.33192126575715,178.99408573492505,0.05,3.0,1.0,5.807131421948402,0.2187435135839066,0.2194114868377643,1.1347767478948243,76,803068275,"459.8,701.0;816.2,121.0;1084.9,231.0;676.1,893.3",OK
images/mixed_0401.jpg,497.65060000027006,yolo,0.9415616431984353,13.096699999550765,classical,0.968437471131064,11.496257781982422,mixed,,MISMATCH,PSU-60791-S2,pcb,Unregistered Part,86.54538197928458,23.964502812425422,174.4524991142657,0.0,3.0,0.0,3.5218905318490834,0.2330394305187132,0.0936457218513867,0.9057664165408726,79,262647531,"312.2,709.1;338.6,169.1;581.6,164.2;549.3,746.6",UNKNOWN_SERIAL
images/mixed_0402.jpg,496.97939999987284,yolo,0.9357577259406975,12.553599999591825,classical,0.9248453015146736,19.546913146972656,mixed,,PASS,LBL-4983-YZ,pcb,Return Label Stock,32.30959556306595,24.63080012907609,142.08247979238777,0.12,0.0,0.0,2.914676215423392,0.2489373993195209,0.2449908850564776,1.114693249678944,75,22794703,"382.1,561.3;902.9,175.8;1088.0,443.0;505.8,824.0",OK
images/mixed_0403.jpg,494.7019999999611,yolo,0.9768623156442563,13.209899999310437,classical,0.961978133246863,6.188516139984131,mixed,,PASS,LBL-8609-XW,pcb,Return Label Stock,42.47217278063853,30.943019029917394,59.058407547340245,0.0,3.0,0.0,6.238826189634325,0.0661800228406014,0.1470191887681231,0.9070972087877166,89,806789937,"241.5,573.3;633.0,232.2;822.2,434.4;418.1,728.1",OK
images/mixed_0404.jpg,493.94779999965976,yolo,0.9432994044884447,12.522099999841885,classical,0.869922236882637,25.97467041015625,mixed,,PASS,SN-408210-Q,shipping,Voltage Regulator Module,44.8267739940501,9.098412321244515,0.0706621265785045,0.12,0.0,1.0,3.251227358839543,0.2547582713460876,0.2164589318877859,0.8987525689676759,75,198265317,"264.2,554.8;678.5,143.0;860.0,338.0;458.1,737.4",OK
images/mixed_0405.jpg,497.013700000025,yolo,0.975740364555963,13.505700000678189,classical,0.9594598950484324,6.862758159637451,mixed,,PASS,DRV-759972-S,metal,Stepper Driver Board,40.09459158628125,11.159094382290212,45.46794773958777,0.0,3.0,0.0,4.858889556957462,0.581477232932024,0.2153303304002324,0.9974877952304247,75,17978697,"200.8,485.9;659.1,97.0;831.9,310.9;375.3,678.0",OK
images/mixed_0406.jpg,494.7987999994439,yolo,0.9788959869016891,13.191699999879347,classical,0.9523612411301446,6.723397254943848,mixed,,PASS,CTL-0514-QJ,pcb,Motor Controller,9.68260486023464,27.58630674662286,69.70242591771562,0.0,7.0,0.0,2.3540707613624967,0.2386830616052262,0.0934079503216932,1.0085433010294154,92,572850805,"227.7,506.3;795.5,403.9;849.5,718.4;289.5,762.9",OK
images/mixed_0407.jpg,499.8262999997678,yolo,0.9701424659324505,12.935300000208372,classical,0.9645054278220901,5.01917028427124,mixed,,MISMATCH,CTL-4965-L,shipping,Unregistered Part,13.118994656265969,22.21522910694301,66.21259261830801,0.0,0.0,0.0,5.696908649495156,0.0260255454330369,0.1241036624258597,0.9808761999865993,90,775266476,"215.9,309.4;800.3,167.2;869.5,474.4;292.4,568.9",UNKNOWN_SERIAL
images/mixed_0408.jpg,499.84909999966476,yolo,0.9782548481534328,13.297500000589935,classical,0.9595997318948224,7.043635368347168,mixed,,PASS,PSU-3148-Z,pcb,Power Supply 12V 5A,30.077509720884414,15.979195127061804,103.95384819509816,0.0,0.0,0.0,2.6694815032927472,0.1643383985498945,0.1794669194440526,0.955778054745274,94,151562591,"355.6,595.6;837.7,292.3;985.9,545.1;481.8,825.0",OK
images/mixed_0409.jpg,495.2789999997549,yolo,0.962115955959708,12.877900000603404,classical,0.9588224377613013,10.278230667114258,mixed,,PASS,MTR-0511-N8,metal,BLDC Motor 24V,32.181235776528546,22.65009661007945,98.95735624019004,0.05,0.0,0.6,6.113739904282477,0.3779886593186716,0.0828901637589069,1.146800425728943,86,959045600,"325.0,559.2;845.2,188.2;1027.7,476.1;469.7,802.1",OK
images/mixed_0410.jpg,498.6245999998573,yolo,0.9757297304457555,12.770799999998417,classical,0.926702371420178,17.303016662597656,mixed,,MISMATCH,SN-132735-YP,shipping,Unregistered Part,20.84655249947689,29.302972895678646,5.460448679512481,0.0,0.0,0.0,6.340665053784944,0.2357429656007154,0.1511041246981016,0.96465047753776,80,851486202,"275.9,465.3;884.6,238.9;949.1,487.8;397.0,687.9",UNKNOWN_SERIAL
images/mixed_0411.jpg,497.2761000008177,yolo,0.9835198632304303,12.855099999796948,classical,0.2812124390001098,620.0205078125,mixed,,PASS,CMP-2720-TZ,pcb,Capacitor Bank Unit,52.01485566851807,34.91181162547998,50.56723572193791,0.0,7.0,0.0,6.07837075759364,0.2798553921161509,0.2131711854930463,1.004335934897577,82,520643430,"241.6,560.3;621.9,120.1;858.0,301.1;462.2,680.7",OK
images/mixed_0412.jpg,498.5453999997844,yolo,0.9137906025627118,12.872999999672174,classical,0.9164442630358195,18.813217163085938,mixed,,PASS,CTL-54171-EP,pcb,Motor Controller,55.64000918500356,32.43355329695746,86.05122021931118,0.12,0.0,0.6,5.76764989576381,0.035009720923424,0.2353084041203828,0.9431399690192184,90,801399183,"221.6,599.7;484.3,171.5;738.9,344.3;426.8,735.1",OK
images/mixed_0413.jpg,498.64179999985936,yolo,0.9380548829118057,13.500699999895005,classical,0.8258904956508164,25.501495361328125,mixed,,PASS,MTR-G84076-FG,pcb,BLDC Motor 24V,18.40259244494968,22.535424584743307,60.08242502610905,0.12,3.0,0.6,5.655207415401579,0.1263701638460147,0.1594629313661595,0.8656286076778638,87,166142182,"386.1,497.9;876.6,336.6;958.5,586.2;473.9,713.0",OK
images/mixed_0414.jpg,500.3127999998469,yolo,0.9501260631829495,12.454700000489538,classical,0.7784292633132776,45.238441467285156,mixed,,MISMATCH,SEN-011556-S,component,Unregistered Part,71.10677438377238,17.589942079083013,114.45023320904308,0.12,7.0,0.0,4.4266143832038445,0.2045207541495802,0.2359429033218731,0.8843919723025335,89,909579274,"391.7,587.4;535.4,101.5;772.3,180.8;602.0,668.8",UNKNOWN_SERIAL
images/mixed_0415.jpg,502.01579999975365,yolo,0.9791497148642898,13.110199999573524,classical,0.9898827232669406,1.4107788801193237,mixed,,PASS,SN-6949-8R,pcb,Voltage Regulator Module,61.60795745526676,0.7399502512765066,81.19902301331153,0.0,0.0,0.0,2.5056081042503315,0.2762158141187879,0.1239117785320699,0.9933373557049904,82,360324698,"495.1,674.6;787.3,132.3;1041.3,269.8;747.9,811.1",OK
images/mixed_0416.jpg,499.2784000005486,yolo,0.9421702342888941,13.2261999997354,classical,0.725027697380545,60.59651184082031,mixed,,MISMATCH,CMP-H26168-E,component,Unregistered Part,14.05402232430297,14.93026866250222,117.5104506539526,0.12,7.0,0.0,5.911666849047244,0.0575497084784426,0.1429975135337814,1.1474831258565978,95,303168454,"314.3,416.8;951.8,230.1;1036.1,544.8;373.4,702.3",UNKNOWN_SERIAL
images/mixed_0417.jpg,499.99170000046433,yolo,0.9447135397222952,13.840900000104739,classical,0.8625315100581966,24.26873016357422,mixed,,MISMATCH,MTR-2212-S,shipping,Unregistered Part,17.392019878970768,6.616930124134001,53.60051069050292,0.12,0.0,0.0,2.553252859372186,0.0527260265058549,0.1467408967436209,0.8678423935244971,84,882808679,"205.3,481.1;735.6,311.8;812.0,565.1;285.5,723.3",UNKNOWN_SERIAL
images/mixed_0418.jpg,500.6893999998283,yolo,0.9752562451352064,13.10509999984788,classical,0.7664048606293125,35.422183990478516,mixed,,PASS,SEN-301827-TB,component,Temperature Sensor Pack,78.67578171405455,27.29938118062465,36.22070708947309,0.0,7.0,0.6,3.535469629205102,0.1274205464733837,0.1293498704017543,0.9391798396752504,91,283344902,"612.4,702.7;739.6,155.6;981.5,210.3;837.9,718.1",OK
images/mixed_0419.jpg,500.3508999998303,yolo,0.9493260539461724,12.725399999908404,classical,0.791937654298055,45.483604431152344,mixed,,PASS,MTR-0511-N8,component,BLDC Motor 24V,46.83612320764776,9.923675049814117,104.2194381965411,0.12,3.0,1.0,4.993722255332956,0.1839176529988874,0.2061685213055896,0.8789062985297786,86,80188626,"240.7,509.2;588.7,124.6;768.1,291.2;406.6,668.3",OK
images/mixed_0420.jpg,500.3915999996025,yolo,0.9837648262837286,12.208999999529624,classical,0.9653660504547763,6.561741352081299,mixed,,PASS,DRV-95485-DG,pcb,Stepper Driver Board,55.17771006166747,11.018260480933876,145.7231134127469,0.0,7.0,1.0,2.00235434184282,0.1379657122330225,0.1862548041770519,0.9849967566923292,79,260291906,"424.7,594.9;756.6,97.5;998.1,256.0;644.3,762.0",OK
images/mixed_0421.jpg,500.96750000011525,yolo,0.9519712741800662,12.75789999999688,classical,0.958454011712765,9.835068702697754,mixed,,MISMATCH,LBL-L79624-TV,pcb,Unregistered Part,66.75670707240717,29.56962124745652,155.41820544235253,0.05,7.0,0.6,5.6521846996791085,0.0903959832713158,0.119841143162909,1.0439186583875912,90,449447135,"329.0,676.6;529.1,103.9;796.0,198.7;551.1,818.1",UNKNOWN_SERIAL
images/mixed_0422.jpg,500.8166000006895,yolo,0.9932916980903835,12.272800000573625,classical,0.9622504424118336,4.961298942565918,mixed,,PASS,PSU-R992-M,pcb,Power Supply 12V 5A,7.877603813337824,5.629160452283684,173.1720270905477,0.0,3.0,0.6,5.773878875237185,0.0242005323581358,0.0716162214901506,0.9974251476686968,91,891801761,"172.0,514.6;778.3,429.6;823.8,714.7;205.0,800.0",OK
images/mixed_0423.jpg,501.9259000000602,yolo,0.9615531295449665,12.942399999701593,classical,0.9303208936376866,18.218530654907227,mixed,,MISMATCH,PCB-F28738-1,shipping,Unregistered Part,69.75401448766611,6.559355991239072,118.11658045882248,0.05,0.0,0.6,4.331981643945441,0.289087142945279,0.0743770855626524,1.0577702288709196,86,738134711,"474.1,756.7;697.0,125.0;1002.9,234.1;762.6,868.2",UNKNOWN_SERIAL
images/mixed_0424.jpg,504.0609999996377,yolo,0.9615710894623194,12.430800000402087,classical,0.8265738420248353,31.527677536010742,mixed,,MISMATCH,MTR-44772-M,component,Unregistered Part,37.084970473868005,16.50705166338146,29.947201263435943,0.0,0.0,0.0,6.302108572652293,0.1085463465782398,0.0964223462551904,0.9206613704036646,83,304760094,"422.0,459.7;869.9,124.8;1012.8,327.3;575.9,637.4",UNKNOWN_SERIAL
images/mixed_0425.jpg,504.0301000008185,yolo,0.8674278937531582,12.954599999829952,classical,0.8092017488914833,28.904666900634766,mixed,,MISMATCH,PCB-6548-VD,shipping,Unregistered Part,89.52532035738182,7.648395208911944,40.29212343619668,0.12,3.0,1.0,3.743405508403975,0.2876079183805278,0.1595691843793432,0.9192952303599726,76,337508707,"770.0,724.7;772.4,132.5;1051.8,139.6;1039.6,720.1",UNKNOWN_SERIAL
images/mixed_0426.jpg,505.07090000064636,yolo,0.93939786720553,11.74639999953797,classical,0.748824416361417,35.90949249267578,mixed,,PASS,PSU-4512-T,component,Power Supply 12V 5A,87.31404741970485,1.8195066916544984,125.5191691896215,0.05,0.0,1.0,3.3633451821757365,0.2829810488066685,0.1422906086849716,0.9345509763377676,78,340710975,"279.4,687.4;304.2,128.3;557.6,139.3;530.1,700.2",OK
images/mixed_0427.jpg,504.1086000001087,yolo,0.9327545858155131,12.595400000463997,classical,0.8835386727445111,23.386760711669922,mixed,,PASS,PSU-60698-N0,metal,Power Supply 12V 5A,73.50213565140865,3.3476368579320166,160.08906984125886,0.12,0.0,0.6,2.8107391425066064,0.506125364295281,0.0847775107169091,0.9523307022663928,91,906494623,"303.5,670.5;463.7,125.1;711.6,195.7;547.9,746.0",OK
images/mixed_0428.jpg,505.0959000000148,yolo,0.9783485607363595,12.486200000239478,classical,0.9398537843701197,16.13534927368164,mixed,,PASS,SN-S017-BL,shipping,Voltage Regulator Module,77.4721170112499,24.667610943162263,169.56170847714407,0.0,0.0,1.0,3.671401234534896,0.2784517202139718,0.0718201460214101,0.9998721032492206,83,207937096,"647.8,775.0;766.4,175.1;1043.4,211.9;904.2,864.7",OK
images/mixed_0429.jpg,502.1103999997649,yolo,0.9761412027798285,14.673499999844353,classical,0.9826397202435759,5.135329246520996,mixed,,PASS,SN-891927-W,shipping,Voltage Regulator Module,24.044053610495805,3.534626266637824,128.66879054804497,0.0,0.0,0.0,2.43324745571542,0.0473619723358651,0.2194388843738609,1.0041685048114368,91,626670844,"269.7,538.4;852.0,274.4;978.3,551.3;388.4,811.5",OK
images/mixed_0430.jpg,505.11610000012297,yolo,0.9762956209639505,12.826200000745303,classical,0.9150928367588005,18.16747283935547,mixed,,PASS,CMP-179198-P,shipping,Capacitor Bank Unit,63.01136085979739,29.690576258854367,62.38611520560069,0.0,7.0,1.0,3.6774892293932657,0.2299772095885878,0.1671162659877748,0.951246912210964,76,535657413,"265.2,687.8;525.9,188.8;799.1,326.4;502.6,781.0",OK
images/mixed_0431.jpg,503.5350999996808,yolo,0.9797621158006559,12.837799999942945,classical,0.7554357166392575,131.10902404785156,mixed,,PASS,SEN-196316-H,metal,Temperature Sensor Pack,62.47952397968446,30.88985094054041,148.90679547418011,0.0,0.0,0.0,6.954844431398823,0.7200357685625605,0.1906812758148484,1.019486334640196,79,571338333,"313.3,637.7;530.8,111.9;766.6,223.1;503.6,781.0",OK
images/mixed_0432.jpg,504.24519999978656,yolo,0.9874910410497477,11.934799999835377,classical,0.9684007041381412,4.155268669128418,mixed,,MISMATCH,CMP-039712-A,shipping,Capacitor Bank Unit,8.024167468130361,6.51283053770188,96.1999935216504,0.0,0.0,0.6,5.881786313667184,0.0725627966571496,0.1498534879545297,0.9638439395712112,95,160961477,"478.3,498.2;1083.8,405.1;1125.8,698.6;516.8,777.6",FAULTY_LOT
images/mixed_0433.jpg,503.267600000072,yolo,0.9215429282997006,13.235000000349828,classical,0.9395780119489165,11.86316204071045,mixed,,PASS,SEN-196316-H,pcb,Temperature Sensor Pack,80.1242466018323,4.455480232028365,159.07287252310772,0.05,7.0,0.0,3.891239930353629,0.21869876218253,0.0672652885473912,0.955278552830623,83,1029002386,"500.2,739.1;598.8,159.6;873.4,203.3;770.1,790.6",OK
images/mixed_0434.jpg,504.5111999997971,yolo,0.9071156722001673,14.939400000002934,classical,0.8906694314199246,23.591350555419922,mixed,,PASS,PSU-7372-J1,metal,Power Supply 12V 5A,59.26114140506933,1.1055581551011788,0.0495740898840724,0.12,0.0,0.0,4.805235121985579,0.3507922270735056,0.0512470286784497,0.9646554431561434,88,502294835,"541.0,616.1;837.4,117.7;1060.7,251.7;765.4,748.3",OK
images/mixed_0435.jpg,499.9471999999514,yolo,0.9553383172731256,13.055500000518805,classical,0.8429181253985986,24.144826889038086,mixed,,MISMATCH,SN-724458-ZZ,shipping,Voltage Regulator Module,8.946568661432847,23.87107116391461,63.22942317948609,0.05,0.0,0.6,6.094185359476716,0.1268640518332438,0.1508794820101191,0.8631097679148901,87,120169931,"335.6,436.0;854.9,354.8;897.0,625.2;388.3,668.4",FAULTY_LOT
images/mixed_0436.jpg,503.22200000027806,yolo,0.9702213358605148,13.018800000281772,classical,0.9729143031650335,4.241129398345947,mixed,,PASS,CMP-R6567-4Z,pcb,Capacitor Bank Unit,36.0305072771415,5.599567374609454,126.3546859035607,0.0,0.0,0.0,3.6446836104340457,0.0249713048551675,0.0747510860074792,0.9978051651676852,85,244248605,"462.1,583.8;954.3,218.0;1129.8,453.8;625.7,815.9",OK
images/mixed_0437.jpg,500.35139999999956,yolo,0.9344544639606891,13.22859999982029,classical,0.9039521588687183,29.085983276367188,mixed,,PASS,DRV-I457-AJ,pcb,Stepper Driver Board,62.84738223694948,8.544768578615503,140.85339360640612,0.12,3.0,0.0,5.831959335473832,0.0140600966740158,0.1818283160830072,1.0539494117302552,87,254135765,"219.8,739.0;504.3,162.5;783.6,298.1;480.0,883.1",OK
images/mixed_0438.jpg,500.0970999999481,yolo,0.9596520160844787,11.576099999729195,classical,0.951961165236825,11.953210830688477,mixed,,PASS,CTL-33542-X0,shipping,Motor Controller,84.62884241376032,6.626781601005386,61.21125230022985,0.05,3.0,1.0,5.130345142745969,0.0549834636274102,0.2007426978433797,1.031596199650985,79,756717755,"227.6,842.6;283.9,183.8;598.7,216.7;528.5,866.2",OK
images/mixed_0439.jpg,497.64109999978245,yolo,0.9699826867661933,12.29810000040743,classical,0.9444582478823922,11.042182922363281,mixed,,MISMATCH,SN-541090-G,metal,Unregistered Part,52.4954876460361,4.173058545623775,6.370525812093851,0.05,7.0,0.0,6.366076049660286,0.3149062848189054,0.1168959215830269,1.0179679553889136,76,1071029546,"223.8,639.9;598.1,151.8;813.4,322.3;443.6,803.1",UNKNOWN_SERIAL
images/mixed_0440.jpg,498.92429999999877,yolo,0.9477596862699995,12.174799999229435,classical,0.9471677346397667,9.415994644165039,mixed,,PASS,DRV-I457-AJ,metal,Stepper Driver Board,54.065517979043065,2.0138264909129866,22.94016328523788,0.05,0.0,1.0,4.454292600789749,0.6707327882436749,0.1100091178173659,0.8584957872640387,89,392382839,"373.7,555.0;676.4,136.6;863.7,274.0;561.6,689.5",OK
images/mixed_0441.jpg,493.01809999997204,yolo,0.9676375860675451,12.776499999745283,classical,0.9573865414652305,8.635966300964355,mixed,,PASS,BOX-69847-UW,pcb,Shipping Carton,48.14650093623839,29.23988965987698,16.686868614003544,0.05,7.0,0.0,3.0381435616397527,0.0502349249360126,0.0947982487501003,0.9319460678920783,87,922234875,"258.0,672.6;667.8,235.5;838.8,412.3;454.2,803.1",OK
images/mixed_0442.jpg,492.76039999949717,yolo,0.9761213562933938,12.248199999703502,classical,0.9495801005757264,8.872952461242676,mixed,,MISMATCH,SN-38437-WT,pcb,Unregistered Part,18.63897773130112,15.513670087907853,168.99174265729764,0.0,0.0,0.6,4.703820066784402,0.2981802403967779,0.1093520443298583,0.9553683263528292,93,871387399,"373.9,536.6;918.2,345.9;1017.7,597.7;442.5,792.8",UNKNOWN_SERIAL
images/mixed_0443.jpg,492.40089999966585,yolo,0.9889056068325307,11.94240000040736,classical,0.8139328828022967,38.145355224609375,mixed,,PASS,DRV-014068-CD,component,Stepper Driver Board,43.62521640520082,2.733849643216782,3.236679327972072,0.0,3.0,0.0,3.2204940179172747,0.1909702749096842,0.2192358982016637,1.0753959684577885,95,215689809,"235.8,666.1;705.1,218.6;903.0,430.9;438.1,873.7",OK
images/mixed_0444.jpg,492.1956999996837,yolo,0.9267541615076942,11.908800000128394,classical,0.8905327865856465,17.64692497253418,mixed,,PASS,SN-6949-8R,component,Voltage Regulator Module,89.2148947179483,28.82718578692608,69.59987158168127,0.12,3.0,0.6,6.780140103653235,0.0446895810377081,0.0831229736922669,1.0772655621761795,95,672194033,"514.2,797.3;518.0,205.6;837.4,209.4;774.3,781.9",OK
images/mixed_0445.jpg,490.54270000033284,yolo,0.9887133417075057,12.205300000459829,classical,0.8190637784225218,32.00623321533203,mixed,,MISMATCH,DRV-V38933-J,component,Unregistered Part,64.7287645435308,14.45475552267878,21.625258409249003,0.0,0.0,0.0,6.14239110677383,0.2025373247602728,0.2134450599424033,0.9671611022363852,76,665825902,"554.4,754.8;807.9,221.1;1037.7,340.8;786.4,847.9",UNKNOWN_SERIAL
images/mixed_0446.jpg,488.73679999996966,yolo,0.9766047800734109,12.450199999875622,classical,0.967861142976749,9.139966011047363,mixed,,PASS,PCB-V9203-S,pcb,Main Controller PCB,58.20671921809655,27.74917817186764,61.3857643616433,0.0,0.0,0.0,6.005164090753376,0.2858269023577479,0.1692710933887016,0.9599832198879752,94,837778449,"245.9,669.7;544.0,198.1;796.0,353.9;470.4,782.3",OK
images/mixed_0447.jpg,486.8495000000621,yolo,0.9848649636749779,12.920000000121945,classical,0.9106705291535102,14.94113826751709,mixed,,MISMATCH,LBL-90304-O,metal,Unregistered Part,62.05504086285566,25.20239595713916,28.62691251035924,0.05,0.0,0.0,5.317054198401402,0.6404385712674459,0.0821785095405117,0.9878435086985736,92,382595789,"508.9,727.1;802.6,201.6;1025.0,332.4;732.9,812.8",UNKNOWN_SERIAL
images/mixed_0448.jpg,486.1882000004698,yolo,0.9266045767488865,12.200800000755407,classical,0.8764073941375109,41.038116455078125,mixed,,PASS,CMP-9838-G,metal,Capacitor Bank Unit,53.67106070604626,30.328733289483846,112.38361008690084,0.12,7.0,0.0,3.2490847466728465,0.3456584539528612,0.0510003050940573,1.123306096085099,80,287247586,"238.6,649.9;537.0,134.8;805.8,333.4;440.6,827.2",OK
images/mixed_0449.jpg,486.46720000033383,yolo,0.9726008959294219,12.805699999262288,classical,0.7587937242734901,48.60995864868164,mixed,,PASS,PSU-32360-G,component,Power Supply 12V 5A,76.60949851804166,26.03153173516072,85.61264146110156,0.0,0.0,1.0,4.074525823284185,0.2611469958901069,0.1680569396981442,1.1459389938543665,86,957816513,"230.3,749.3;347.9,132.2;684.9,212.6;502.9,810.1",OK
images/mixed_0450.jpg,492.53869999938615,yolo,0.9570500332384584,11.915699999917706,classical,0.7899074139298343,54.726829528808594,mixed,,MISMATCH,CTL-F114-24,component,Unregistered Part,38.31988463656244,0.0482464638919227,117.04984062216045,0.12,3.0,0.0,6.507854614573331,0.2915839316007493,0.079053483518467,1.0812013947547858,94,327937158,"447.9,578.7;956.8,176.4;1137.9,405.5;628.9,807.7",UNKNOWN_SERIAL
images/mixed_0451.jpg,489.98570000003383,yolo,0.9771082551182557,12.00189999963186,classical,0.941612078101193,11.04333782196045,mixed,,PASS,SEN-99241-67,shipping,Temperature Sensor Pack,58.35416927788979,7.892188914922448,117.95706385810686,0.0,0.0,0.0,5.537958571599875,0.1202910382833635,0.2463037109680522,1.0091165773060198,84,448300543,"493.9,719.2;818.9,171.1;1085.3,331.2;741.2,878.0",OK
images/mixed_0452.jpg,487.02899999989313,yolo,0.9733965847230934,13.676400000804279,classical,0.9415516067742185,13.840888977050781,mixed,,PASS,LBL-59596-T,shipping,Return Label Stock,52.94427649428722,10.65726660072611,69.23466493216092,0.0,3.0,0.6,6.788346801563302,0.0992022179361919,0.1349993608952481,1.0951682210813023,90,924381063,"261.7,668.1;673.4,105.6;944.5,315.2;516.5,852.1",OK
images/mixed_0453.jpg,491.53949999981705,yolo,0.8935699806339364,11.414899999181216,classical,0.8593140301601399,28.935394287109375,mixed,,PASS,CTL-54171-EP,component,Motor Controller,88.85935021472054,8.20267807834156,62.526355582114284,0.12,0.0,0.0,4.24586632782421,0.1831305078859303,0.1565266225574264,1.1449103258716584,77,625304620,"532.6,828.0;539.5,141.0;857.6,151.2;831.9,828.1",OK
images/mixed_0454.jpg,488.62680000002,yolo,0.9569051340130216,11.812400000053458,classical,0.9169416744085936,17.130390167236328,mixed,,PASS,PSU-32360-G,pcb,Power Supply 12V 5A,30.68143097299321,14.017667136514907,116.1179238781492,0.05,7.0,0.6,5.7654775028904375,0.0809146192942315,0.1197891040277138,1.0626272494720104,94,941114069,"290.4,462.8;826.8,117.8;995.4,393.1;430.3,718.9",OK
images/mixed_0455.jpg,491.48629999945115,yolo,0.98063349169277,15.010399999482615,classical,0.8155342446545538,39.57485580444336,mixed,,MISMATCH,BOX-N5925-R1,component,Unregistered Part,38.9660383648446,20.961444120692175,96.29506099689328,0.05,7.0,1.0,3.2319287767593945,0.127736360941915,0.181737213198713,0.9546886796788016,79,596566170,"284.3,494.7;687.0,139.6;861.9,355.4;432.6,683.5",UNKNOWN_SERIAL
images/mixed_0456.jpg,489.43810000037047,yolo,0.9872294431729366,12.156199999481032,classical,0.9773368302591674,3.6757864952087402,mixed,,MISMATCH,PCB-082162-N,metal,Unregistered Part,42.89902907662553,4.82010338453964,169.5204606193513,0.0,3.0,0.6,6.833844111175967,0.7271934116902024,0.1742587550978335,0.982025507886234,92,923402576,"224.9,610.9;652.3,212.1;836.0,403.3;400.7,807.1",UNKNOWN_SERIAL
images/mixed_0457.jpg,490.9034000002066,yolo,0.9753439792254658,13.335499999811873,classical,0.7909433590754307,40.18131637573242,mixed,,PASS,CTL-65100-Z8,component,Motor Controller,48.74500573455072,27.61453092937312,32.66532716047086,0.05,3.0,0.6,4.062927888404101,0.1023315014264679,0.1766864199904838,0.9207791787516716,76,765465668,"288.6,596.1;667.2,191.1;842.8,354.3;472.4,718.5",OK
images/mixed_0458.jpg,488.2264000007126,yolo,0.9625065431332629,12.211400000524009,classical,0.9620087900833765,11.310575485229492,mixed,,PASS,DRV-Z83390-H,metal,Stepper Driver Board,74.67247455723496,16.167833559031525,86.29839353409707,0.05,0.0,0.0,6.6475375345705485,0.3727050550904637,0.1880456075266588,1.0592227093712474,79,616300798,"289.7,717.2;436.0,120.6;730.2,201.8;549.5,786.7",OK
images/mixed_0459.jpg,492.898100000275,yolo,0.9001528770632944,13.025899999774992,classical,0.8939703946587951,24.515941619873047,mixed,,PASS,DRV-1524-TS,pcb,Stepper Driver Board,69.005533297241,7.482906295094372,162.37483520313265,0.12,3.0,0.0,2.0184554191896225,0.0010266517883481,0.1093074166780767,0.8832509911270225,95,967871375,"254.4,608.9;445.3,102.5;686.4,189.0;487.5,705.5",OK
images/mixed_0460.jpg,493.64190000051167,yolo,0.9619009983923756,12.236999999913678,classical,0.7968193243163784,39.889347076416016,mixed,,PASS,DRV-I457-AJ,component,Stepper Driver Board,49.00284873595149,34.247923239392286,146.64574036855944,0.0,0.0,0.6,3.2119402809641278,0.0436151643018651,0.0714921844321002,1.0980863975606008,87,675177584,"493.7,588.6;835.8,92.1;1053.2,266.9;646.9,786.9",OK
images/mixed_0461.jpg,492.64619999939896,yolo,0.9672928369580923,12.21350000014354,classical,0.9632438785478081,6.7771196365356445,mixed,,PASS,PSU-4512-T,shipping,Power Supply 12V 5A,83.30600602571596,7.64334794130723,17.616709614432033,0.0,0.0,0.6,4.323201806125812,0.242724677697621,0.1323605177890315,1.0821807081573864,91,1014511047,"347.0,770.8;427.4,73.0;749.4,120.4;665.0,797.3",OK
images/mixed_0462.jpg,491.4316999993389,yolo,0.9801196032166317,11.791299999458715,classical,0.9270774426522687,11.15263557434082,mixed,,MISMATCH,SN-U30913-53,shipping,Unregistered Part,31.824015034493204,1.4304999146491593,174.1410434043221,0.0,3.0,0.0,5.805735111765197,0.1165644422580491,0.1243188951671786,0.8624926708549798,85,1017714595,"310.8,413.9;778.6,123.4;916.2,342.6;446.0,634.3",UNKNOWN_SERIAL
images/mixed_0463.jpg,492.10839999977907,yolo,0.9426968187442754,11.97279999996681,classical,0.8150617659472849,37.23600769042969,mixed,,PASS,PCB-5851-LN,shipping,Main Controller PCB,13.56112867874526,30.28050745023619,156.38411436356475,0.12,0.0,1.0,5.492983483746383,0.1016618334818115,0.2375447573660974,1.0434778120563173,93,530414266,"407.8,523.0;1003.2,334.2;1091.5,611.4;425.8,793.0",OK
images/mixed_0464.jpg,491.85789999955887,yolo,0.9619929265948195,12.838399999964167,classical,0.9455477693493296,18.61249542236328,mixed,,MISMATCH,DRV-2362-D,shipping,Unregistered Part,53.19317034846208,27.73291904015967,153.43011535699037,0.05,0.0,0.0,5.778273857283649,0.0855482642356659,0.2014107980866681,0.8669393576697003,88,246710828,"400.3,559.6;686.8,120.6;889.7,259.5;564.4,720.9",UNKNOWN_SERIAL
images/mixed_0465.jpg,493.9944000007017,yolo,0.9704793730308541,12.797600000340026,classical,0.9591700554335616,8.630412101745605,mixed,,PASS,DRV-82662-L2,pcb,Stepper Driver Board,28.65099946667876,17.5164408385063,4.571658478763365,0.0,0.0,1.0,3.425630994595673,0.2157260739296341,0.1385118928489971,0.9148918804217344,85,288454520,"477.4,467.1;990.0,188.0;1098.6,418.7;613.2,680.2",OK
images/mixed_0466.jpg,494.07219999920926,yolo,0.9563485225577649,11.565899999368412,classical,0.8314051491183981,30.518184661865234,mixed,,PASS,DRV-I457-AJ,component,Stepper Driver Board,75.68913572401229,15.603346311986687,119.42062457012555,0.0,7.0,0.0,3.437671694794248,0.1924425381703619,0.088261304622206,0.9438113593600284,84,828963019,"492.5,717.4;607.4,183.9;864.9,246.5;723.8,786.6",OK
images/mixed_0467.jpg,491.3166000005731,yolo,0.9851043208451369,12.264899999536283,classical,0.9468775159217973,6.674209117889404,mixed,,PASS,SN-408210-Q,pcb,Voltage Regulator Module,17.149336247655864,29.624302595928658,42.29092552166494,0.0,0.0,0.0,4.341927491408926,0.0901619421249308,0.2043588996891407,0.914800638083534,76,558675105,"204.2,345.6;739.9,201.8;814.8,453.9;303.7,557.9",OK
images/mixed_0468.jpg,490.21129999982804,yolo,0.9850759250151043,12.449099999685131,classical,0.9391638755432541,10.34201431274414,mixed,,PASS,MTR-0511-N8,shipping,BLDC Motor 24V,21.61433458354555,15.17450374134655,76.88735463480853,0.0,7.0,0.0,6.0851921949083945,0.2827838204572149,0.1393276110056818,0.8924084000812322,89,624674240,"199.2,437.3;713.3,223.2;815.9,485.8;297.2,671.7",OK
images/mixed_0469.jpg,486.96409999956813,yolo,0.9376583637421868,12.302299999646493,classical,0.797747245342019,46.26822280883789,mixed,,PASS,PSU-60698-N0,component,Power Supply 12V 5A,43.65075010724965,9.558508745413462,125.60064529437636,0.12,3.0,1.0,3.9032248109428296,0.1185436216545395,0.0511509753633779,0.9095033968249556,82,468498553,"490.0,555.2;871.4,177.7;1047.0,357.1;650.2,731.6",OK
images/mixed_0470.jpg,487.7105000005031,yolo,0.9819149205517737,12.393900000461144,classical,0.9906839579135889,1.2799620628356934,mixed,,PASS,DRV-82662-L2,metal,Stepper Driver Board,58.61937504895706,0.6862176205967901,84.0020041857646,0.0,0.0,1.0,6.97643079149417,0.57649697967466,0.1624301801961118,0.9414440519432312,94,934340068,"176.8,681.4;470.5,198.8;688.0,331.5;393.4,813.4",OK
images/mixed_0471.jpg,484.3666000006124,yolo,0.984745240340071,12.482299999646784,classical,0.8381047642238809,30.820907592773438,mixed,,PASS,CMP-J900-CD,component,Capacitor Bank Unit,57.60813042276719,22.393655600757143,48.912910019124205,0.0,7.0,0.0,6.106811078035115,0.0895257118238142,0.0865780209320854,0.8775460388511347,75,793795632,"595.2,541.2;877.7,109.4;1080.6,241.2;788.9,642.7",OK
images/mixed_0472.jpg,484.7501000003831,yolo,0.9307585664530138,11.953199999879871,classical,0.9048198084388308,23.04311180114746,mixed,,PASS,PSU-3148-Z,metal,Power Supply 12V 5A,31.90154346671464,28.57779975232513,103.6768724851302,0.12,0.0,0.6,5.382065724824849,0.6368425752348306,0.1480693448909631,1.0308935272586648,86,89741777,"339.1,559.4;780.1,231.5;941.9,493.4;461.4,778.8",OK
images/mixed_0473.jpg,484.9344000003839,yolo,0.9739546295515281,11.835700000119687,classical,0.7864851816972998,49.4399299621582,mixed,,MISMATCH,SEN-M7188-O,metal,Unregistered Part,56.67188374297871,22.146035541935348,68.62152957532105,0.0,3.0,0.0,6.2766090797387495,0.7763395246548312,0.0982924599360593,1.0565972859572077,77,642240896,"419.5,653.6;746.1,144.1;1001.2,314.3;645.9,786.0",UNKNOWN_SERIAL
images/mixed_0474.jpg,484.0433999997913,yolo,0.9853011583534074,11.648300000160816,classical,0.7222340682629075,42.861141204833984,mixed,,PASS,CTL-54171-EP,component,Motor Controller,9.38258149013034,19.205255192384357,30.457379906682043,0.05,3.0,0.0,4.867403161670175,0.0492205793738668,0.0822668562118511,1.0706889333072298,88,98793183,"436.7,339.0;1081.8,237.4;1116.2,523.5;504.0,599.1",OK
images/mixed_0475.jpg,482.3523999993995,yolo,0.9874316932507456,12.492599999859522,classical,0.9597196213738232,7.153940200805664,mixed,,MISMATCH,CMP-039712-A,metal,Capacitor Bank Unit,75.89852391795272,14.450372591802576,35.34458458648539,0.0,0.0,0.0,4.93878143975037,0.4193210882225721,0.1627678146281309,0.9748791372323016,95,597398720,"643.2,694.9;787.9,122.5;1043.6,194.7;889.6,742.1",FAULTY_LOT
images/mixed_0476.jpg,483.7373000000298,yolo,0.930877606224822,12.501900000643218,classical,0.9007953980929381,27.581464767456055,mixed,,PASS,PCB-20259-N,metal,Main Controller PCB,61.252876180354704,6.966593188698914,107.78161696493576,0.12,3.0,1.0,5.28506714200399,0.4233584841198419,0.1583280493107648,1.1013778076933547,91,430012612,"463.3,730.7;769.7,152.5;1038.5,297.6;715.4,872.5",OK
images/mixed_0477.jpg,485.8334000000468,yolo,0.9739066515922049,11.659799999506504,classical,0.9482828100842899,10.793453216552734,mixed,,PASS,SN-F3985-P,metal,Voltage Regulator Module,79.8942668932969,27.25114428216761,169.26039831121068,0.0,0.0,0.0,2.451705014286661,0.6563971915015749,0.1040262789246747,0.8986770071355845,77,144194089,"377.2,772.3;454.3,260.8;673.9,283.0;583.3,834.6",OK
images/mixed_0478.jpg,485.1693000000523,yolo,0.9803393867965174,12.14559999971243,classical,0.8859987253422223,16.140151977539062,mixed,,PASS,DRV-1524-TS,metal,Stepper Driver Board,16.421888455696937,32.80118263448135,93.18322895947662,0.0,3.0,0.0,5.260456361434631,0.5552038165236665,0.2133342593707381,1.001981886282039,87,215426915,"423.0,319.1;903.0,139.1;988.7,432.7;488.3,552.5",OK
images/mixed_0479.jpg,483.5910000001604,yolo,0.9295514823915616,13.208200000008219,classical,0.883850453074692,26.571414947509766,mixed,,MISMATCH,LBL-947777-A2,shipping,Unregistered Part,42.19392669737312,0.6577126462994809,1.1584220481515994,0.12,7.0,0.0,5.64297252173518,0.0003260206190695,0.162331463647976,0.8999117380414555,76,476816140,"345.3,628.3;772.4,241.0;953.3,441.5;527.1,827.9",UNKNOWN_SERIAL
images/mixed_0480.jpg,486.4327000004778,yolo,0.953095474758875,12.717800000245916,classical,0.9618855352267754,10.944851875305176,mixed,,PASS,DRV-634945-GF,pcb,Stepper Driver Board,44.591888106683534,1.617852625190345,135.06872414999748,0.05,7.0,1.0,2.0112031904567105,0.2279467426177257,0.2211710303987107,1.101422613062533,79,823184548,"260.9,593.1;744.9,113.6;971.2,341.1;482.9,820.5",OK
images/mixed_0481.jpg,485.94580000008136,yolo,0.950033864428543,15.241900000546593,classical,0.9451590743179682,10.185441970825195,mixed,,PASS,CTL-169170-F,pcb,Motor Controller,19.06126199583996,11.094914232808128,1.8280510370169176,0.0,7.0,1.0,5.788024239109894,0.072978068409526,0.1170359972598107,0.9928306694334658,85,1055753761,"292.0,517.0;885.5,311.9;966.6,583.4;395.8,779.8",OK
images/mixed_0482.jpg,487.0990999997957,yolo,0.9357069185476382,11.995800000477175,classical,0.890635473643165,29.018962860107422,mixed,,MISMATCH,BOX-267379-U,metal,Unregistered Part,76.40220182673423,7.765590277762956,140.2790716391992,0.12,3.0,0.0,2.8657041111155195,0.3363395132869624,0.2425864894008938,1.1246374001292327,76,745738379,"210.9,746.5;358.4,97.9;659.7,164.1;496.5,824.5",UNKNOWN_SERIAL
images/mixed_0483.jpg,486.090399999739,yolo,0.9721225287768893,12.841899999330053,classical,0.8166474159075139,33.78505325317383,mixed,,PASS,PCB-5862-0,component,Main Controller PCB,37.501368313421786,4.255358080946123,95.54968049136376,0.0,3.0,0.6,4.7442139710235205,0.0239706936399762,0.1650029563983116,0.9588748528810754,87,150738732,"290.0,615.7;742.5,263.4;902.8,471.7;444.9,818.3",OK
images/mixed_0484.jpg,487.8023999999641,yolo,0.9594961088654705,11.738299999706214,classical,0.8222046764434632,30.079864501953125,mixed,,PASS,SEN-99241-67,component,Temperature Sensor Pack,55.057667320153946,13.227638361846164,64.51961986649978,0.0,0.0,0.6,6.79877939743969,0.0011683956980784,0.1411635814241214,0.8535352068838352,79,792622673,"339.6,661.3;626.4,244.7;820.6,382.7;524.2,782.9",OK
images/mixed_0485.jpg,487.1469999998226,yolo,0.9840575116647617,12.934000000313972,classical,0.9865998709521936,2.2667438983917236,mixed,,PASS,CTL-54171-EP,pcb,Motor Controller,18.54060452297244,2.4154448838213827,78.51015319105655,0.0,7.0,1.0,5.204632779339913,0.0054839234395674,0.2168379524555545,0.957561758046474,87,101455297,"456.2,427.0;1018.4,236.0;1107.0,501.7;544.3,687.8",OK
images/mixed_0486.jpg,485.754100000122,yolo,0.9371861566644498,11.949500000810076,classical,0.9045063069414144,17.657779693603516,mixed,,MISMATCH,DRV-99106-N6,shipping,Unregistered Part,74.78175607848027,33.30453717504988,20.7939959921535,0.12,0.0,0.0,2.4938694232229595,0.2905666490158017,0.2077193496191477,1.004312217469717,92,161953428,"311.0,722.0;509.4,84.8;763.4,175.6;564.2,741.4",UNKNOWN_SERIAL
images/mixed_0487.jpg,486.3841999995202,yolo,0.9177838455536408,12.341499999820371,classical,0.6484244135670223,41.47386169433594,mixed,,PASS,SN-S017-BL,component,Voltage Regulator Module,6.716297818470768,28.46803700723905,61.12030271451373,0.0,3.0,0.0,3.732861467874296,0.1378654906276492,0.1501618833347414,0.9491491980743346,81,604364283,"561.6,461.0;1089.5,406.7;1122.6,676.2;609.7,687.1",OK
images/mixed_0488.jpg,483.01440000068396,yolo,0.9748592865204042,12.092500000107975,classical,0.9638814733766284,7.7377729415893555,mixed,,PASS,PSU-60698-N0,shipping,Power Supply 12V 5A,33.41006100302399,24.70312761402966,156.4402437293099,0.0,0.0,0.0,3.940683275881692,0.2533478521716268,0.2069729809488785,1.078203483382658,91,521042130,"188.7,480.1;715.0,92.8;904.1,340.6;315.5,741.7",OK
images/mixed_0489.jpg,484.2738000006648,yolo,0.9112670323630484,12.60439999987284,classical,0.9034196877594748,28.490955352783203,mixed,,PASS,PCB-5851-LN,pcb,Main Controller PCB,45.88383881166365,5.197697865412029,151.41846328917623,0.12,7.0,0.6,3.4793976423541904,0.2445762122194052,0.1590188790158402,1.03747379376851,85,49287975,"342.1,558.0;782.8,97.7;1003.9,304.9;551.2,769.0",OK
images/mixed_0490.jpg,482.32929999994667,yolo,0.9676917995642941,12.308600000324077,classical,0.9071289554796177,16.80310821533203,mixed,,MISMATCH,BOX-4524-21,shipping,Unregistered Part,22.26137047555277,18.43348624067704,139.20663949511925,0.05,0.0,1.0,6.275098318968178,0.2348526162946331,0.0707068649376918,0.9548637050394156,80,862362085,"184.5,400.2;715.5,153.5;833.6,419.5;266.6,654.6",UNKNOWN_SERIAL
images/mixed_0491.jpg,478.27630000028876,yolo,0.9897271725400283,12.432799999260169,classical,0.9680848369991236,10.672518730163574,mixed,,MISMATCH,DRV-V24412-WY,pcb,Unregistered Part,62.71880171078814,29.049497816147863,65.24861672346287,0.0,3.0,0.0,5.858546165237922,0.1992461645992717,0.2488585062206137,1.076987258675936,79,165090210,"248.6,631.4;530.9,81.9;833.5,238.2;506.1,736.5",UNKNOWN_SERIAL
images/mixed_0492.jpg,479.1854000004605,yolo,0.9719971302992835,13.076899999759917,classical,0.86122187800397,21.176773071289062,mixed,,PASS,SN-891927-W,shipping,Voltage Regulator Module,18.5868344289578,21.379099871114445,111.22027408613822,0.05,3.0,0.0,2.8292770541018286,0.0256731298229727,0.0706264988994629,0.8991019198710518,85,81483404,"416.0,552.8;915.2,351.6;1007.9,623.5;484.5,793.6",OK
images/mixed_0493.jpg,474.53760000007605,yolo,0.967515101336652,12.673199999881035,classical,0.9645630146165286,5.4087605476379395,mixed,,PASS,SN-408210-Q,pcb,Voltage Regulator Module,11.78791396080284,25.680466360275744,133.51710910969143,0.0,3.0,1.0,5.268167204626702,0.10674032650754,0.1010659150681065,1.1364388591529089,94,286497283,"200.9,525.3;825.8,336.6;905.1,667.6;226.1,818.9",OK
images/mixed_0494.jpg,483.02109999985987,yolo,0.9797692351387343,12.618300000212912,classical,0.8302056130093742,34.40589904785156,mixed,,PASS,MTR-P83614-5,component,BLDC Motor 24V,29.229946494625505,13.482520833313824,170.92746726315215,0.0,0.0,1.0,5.397215416705407,0.2613417498368129,0.2365805148264323,0.9815888724805608,82,121199640,"484.6,584.8;985.1,299.7;1122.4,520.8;597.6,815.0",OK
images/mixed_0495.jpg,481.3423999994484,yolo,0.9882530789318331,11.432199999944714,classical,0.9302578135823572,11.009674072265625,mixed,,PASS,MTR-G84076-FG,shipping,BLDC Motor 24V,64.35158177594322,8.71312905505688,145.87187340559942,0.0,0.0,0.0,6.2748917380968345,0.0458778255448886,0.1062024694126482,0.8986642642353262,88,18498831,"405.2,642.0;643.5,128.1;891.4,240.8;638.7,763.1",OK
