filename,split,level,expected_decision,serial,template,item,angle,tilt,tilt_axis,bend,crumple,blur,noise,glare,light,scale,jpeg,seed,corners
images/rotation_0000.jpg,rotation,0.0,FAIL_UNKNOWN,SEN-988645-1V,component,Unregistered Part,0.0,0.0,160.37346216538586,0.0,0.0,0.0,1.919802238103781,0.14701704351342684,0.072147308718026,0.8534466493459701,89,1052882747,"399.0,248.9;911.0,248.9;911.0,479.3;399.0,479.3"
images/rotation_0001.jpg,rotation,0.0,PASS,PCB-5862-0,shipping,Main Controller PCB,0.0,0.0,92.44575839332597,0.0,0.0,0.36,2.3916522067378407,0.1672771136775202,0.245982469616695,1.1498968372031373,87,163895737,"216.3,232.7;952.2,232.7;952.2,577.7;216.3,577.7"
images/rotation_0002.jpg,rotation,0.0,FAIL_FAULTY,SN-9493-U,pcb,Voltage Regulator Module,0.0,0.0,103.93620457961981,0.0,0.0,0.36,2.8723516107663074,0.025359903855364498,0.10752038725830287,1.061192662380074,95,53127243,"230.5,324.2;888.5,324.2;888.5,632.0;230.5,632.0"
images/rotation_0003.jpg,rotation,0.0,PASS,LBL-4983-YZ,metal,Return Label Stock,0.0,0.0,20.960629854945804,0.0,0.0,0.6,2.290626697117221,0.44729061883475885,0.0681368401628335,0.9995365251613227,92,1054480422,"357.0,275.2;956.7,275.2;956.7,545.1;357.0,545.1"
images/rotation_0004.jpg,rotation,0.0,PASS,PCB-5851-LN,component,Main Controller PCB,0.0,0.0,4.5677048235604385,0.0,0.0,0.6,1.9759302968787633,0.17680742089639745,0.16280002583002018,1.0053961704787011,91,482163473,"411.6,329.8;1014.8,329.8;1014.8,601.2;411.6,601.2"
images/rotation_0005.jpg,rotation,0.0,PASS,LBL-59596-T,shipping,Return Label Stock,0.0,0.0,41.20690832237286,0.0,0.0,0.0,1.3466631210459454,0.07729371536230488,0.19346150550590407,0.9946339343882489,79,262021465,"465.4,421.4;1102.0,421.4;1102.0,719.8;465.4,719.8"
images/rotation_0006.jpg,rotation,0.0,PASS,DRV-Z83390-H,pcb,Stepper Driver Board,0.0,0.0,116.43534578637725,0.0,0.0,0.36,3.2229094878451385,0.12055570766090679,0.16195921063733149,1.0144445601101264,84,1028414678,"357.2,213.2;986.2,213.2;986.2,507.4;357.2,507.4"
images/rotation_0007.jpg,rotation,0.0,PASS,SN-408210-Q,metal,Voltage Regulator Module,0.0,0.0,107.50917876452816,0.0,0.0,0.36,2.499200494644001,0.18278306685338003,0.21636839996134632,1.0466928129241801,79,984035962,"392.2,177.7;1020.2,177.7;1020.2,460.3;392.2,460.3"
images/rotation_0008.jpg,rotation,0.0,PASS,DRV-759972-S,component,Stepper Driver Board,0.0,0.0,89.48828388327858,0.0,0.0,0.0,2.668552582560536,0.08740244480966104,0.10202210350729216,1.0800110030759278,91,932500728,"180.7,421.9;828.7,421.9;828.7,713.5;180.7,713.5"
images/rotation_0009.jpg,rotation,0.0,PASS,CTL-0514-QJ,shipping,Motor Controller,0.0,0.0,128.97332147743646,0.0,0.0,0.36,1.3008598617777878,0.16502610524104705,0.1133314214015835,0.981535312584042,78,555835666,"339.4,361.1;967.6,361.1;967.6,655.6;339.4,655.6"
images/rotation_0010.jpg,rotation,0.0,PASS,CMP-179198-P,pcb,Capacitor Bank Unit,0.0,0.0,35.02558987259295,0.0,0.0,0.6,4.101803354004991,0.11673868319365308,0.23802755633636585,0.961038632161906,90,883283307,"430.2,468.0;1026.1,468.0;1026.1,746.7;430.2,746.7"
images/rotation_0011.jpg,rotation,0.0,FAIL_UNKNOWN,SN-5907-E,metal,Unregistered Part,0.0,0.0,119.6246385943277,0.0,0.0,0.36,1.333977228817083,0.3706225458322107,0.18369542622217744,0.8515393293949426,79,1056538156,"593.2,464.3;1104.2,464.3;1104.2,694.2;593.2,694.2"
images/rotation_0012.jpg,rotation,10.0,PASS,CMP-9838-G,component,Capacitor Bank Unit,10.0,0.0,75.20020857706574,0.0,0.0,0.6,2.8374108245133085,0.1724899429653924,0.16758690346958677,0.9372040445009615,91,343858326,"291.3,440.7;845.1,343.0;889.0,592.2;335.2,689.9"
images/rotation_0013.jpg,rotation,10.0,PASS,DRV-3967-9A,shipping,Stepper Driver Board,10.0,0.0,35.4054800248229,0.0,0.0,0.36,3.547233405299845,0.07027331535100265,0.15154037835007778,1.006009276524725,79,30347965,"403.3,365.7;1037.4,253.9;1089.8,551.1;455.8,662.9"
images/rotation_0014.jpg,rotation,10.0,PASS,DRV-82662-L2,pcb,Stepper Driver Board,10.0,0.0,85.6843958720327,0.0,0.0,0.0,3.863312272878736,0.11632904025623576,0.21675996385070362,0.8576746862613883,75,652130049,"384.4,414.5;908.1,322.1;951.3,567.1;427.6,659.4"
images/rotation_0015.jpg,rotation,10.0,PASS,CTL-0514-QJ,metal,Motor Controller,10.0,0.0,37.25741668082298,0.0,0.0,0.6,1.5641185350172893,0.4214815846921509,0.164323643771717,1.027378549098105,79,722454015,"411.6,245.1;1018.6,138.1;1066.8,411.3;459.7,518.3"
images/rotation_0016.jpg,rotation,10.0,PASS,PCB-20259-N,component,Main Controller PCB,10.0,0.0,8.142586623739767,0.0,0.0,0.0,3.235494909678757,0.006147483849442794,0.1594707912194089,1.1264366354943005,95,103481791,"238.7,248.3;904.3,130.9;957.1,430.4;291.5,547.8"
images/rotation_0017.jpg,rotation,10.0,PASS,PSU-R677-HG,shipping,Power Supply 12V 5A,10.0,0.0,39.370236109000516,0.0,0.0,0.6,3.1225581852017927,0.15800704213741845,0.1921890984157243,1.0436956961377035,79,295755231,"152.9,260.6;810.7,144.6;865.0,453.0;207.2,569.0"
images/rotation_0018.jpg,rotation,10.0,FAIL_UNKNOWN,BOX-58311-R2,pcb,Unregistered Part,10.0,0.0,143.38844444189823,0.0,0.0,0.6,2.4472121779844964,0.09348031972922011,0.0853924562421281,0.8860316862029995,89,588051181,"444.3,313.7;985.3,218.3;1029.9,471.4;488.9,566.8"
images/rotation_0019.jpg,rotation,10.0,PASS,CTL-33542-X0,metal,Motor Controller,10.0,0.0,98.1108281090594,0.0,0.0,0.0,1.8429929635972113,0.4435862308460033,0.24073477550315797,0.949132646787172,95,391811523,"354.3,394.8;915.1,295.9;959.6,548.3;398.8,647.2"
images/rotation_0020.jpg,rotation,10.0,PASS,PSU-3148-Z,component,Power Supply 12V 5A,10.0,0.0,111.74119598330749,0.0,0.0,0.36,3.739620864914934,0.10301980437729165,0.16240050895088487,0.9149627337821428,92,602309627,"376.2,328.6;916.9,233.3;959.8,476.6;419.1,571.9"
images/rotation_0021.jpg,rotation,10.0,PASS,SEN-99241-67,shipping,Temperature Sensor Pack,10.0,0.0,47.468289564233515,0.0,0.0,0.36,3.392911465788671,0.12065532565140834,0.16256627778425917,0.8804367217008925,79,936416419,"418.6,484.4;973.5,386.5;1019.4,646.7;464.5,744.5"
images/rotation_0022.jpg,rotation,10.0,FAIL_UNKNOWN,SN-F6135-K,pcb,Unregistered Part,10.0,0.0,2.7773980074829585,0.0,0.0,0.36,2.1438053629113183,0.0024966959215374216,0.10122481593918663,0.9743584773661927,83,207124615,"305.6,384.2;900.5,279.3;949.6,557.6;354.7,662.5"
images/rotation_0023.jpg,rotation,10.0,FAIL_UNKNOWN,DRV-K654-Y,metal,Unregistered Part,10.0,0.0,128.73108266751052,0.0,0.0,0.36,3.7839023106082177,0.46411908704820787,0.12780946089607684,0.8672892147348529,86,50816581,"326.9,398.8;839.4,308.4;880.0,539.0;367.6,629.4"
images/rotation_0024.jpg,rotation,20.0,PASS,MTR-P83614-5,component,BLDC Motor 24V,20.0,0.0,97.58823076056103,0.0,0.0,0.0,2.0686670898003867,0.07499457118957378,0.10938840473874421,1.1208881438231544,93,735478462,"262.0,507.9;893.9,277.9;997.4,562.3;365.5,792.3"
images/rotation_0025.jpg,rotation,20.0,FAIL_UNKNOWN,SN-F61136-BU,shipping,Unregistered Part,20.0,0.0,33.02408097480886,0.0,0.0,0.6,2.267914353653001,0.13978789385987353,0.1254364330162197,1.0824723283764899,82,61025306,"319.2,387.3;970.2,150.4;1081.3,455.5;430.3,692.5"
images/rotation_0026.jpg,rotation,20.0,PASS,DRV-759972-S,pcb,Stepper Driver Board,20.0,0.0,49.82968149637428,0.0,0.0,0.6,2.8239922572020917,0.1415888976051137,0.22782921531047567,0.8570085987819637,82,1028308152,"383.8,568.5;883.1,386.7;968.1,620.3;468.8,802.0"
images/rotation_0027.jpg,rotation,20.0,PASS,PCB-V9203-S,metal,Main Controller PCB,20.0,0.0,148.28117722666568,0.0,0.0,0.0,1.6159723507812878,0.3458946343615848,0.21791065809026694,1.1098379007607075,95,569561605,"151.2,523.0;776.9,295.3;879.4,576.9;253.7,804.6"
images/rotation_0028.jpg,rotation,20.0,PASS,PCB-5851-LN,component,Main Controller PCB,20.0,0.0,84.69811104605677,0.0,0.0,0.36,3.4635958435332506,0.15131740362982213,0.061251148071687994,1.1434385998013759,95,476394917,"296.6,509.5;941.3,274.8;1046.9,565.0;402.2,799.6"
images/rotation_0029.jpg,rotation,20.0,PASS,SN-S017-BL,shipping,Voltage Regulator Module,20.0,0.0,49.63715092736355,0.0,0.0,0.6,1.652540492875046,0.0647876107035576,0.19145391579891918,1.0184770714395917,82,431599979,"216.8,445.6;829.3,222.7;933.8,509.8;321.3,732.7"
images/rotation_0030.jpg,rotation,20.0,PASS,DRV-Z83390-H,pcb,Stepper Driver Board,20.0,0.0,113.0429869435495,0.0,0.0,0.6,3.1110341919413256,0.12121261093396205,0.2294044551083877,0.9063706818780919,84,330239260,"250.7,384.8;778.7,192.6;868.6,439.6;340.6,631.8"
images/rotation_0031.jpg,rotation,20.0,PASS,CTL-Y45515-D,metal,Motor Controller,20.0,0.0,98.4104146926216,0.0,0.0,0.6,4.051327263290411,0.3717348954958604,0.209073272403339,0.9397108622777324,77,569115095,"182.9,329.1;712.7,136.3;799.5,374.7;269.7,567.5"
images/rotation_0032.jpg,rotation,20.0,FAIL_UNKNOWN,PCB-8630-N8,component,Unregistered Part,20.0,0.0,60.04978968611557,0.0,0.0,0.0,2.749787807733864,0.018885862942014702,0.24303212688678721,1.0697727778312827,79,561446868,"237.2,377.8;840.4,158.3;939.2,429.7;336.0,649.3"
images/rotation_0033.jpg,rotation,20.0,FAIL_FAULTY,PSU-598297-3,shipping,Power Supply 12V 5A,20.0,0.0,24.120854847846452,0.0,0.0,0.0,2.978165675601327,0.052724351980928556,0.08244213148789432,0.9356736369965001,92,834537677,"182.3,541.3;745.0,336.5;841.0,600.2;278.3,805.1"
images/rotation_0034.jpg,rotation,20.0,FAIL_UNKNOWN,SN-937785-G,pcb,Unregistered Part,20.0,0.0,151.54434716269617,0.0,0.0,0.0,2.8172892483639473,0.021005544906099096,0.05568361414550609,1.080044014756365,95,136580861,"277.9,408.7;907.2,179.6;1014.3,474.0;385.1,703.0"
images/rotation_0035.jpg,rotation,20.0,PASS,PCB-5862-0,metal,Main Controller PCB,20.0,0.0,150.69155939513706,0.0,0.0,0.0,2.796396248509572,0.47550996719216826,0.07530489281754056,0.8822180551453919,90,157047814,"480.0,470.5;977.4,289.4;1058.9,513.3;561.5,694.3"
images/rotation_0036.jpg,rotation,30.0,PASS,PSU-4512-T,component,Power Supply 12V 5A,30.0,0.0,44.464832016496125,0.0,0.0,0.0,2.10448584364829,0.16370990998875265,0.11955981325265913,1.0166778874075704,78,770253789,"466.9,466.6;995.2,161.6;1132.4,399.3;604.1,704.3"
images/rotation_0037.jpg,rotation,30.0,PASS,DRV-Z83390-H,shipping,Stepper Driver Board,30.0,0.0,140.0330221367234,0.0,0.0,0.36,3.9530647870596165,0.14022830259488334,0.06650989363943763,1.0925257112714934,77,569735994,"275.4,561.1;880.9,211.5;1044.8,495.4;439.3,845.0"
images/rotation_0038.jpg,rotation,30.0,PASS,PCB-20259-N,pcb,Main Controller PCB,30.0,0.0,31.813787336404793,0.0,0.0,0.6,1.705024559609637,0.059708274439609424,0.1512544193291307,0.9709208070792609,90,994299962,"141.8,437.7;663.1,136.7;803.9,380.5;282.5,681.5"
images/rotation_0039.jpg,rotation,30.0,FAIL_UNKNOWN,MTR-83176-P,metal,Unregistered Part,30.0,0.0,98.12104845671224,0.0,0.0,0.0,2.186920502088504,0.43235403224851643,0.1140069116152165,0.9290868799657277,89,575905490,"300.8,516.9;783.6,238.2;909.0,455.4;426.2,734.2"
images/rotation_0040.jpg,rotation,30.0,FAIL_UNKNOWN,BOX-I24407-MY,component,Unregistered Part,30.0,0.0,130.39849498223145,0.0,0.0,0.0,3.968682259947458,0.11668056517452138,0.1348872681739337,1.1268672467762904,76,22581690,"404.8,465.3;990.3,127.2;1142.4,390.7;556.9,728.8"
images/rotation_0041.jpg,rotation,30.0,PASS,CMP-J900-CD,shipping,Capacitor Bank Unit,30.0,0.0,86.92518845926506,0.0,0.0,0.36,1.9565220400079903,0.11010812993818554,0.16579028315002722,1.10539936994579,90,25241554,"355.0,465.9;967.6,112.2;1133.5,399.4;520.8,753.1"
images/rotation_0042.jpg,rotation,30.0,FAIL_UNKNOWN,CMP-820242-CY,pcb,Unregistered Part,30.0,0.0,37.146766402533444,0.0,0.0,0.0,2.8168836676092184,0.02804886459855007,0.24651727541624385,1.1329267325925765,82,366742222,"343.7,476.9;952.0,125.7;1116.3,410.2;507.9,761.4"
images/rotation_0043.jpg,rotation,30.0,FAIL_FAULTY,SN-9493-U,metal,Voltage Regulator Module,30.0,0.0,99.04182279232974,0.0,0.0,0.0,2.9028765995138675,0.26126240359029734,0.07161117796347194,0.8633437220422734,88,496828895,"268.1,554.5;716.7,295.5;833.2,497.3;384.6,756.3"
images/rotation_0044.jpg,rotation,30.0,PASS,CTL-0514-QJ,component,Motor Controller,30.0,0.0,158.98686288942397,0.0,0.0,0.36,2.612309303683453,0.057207293280878174,0.11871162257703034,0.9266048762686164,90,537090394,"519.2,439.7;1000.7,161.7;1125.8,378.4;644.3,656.4"
images/rotation_0045.jpg,rotation,30.0,FAIL_UNKNOWN,CTL-8271-S0,shipping,Unregistered Part,30.0,0.0,122.7701750085424,0.0,0.0,0.0,2.1122027282035547,0.1553280531735701,0.21298793019482293,1.0483479093960548,95,641251244,"371.1,491.2;952.2,155.7;1109.4,428.1;528.4,763.5"
images/rotation_0046.jpg,rotation,30.0,PASS,PSU-4512-T,pcb,Power Supply 12V 5A,30.0,0.0,177.99413085853837,0.0,0.0,0.36,1.4721549165185488,0.11890046060926962,0.14784691530158448,0.904348244692537,86,374408658,"230.3,434.9;715.9,154.5;847.0,381.7;361.4,662.0"
images/rotation_0047.jpg,rotation,30.0,PASS,SN-S017-BL,metal,Voltage Regulator Module,30.0,0.0,43.361155820940624,0.0,0.0,0.6,2.7839788583042226,0.457651341876436,0.17610827253217137,0.8586627471383127,81,921244882,"540.3,557.4;986.5,299.8;1102.4,500.5;656.2,758.1"
images/rotation_0048.jpg,rotation,40.0,PASS,PCB-5851-LN,component,Main Controller PCB,40.0,0.0,122.12841802317767,0.0,0.0,0.0,1.5794566805738541,0.04872291654081099,0.20833629200058057,0.8910132681404518,90,699565553,"530.8,477.6;940.4,134.0;1095.0,318.3;685.5,661.9"
images/rotation_0049.jpg,rotation,40.0,PASS,CMP-2720-TZ,shipping,Capacitor Bank Unit,40.0,0.0,23.626202967142817,0.0,0.0,0.0,2.3760062172868,0.09923558419098856,0.08039855749424125,1.068622625940989,79,131163739,"230.2,635.2;754.1,195.6;960.2,441.1;436.2,880.7"
images/rotation_0050.jpg,rotation,40.0,PASS,SN-S017-BL,pcb,Voltage Regulator Module,40.0,0.0,124.73106536416077,0.0,0.0,0.36,1.3035715851269778,0.03221753750036628,0.23819452944346753,1.1389306631840448,83,274855146,"177.9,583.8;718.8,129.9;931.1,382.9;390.2,836.8"
images/rotation_0051.jpg,rotation,40.0,PASS,CMP-179198-P,metal,Capacitor Bank Unit,40.0,0.0,98.29267406716761,0.0,0.0,0.0,3.2789430600473906,0.3041751655367578,0.18598526739164956,0.9969226902254981,94,62297753,"393.4,492.9;851.6,108.4;1024.7,314.6;566.4,699.1"
images/rotation_0052.jpg,rotation,40.0,PASS,SN-6949-8R,component,Voltage Regulator Module,40.0,0.0,26.216259216271773,0.0,0.0,0.0,2.29247036773023,0.1344865090640133,0.1431279699212227,1.1200393952231928,79,86485610,"174.6,622.9;689.4,190.9;883.8,422.6;369.0,854.6"
images/rotation_0053.jpg,rotation,40.0,PASS,CMP-006459-Z,shipping,Capacitor Bank Unit,40.0,0.0,146.96179804362126,0.0,0.0,0.36,1.483968136154697,0.005055805962427499,0.115754335756238,0.9073980812782529,91,908042320,"199.1,488.6;643.9,115.3;818.9,323.8;374.0,697.1"
images/rotation_0054.jpg,rotation,40.0,PASS,PCB-9272-KG,pcb,Main Controller PCB,40.0,0.0,28.532354507260695,0.0,0.0,0.0,3.6993152806567737,0.11909207175841083,0.09822415742971449,0.9138141007103392,90,906180146,"447.1,577.5;881.1,213.3;1051.4,416.3;617.4,780.5"
images/rotation_0055.jpg,rotation,40.0,PASS,DRV-Z83390-H,metal,Stepper Driver Board,40.0,0.0,100.62303847960807,0.0,0.0,0.0,3.7685033208845065,0.36880389497818533,0.24368610130057827,1.1305366641609274,89,1034672050,"318.8,514.0;838.5,77.9;1034.7,311.8;515.0,747.8"
images/rotation_0056.jpg,rotation,40.0,FAIL_UNKNOWN,CMP-736612-G8,component,Unregistered Part,40.0,0.0,51.680993385939985,0.0,0.0,0.0,4.149113877741178,0.026078723495265056,0.15938068773000497,1.0868352188216106,95,784319035,"277.7,597.8;777.3,178.7;965.9,403.5;466.3,822.6"
images/rotation_0057.jpg,rotation,40.0,PASS,PSU-R992-M,shipping,Power Supply 12V 5A,40.0,0.0,25.9185954983265,0.0,0.0,0.36,2.7630524857387857,0.08787085575794516,0.2180937638196096,0.8822388465553482,79,478011425,"438.5,496.3;871.0,133.4;1041.1,336.1;608.6,699.1"
images/rotation_0058.jpg,rotation,40.0,PASS,DRV-Z83390-H,pcb,Stepper Driver Board,40.0,0.0,174.12066715035772,0.0,0.0,0.0,2.3322067515971017,0.12060383126761676,0.23614582374421667,1.0764717577133847,85,169281484,"404.2,536.5;915.5,107.5;1116.2,346.6;604.9,775.6"
images/rotation_0059.jpg,rotation,40.0,PASS,PSU-3148-Z,metal,Power Supply 12V 5A,40.0,0.0,12.645051143875381,0.0,0.0,0.0,2.8382923236329707,0.26902739890790783,0.2127168570102992,1.027062550280705,77,971603629,"231.4,577.4;703.5,181.3;881.8,393.8;409.7,789.9"
images/rotation_0060.jpg,rotation,50.0,PASS,DRV-82662-L2,component,Stepper Driver Board,50.0,0.0,24.177707022316767,0.0,0.0,0.6,3.5974051470786867,0.09734090167249695,0.17266869318281208,1.11945243623498,79,225814628,"458.8,587.4;890.5,72.9;1122.1,267.1;690.3,781.7"
images/rotation_0061.jpg,rotation,50.0,PASS,DRV-634945-GF,shipping,Stepper Driver Board,50.0,0.0,93.74635280327088,0.0,0.0,0.36,2.804301851849488,0.008314115366395786,0.053647090452713236,1.0757737046523927,77,719221166,"262.3,639.5;704.9,112.0;952.1,319.5;509.5,846.9"
images/rotation_0062.jpg,rotation,50.0,PASS,DRV-80706-A8,pcb,Stepper Driver Board,50.0,0.0,92.5357535109935,0.0,0.0,0.0,4.074610248300005,0.1613973227468154,0.1144507836058198,0.9700115671122782,82,671341058,"351.1,667.3;737.6,206.6;953.1,387.4;566.6,848.1"
images/rotation_0063.jpg,rotation,50.0,PASS,PCB-5740-P,metal,Main Controller PCB,50.0,0.0,68.69140436433742,0.0,0.0,0.0,1.9476640774836071,0.4106362735786673,0.1377045842835355,0.9928932203141272,93,35109939,"234.7,666.0;617.6,209.6;823.0,382.0;440.0,838.3"
images/rotation_0064.jpg,rotation,50.0,PASS,PCB-5862-0,component,Main Controller PCB,50.0,0.0,93.84291258825152,0.0,0.0,0.0,2.3541629373335597,0.1412283912692357,0.1559074617407042,0.9223107856376099,84,574039127,"223.0,619.6;578.7,195.7;769.5,355.8;413.8,779.7"
images/rotation_0065.jpg,rotation,50.0,PASS,SN-S017-BL,shipping,Voltage Regulator Module,50.0,0.0,21.990021625867673,0.0,0.0,0.0,3.4057909946220604,0.15651310200692214,0.12069395572277204,1.1359540459447555,80,791319623,"321.3,669.1;788.6,112.2;1049.7,331.2;582.4,888.1"
images/rotation_0066.jpg,rotation,50.0,PASS,CTL-169170-F,pcb,Motor Controller,50.0,0.0,74.8649548900502,0.0,0.0,0.0,1.4279423599241774,0.14539518415920907,0.14145740778058824,1.091559073306486,78,12393836,"452.2,642.1;887.2,123.7;1129.7,327.1;694.7,845.6"
images/rotation_0067.jpg,rotation,50.0,FAIL_UNKNOWN,SN-F5901-H,metal,Unregistered Part,50.0,0.0,158.8818941726487,0.0,0.0,0.0,3.72646924475321,0.34490985825735637,0.2298783115258754,0.9567006773350796,76,1002825384,"470.3,544.9;839.3,105.2;1037.1,271.2;668.2,710.9"
images/rotation_0068.jpg,rotation,50.0,PASS,SN-6949-8R,component,Voltage Regulator Module,50.0,0.0,174.7840643425501,0.0,0.0,0.0,3.091440442218897,0.16238219823425845,0.24139414121440134,1.0451298087489707,81,100962572,"284.4,659.9;687.5,179.5;903.6,360.9;500.6,841.3"
images/rotation_0069.jpg,rotation,50.0,PASS,DRV-634945-GF,shipping,Stepper Driver Board,50.0,0.0,166.46262456984454,0.0,0.0,0.36,3.155603846881733,0.051642145448881786,0.09091992677346293,0.8630814294622453,95,153139846,"247.0,532.7;602.1,109.5;800.4,275.9;445.4,699.1"
images/rotation_0070.jpg,rotation,50.0,PASS,CTL-M9607-62,pcb,Motor Controller,50.0,0.0,70.73641436937582,0.0,0.0,0.0,2.8395852007179614,0.009580152612185219,0.14905333045156743,0.9184886482434561,86,187820966,"345.1,583.4;711.1,147.2;915.2,318.4;549.1,754.6"
images/rotation_0071.jpg,rotation,50.0,FAIL_UNKNOWN,SN-06125-O9,metal,Unregistered Part,50.0,0.0,102.04045351804344,0.0,0.0,0.6,3.1667347036804836,0.28329913141052865,0.06848313513240518,1.1442906341111792,79,522285468,"268.6,683.8;709.9,157.8;946.6,356.4;505.3,882.4"
images/rotation_0072.jpg,rotation,60.0,PASS,PSU-R992-M,component,Power Supply 12V 5A,60.0,0.0,24.963678719634423,0.0,0.0,0.0,3.811714006068657,0.05803088375648212,0.18734222918584698,1.0150349083141315,90,815062773,"565.2,655.2;869.7,127.8;1107.0,264.8;802.5,792.2"
images/rotation_0073.jpg,rotation,60.0,FAIL_UNKNOWN,CTL-553756-E,shipping,Unregistered Part,60.0,0.0,134.37380549032358,0.0,0.0,0.36,3.8330081875195776,0.1037252815248612,0.16893209468642156,0.9038919209842617,93,22517626,"433.9,584.4;723.1,83.4;957.9,219.0;668.7,720.0"
images/rotation_0074.jpg,rotation,60.0,PASS,MTR-P83614-5,pcb,BLDC Motor 24V,60.0,0.0,135.0889111275694,0.0,0.0,0.0,3.9607323766405433,0.10618344349768308,0.19288773604956783,1.049345831881753,82,341746343,"345.0,665.6;670.3,102.2;933.9,254.3;608.6,817.8"
images/rotation_0075.jpg,rotation,60.0,PASS,SN-6949-8R,metal,Voltage Regulator Module,60.0,0.0,26.57401586613138,0.0,0.0,0.6,3.9982431574643664,0.21815224171573738,0.07262684265899344,1.0082372143367333,94,541279973,"187.0,725.2;489.5,201.3;725.3,337.4;422.8,861.3"
images/rotation_0076.jpg,rotation,60.0,FAIL_UNKNOWN,DRV-M6050-PC,component,Unregistered Part,60.0,0.0,133.13342475868694,0.0,0.0,0.36,2.355617884246957,0.07992123850453557,0.13775575275618562,0.9252742523981948,84,881416633,"223.6,616.9;501.2,136.1;717.5,261.0;439.9,741.8"
images/rotation_0077.jpg,rotation,60.0,PASS,SN-S017-BL,shipping,Voltage Regulator Module,60.0,0.0,125.82983086261125,0.0,0.0,0.0,2.139449023114276,0.09862559263046373,0.07033214809359821,0.9139978356411889,81,866232686,"296.9,667.0;589.3,160.4;826.8,297.5;534.3,804.1"
images/rotation_0078.jpg,rotation,60.0,FAIL_UNKNOWN,MTR-H366-HT,pcb,Unregistered Part,60.0,0.0,91.5607107755872,0.0,0.0,0.6,3.935925202286142,0.06257418063145095,0.18872136661955097,0.9227695558420432,89,80418882,"520.0,603.7;806.0,108.2;1037.8,242.0;751.7,737.5"
images/rotation_0079.jpg,rotation,60.0,PASS,LBL-59596-T,metal,Return Label Stock,60.0,0.0,67.52761419524134,0.0,0.0,0.0,1.7861709035999938,0.38104179959103296,0.21954517130629642,0.9834486446978201,79,1067075804,"466.9,743.1;762.0,232.1;991.9,364.9;696.9,875.9"
images/rotation_0080.jpg,rotation,60.0,PASS,PSU-4512-T,component,Power Supply 12V 5A,60.0,0.0,74.52437580115584,0.0,0.0,0.0,2.1213824660606466,0.09249094784810509,0.20992504745219093,0.9393839892068908,92,613255239,"320.5,741.6;602.3,253.4;822.0,380.3;540.2,868.4"
images/rotation_0081.jpg,rotation,60.0,PASS,SN-F3985-P,shipping,Voltage Regulator Module,60.0,0.0,2.4299344109753207,0.0,0.0,0.36,4.070382352492281,0.06313020106571078,0.2163358062356588,1.007726508126897,87,921834186,"387.0,660.3;709.4,101.8;971.3,252.9;648.8,811.5"
images/rotation_0082.jpg,rotation,60.0,PASS,SN-891927-W,pcb,Voltage Regulator Module,60.0,0.0,38.75496604642129,0.0,0.0,0.0,3.9286440066443262,0.0680240075597245,0.16184270767063347,0.8820971598538567,75,1053404129,"581.3,625.3;854.7,151.6;1076.2,279.5;802.8,753.2"
images/rotation_0083.jpg,rotation,60.0,PASS,PSU-R992-M,metal,Power Supply 12V 5A,60.0,0.0,176.7306730022262,0.0,0.0,0.0,4.192502685205351,0.2368531178846827,0.1370895169869795,1.013604307363732,75,251092217,"225.3,742.7;529.3,216.0;766.4,352.8;462.3,879.5"
images/rotation_0084.jpg,rotation,70.0,FAIL_UNKNOWN,PCB-69643-D,component,Unregistered Part,70.0,0.0,18.986267066089784,0.0,0.0,0.36,1.3989605150020765,0.08296722600550308,0.1817756073932063,0.879863191344543,88,409477207,"523.7,597.7;704.3,101.6;927.5,182.8;747.0,678.9"
images/rotation_0085.jpg,rotation,70.0,PASS,DRV-95485-DG,shipping,Stepper Driver Board,70.0,0.0,79.80489197318946,0.0,0.0,0.36,3.779587842949769,0.02243060064008197,0.16888913390207072,0.9210088017941969,86,213791646,"515.6,656.1;717.3,102.2;976.9,196.7;775.3,750.6"
images/rotation_0086.jpg,rotation,70.0,PASS,DRV-95485-DG,pcb,Stepper Driver Board,70.0,0.0,76.14784268848537,0.0,0.0,0.6,3.5869846608102454,0.023569404903126194,0.20071742824798378,1.0557257811660414,75,134676878,"490.2,711.7;714.1,96.6;1001.8,201.4;777.9,816.4"
images/rotation_0087.jpg,rotation,70.0,PASS,CMP-006459-Z,metal,Capacitor Bank Unit,70.0,0.0,115.25305831703359,0.0,0.0,0.36,2.5464606659615256,0.47931078414704703,0.19943620130202622,0.904421440723873,88,549194510,"407.2,670.2;592.8,160.3;822.3,243.8;636.7,753.7"
images/rotation_0088.jpg,rotation,70.0,PASS,PCB-5851-LN,component,Main Controller PCB,70.0,0.0,142.41707545038858,0.0,0.0,0.0,1.944220318450279,0.030399422064230033,0.12001526199458455,1.0307522787296377,79,554323252,"365.3,705.6;576.8,124.5;838.3,219.7;626.8,800.8"
images/rotation_0089.jpg,rotation,70.0,PASS,CMP-R6567-4Z,shipping,Capacitor Bank Unit,70.0,0.0,14.899217218280207,0.0,0.0,0.0,3.5576802336201316,0.135435535860402,0.12297897030812593,1.1128565966347157,88,567391082,"187.2,760.0;430.8,90.8;744.5,204.9;500.9,874.2"
images/rotation_0090.jpg,rotation,70.0,PASS,CTL-33542-X0,pcb,Motor Controller,70.0,0.0,75.43088067733161,0.0,0.0,0.36,3.0448258608598113,0.1484635380571416,0.0967873077715024,0.9043842811753658,91,73128931,"403.4,616.1;595.1,89.2;841.6,178.9;649.8,705.8"
images/rotation_0091.jpg,rotation,70.0,PASS,SN-473905-6,metal,Voltage Regulator Module,70.0,0.0,167.83141955123952,0.0,0.0,0.36,2.7820205985029993,0.4356858544106567,0.13268177172311907,0.912379479500045,83,948695126,"437.9,604.8;625.1,90.4;856.6,174.6;669.3,689.0"
images/rotation_0092.jpg,rotation,70.0,FAIL_UNKNOWN,SEN-J1601-Z0,component,Unregistered Part,70.0,0.0,109.57106178805662,0.0,0.0,0.0,4.080191571366232,0.0730809469256675,0.18220152607029622,1.033680716444033,88,228716568,"501.7,708.0;713.8,125.2;976.1,220.6;764.0,803.4"
images/rotation_0093.jpg,rotation,70.0,PASS,SN-S017-BL,shipping,Voltage Regulator Module,70.0,0.0,64.48712693602434,0.0,0.0,0.6,3.671095561818003,0.08152019966530188,0.20113442939493137,1.0208196089656858,85,764980251,"235.3,759.8;458.8,145.9;746.5,250.6;523.1,864.6"
images/rotation_0094.jpg,rotation,70.0,PASS,PSU-3148-Z,pcb,Power Supply 12V 5A,70.0,0.0,155.4612538786545,0.0,0.0,0.6,3.577034900734329,0.07440399187710794,0.05200406813646652,1.0309569545607413,76,631276989,"306.3,786.0;525.0,185.3;805.9,287.6;587.3,888.2"
images/rotation_0095.jpg,rotation,70.0,PASS,DRV-1524-TS,metal,Stepper Driver Board,70.0,0.0,155.65757447074398,0.0,0.0,0.0,3.579674078255928,0.3095266388244025,0.20392955888935688,0.9400096973355556,87,552685917,"548.1,747.6;741.0,217.6;979.5,304.4;786.6,834.4"
images/rotation_0096.jpg,rotation,80.0,FAIL_UNKNOWN,CMP-1799-DW,component,Unregistered Part,80.0,0.0,125.05472570411813,0.0,0.0,0.0,2.7484973929708545,0.019456848631438383,0.10781740267118677,0.9188145602864335,88,143480572,"509.5,649.4;605.2,106.5;849.5,149.6;753.8,692.5"
images/rotation_0097.jpg,rotation,80.0,PASS,DRV-3967-9A,shipping,Stepper Driver Board,80.0,0.0,136.15670903530162,0.0,0.0,0.6,3.5783546776732753,0.07934549595885491,0.05735872855324664,1.0707277328311866,92,616489103,"619.1,752.2;738.1,77.4;1054.5,133.1;935.5,808.0"
images/rotation_0098.jpg,rotation,80.0,PASS,LBL-4983-YZ,pcb,Return Label Stock,80.0,0.0,115.12345379238369,0.0,0.0,0.6,2.870237407306191,0.009191470851284241,0.08803389956174984,0.8948705254513402,84,354311531,"232.6,783.1;329.0,236.7;584.5,281.7;488.2,828.1"
images/rotation_0099.jpg,rotation,80.0,PASS,PSU-32360-G,metal,Power Supply 12V 5A,80.0,0.0,114.47330405151358,0.0,0.0,0.6,1.3464730441982502,0.303776021945468,0.24313250865658403,0.9823272726735057,90,1797036,"648.9,712.4;751.2,132.0;1012.4,178.0;910.1,758.5"
images/rotation_0100.jpg,rotation,80.0,PASS,MTR-03662-MX,component,BLDC Motor 24V,80.0,0.0,27.13398707658183,0.0,0.0,0.0,1.48358389726859,0.04855312491509296,0.13595035551740703,1.0071590452375072,89,690139047,"259.6,786.0;364.5,190.9;632.4,238.1;527.4,833.2"
images/rotation_0101.jpg,rotation,80.0,FAIL_UNKNOWN,LBL-G403-4,shipping,Unregistered Part,80.0,0.0,54.65432775788433,0.0,0.0,0.0,1.2301092796112487,0.03939328756180626,0.10528995775052795,0.9268385695505885,85,238847634,"257.9,697.8;360.9,113.6;634.8,161.9;531.8,746.0"
images/rotation_0102.jpg,rotation,80.0,PASS,MTR-0511-N8,pcb,BLDC Motor 24V,80.0,0.0,34.95320751825743,0.0,0.0,0.6,3.2691018601914927,0.1415769022786275,0.16164690009910035,0.9012414175637116,79,541249936,"497.1,682.0;594.1,131.7;851.5,177.1;754.5,727.4"
images/rotation_0103.jpg,rotation,80.0,PASS,DRV-82662-L2,metal,Stepper Driver Board,80.0,0.0,85.26649126131285,0.0,0.0,0.6,1.9541347500976196,0.23629944598688632,0.12262979327300333,1.1314173550001463,80,290551576,"510.6,833.3;628.5,164.8;929.3,217.8;811.4,886.4"
images/rotation_0104.jpg,rotation,80.0,PASS,PSU-60698-N0,component,Power Supply 12V 5A,80.0,0.0,85.2742798203645,0.0,0.0,0.0,3.594952319147002,0.06212673852257859,0.24781493329316412,1.0656381859095074,82,73085391,"587.6,812.5;698.6,182.9;981.9,232.8;870.9,862.5"
images/rotation_0105.jpg,rotation,80.0,PASS,DRV-014068-CD,shipping,Stepper Driver Board,80.0,0.0,22.238277096430444,0.0,0.0,0.6,2.0047367212388614,0.17077718000796288,0.227882788762304,0.9123483538037533,78,889866571,"420.3,725.0;521.7,150.0;791.3,197.5;689.9,772.6"
images/rotation_0106.jpg,rotation,80.0,FAIL_UNKNOWN,MTR-97892-DH,pcb,Unregistered Part,80.0,0.0,57.31101763904384,0.0,0.0,0.0,1.8077076257126057,0.05673000571408139,0.056010393775214024,1.0378304232078948,75,543357673,"354.5,729.0;466.2,95.4;762.6,147.6;650.9,781.3"
images/rotation_0107.jpg,rotation,80.0,PASS,PCB-5851-LN,metal,Main Controller PCB,80.0,0.0,121.69892090294844,0.0,0.0,0.36,3.7147902536077044,0.3646657884542942,0.15812237820908664,0.9573707711144408,76,1057216899,"363.1,793.8;462.8,228.1;717.4,273.0;617.7,838.7"
images/rotation_0108.jpg,rotation,90.0,PASS,PCB-5740-P,component,Main Controller PCB,90.0,0.0,168.78463570566072,0.0,0.0,0.0,3.269882991066974,0.06160562692050923,0.17507121659985342,0.9105557066387607,86,739600914,"256.0,811.5;256.0,265.2;501.9,265.2;501.9,811.5"
images/rotation_0109.jpg,rotation,90.0,PASS,DRV-1524-TS,shipping,Stepper Driver Board,90.0,0.0,168.00289841587423,0.0,0.0,0.0,3.780246867905425,0.1596482895048944,0.17729473061513112,0.9800154629328541,75,112336785,"491.0,836.2;491.0,209.0;785.0,209.0;785.0,836.2"
images/rotation_0110.jpg,rotation,90.0,PASS,BOX-501204-VH,pcb,Shipping Carton,90.0,0.0,172.33935506568625,0.0,0.0,0.6,2.6172363760853714,0.12847775269127704,0.1306874664430158,1.108633909424988,95,567396292,"306.5,763.7;306.5,76.3;628.0,76.3;628.0,763.7"
images/rotation_0111.jpg,rotation,90.0,FAIL_UNKNOWN,PSU-2290-0,metal,Unregistered Part,90.0,0.0,35.80599863984503,0.0,0.0,0.36,2.7825636567463907,0.4506568788050104,0.08453404068016901,0.889680114718985,95,647582780,"606.5,659.5;606.5,125.7;846.7,125.7;846.7,659.5"
images/rotation_0112.jpg,rotation,90.0,FAIL_UNKNOWN,PSU-44033-V,component,Unregistered Part,90.0,0.0,145.31605849613612,0.0,0.0,0.6,3.415366838800348,0.05711904776184472,0.10235841091314118,1.0694624406558892,82,710159205,"594.2,864.7;594.2,223.0;882.9,223.0;882.9,864.7"
images/rotation_0113.jpg,rotation,90.0,PASS,CTL-33542-X0,shipping,Motor Controller,90.0,0.0,40.58939015494979,0.0,0.0,0.36,1.7836084873903715,0.08279619165991141,0.08732588600996223,1.0665371427843149,82,663086501,"659.4,859.5;659.4,176.9;979.3,176.9;979.3,859.5"
images/rotation_0114.jpg,rotation,90.0,PASS,DRV-Z83390-H,pcb,Stepper Driver Board,90.0,0.0,113.54372537379902,0.0,0.0,0.0,3.725047893553959,0.1538037925437991,0.23910206746181611,1.0582187282110271,84,592451326,"668.2,878.7;668.2,222.6;975.1,222.6;975.1,878.7"
images/rotation_0115.jpg,rotation,90.0,PASS,MTR-03662-MX,metal,BLDC Motor 24V,90.0,0.0,56.596594269619665,0.0,0.0,0.0,2.5931601793200993,0.44663392899628324,0.20216454027233505,0.9794472554581037,91,196513465,"459.0,764.7;459.0,177.1;723.4,177.1;723.4,764.7"
images/rotation_0116.jpg,rotation,90.0,FAIL_UNKNOWN,LBL-Q823-8J,component,Unregistered Part,90.0,0.0,139.71951504492722,0.0,0.0,0.0,3.2201864824487663,0.16386829130827338,0.18590704691902515,1.1290403744737596,93,597949292,"314.8,879.4;314.8,201.9;619.6,201.9;619.6,879.4"
images/rotation_0117.jpg,rotation,90.0,PASS,PCB-5851-LN,shipping,Main Controller PCB,90.0,0.0,32.28566326460771,0.0,0.0,0.0,3.45188413376968,0.023194268702422718,0.2033566587411193,0.9692929826853446,83,199374728,"250.9,840.3;250.9,219.9;541.7,219.9;541.7,840.3"
images/rotation_0118.jpg,rotation,90.0,PASS,SN-408210-Q,pcb,Voltage Regulator Module,90.0,0.0,176.42694047766489,0.0,0.0,0.0,3.465585435001476,8.116239690853176e-05,0.19772720271220828,1.1151706867275626,76,92193667,"711.1,853.8;711.1,162.4;1034.5,162.4;1034.5,853.8"
images/rotation_0119.jpg,rotation,90.0,PASS,SEN-196316-H,metal,Temperature Sensor Pack,90.0,0.0,79.86365689492762,0.0,0.0,0.0,1.5932026777859802,0.4108079012133596,0.14790854163670056,1.13313884535781,93,109250161,"231.5,802.8;231.5,122.9;537.5,122.9;537.5,802.8"
images/perspective_0120.jpg,perspective,0.0,FAIL_UNKNOWN,DRV-9041-SS,component,Unregistered Part,27.50661630975979,0.0,161.66030480654717,0.0,0.0,0.0,2.546643061053842,0.17394797450237112,0.22928088370041388,1.1060653740412336,87,511734127,"319.8,562.4;908.4,255.9;1046.4,520.7;457.7,827.2"
images/perspective_0121.jpg,perspective,0.0,FAIL_FAULTY,SN-9493-U,shipping,Voltage Regulator Module,56.68817183789002,0.0,54.974070496930025,0.0,0.0,0.0,1.215052427033289,0.0432506551635457,0.09906549231962983,0.8649352413034981,76,7399454,"195.7,604.4;499.8,141.8;716.6,284.3;412.6,746.9"
images/perspective_0122.jpg,perspective,0.0,PASS,DRV-80706-A8,pcb,Stepper Driver Board,31.632921815259028,0.0,60.697371985792245,0.0,0.0,0.0,1.6999846009175796,0.17354009014040775,0.20104090637431926,0.9977634827015878,88,525730230,"167.7,423.5;694.4,99.0;846.2,345.4;319.5,669.8"
images/perspective_0123.jpg,perspective,0.0,FAIL_FAULTY,SN-9493-U,metal,Voltage Regulator Module,77.60448338917526,0.0,139.69803339549514,0.0,0.0,0.0,3.8682350188110926,0.19267528499182854,0.13373511499225527,1.0847049098083883,77,964767420,"206.2,789.7;345.9,154.0;631.9,216.9;492.2,852.5"
images/perspective_0124.jpg,perspective,0.0,PASS,SN-S017-BL,component,Voltage Regulator Module,45.750561923375535,0.0,107.03618714717176,0.0,0.0,0.6,2.2175527808087807,0.031190155485444536,0.17071025628186132,0.900865861483919,94,408613418,"187.7,623.4;564.8,236.3;739.1,406.0;361.9,793.2"
images/perspective_0125.jpg,perspective,0.0,FAIL_UNKNOWN,SN-V851-E,shipping,Unregistered Part,30.672890903521473,0.0,84.74438822472129,0.0,0.0,0.0,2.9518259181105586,0.17732363349208116,0.23299911959767067,1.0495583453832802,75,557883706,"196.8,559.0;774.5,216.4;935.2,487.2;357.4,829.8"
images/perspective_0126.jpg,perspective,0.0,PASS,PCB-V9203-S,pcb,Main Controller PCB,70.76902594778637,0.0,89.7015310427754,0.0,0.0,0.6,1.3695892905385663,0.04136617918940099,0.24361615325031666,0.8789192320287232,85,314759766,"288.7,771.3;468.1,256.8;708.8,340.7;529.3,855.2"
images/perspective_0127.jpg,perspective,0.0,PASS,LBL-59596-T,metal,Return Label Stock,80.47466373915682,0.0,21.35875420223188,0.0,0.0,0.6,2.1496970679262293,0.3446468320299672,0.08918982633173644,0.8914406417300482,77,345832643,"670.4,717.7;758.9,190.2;996.3,230.1;907.7,757.6"
images/perspective_0128.jpg,perspective,0.0,PASS,PCB-20259-N,component,Main Controller PCB,77.27894287598825,0.0,178.78164096661675,0.0,0.0,0.6,3.643093008990525,0.02726163650338523,0.12911340267634214,1.0217673019130278,80,373294447,"541.6,781.8;676.6,183.8;945.7,244.6;810.7,842.6"
images/perspective_0129.jpg,perspective,0.0,FAIL_UNKNOWN,BOX-E60245-YA,shipping,Unregistered Part,52.915932836803975,0.0,177.43357728246795,0.0,0.0,0.36,3.8370167586811585,0.010839283897463603,0.05883561280683203,0.8860256982053039,95,965790059,"238.6,607.2;580.5,154.8;792.5,315.1;450.6,767.5"
images/perspective_0130.jpg,perspective,0.0,FAIL_UNKNOWN,PCB-90126-5N,pcb,Unregistered Part,72.36745508476515,0.0,169.38246062674085,0.0,0.0,0.6,2.293426664665928,0.03502659334033229,0.19588045022748984,0.9911830772294961,95,1004542812,"554.8,762.0;741.0,176.4;1014.9,263.4;828.8,849.1"
images/perspective_0131.jpg,perspective,0.0,PASS,BOX-501204-VH,metal,Shipping Carton,17.134975474884925,0.0,31.47348192994514,0.0,0.0,0.0,3.12887962262389,0.4366286055478643,0.06910139275833943,1.0386077503320497,87,741890511,"301.3,334.4;896.8,150.8;979.4,418.8;383.9,602.4"
images/perspective_0132.jpg,perspective,10.0,PASS,DRV-Z83390-H,component,Stepper Driver Board,18.41395380656016,10.0,162.23639398955027,0.0,0.0,0.0,1.3255791266236578,0.09786514664312716,0.07562188984941165,0.9677808931501518,93,475577982,"463.2,318.9;1003.4,133.5;1093.3,378.2;534.4,564.0"
images/perspective_0133.jpg,perspective,10.0,FAIL_UNKNOWN,LBL-K0293-0,shipping,Unregistered Part,82.66084707404312,10.0,130.43211586159592,0.0,0.0,0.0,4.142631836310802,0.15798596649342178,0.13717253833067528,1.1398378701605874,90,1019067760,"366.1,815.8;440.7,105.4;790.7,142.4;690.5,869.5"
images/perspective_0134.jpg,perspective,10.0,FAIL_UNKNOWN,PCB-I260-TB,pcb,Unregistered Part,34.821995175345286,10.0,39.19001489502576,0.0,0.0,0.6,3.7954379787187333,0.002867987893622583,0.24614759764874905,0.9474340213545613,78,89741824,"380.3,526.6;865.1,186.9;1019.3,419.1;540.0,739.8"
images/perspective_0135.jpg,perspective,10.0,FAIL_UNKNOWN,SN-0180-D,metal,Unregistered Part,26.000122580226087,10.0,177.44295655210104,0.0,0.0,0.0,2.795347856657662,0.25518808950736127,0.1702334652121713,1.0923201959808502,78,37798480,"383.2,553.2;961.2,270.2;1099.5,526.7;499.4,819.2"
images/perspective_0136.jpg,perspective,10.0,PASS,CMP-9838-G,component,Capacitor Bank Unit,10.245150561600319,10.0,23.774258135091614,0.0,0.0,0.6,3.633905956465309,0.011845974540003175,0.19747753685201358,0.962484355567973,82,280775866,"268.7,278.8;844.1,174.3;883.2,431.8;323.3,526.1"
images/perspective_0137.jpg,perspective,10.0,FAIL_UNKNOWN,CMP-Q86279-RB,shipping,Unregistered Part,61.14064211927836,10.0,58.504346099776356,0.0,0.0,0.36,3.3394879150077643,0.030848396059234638,0.11098506437120932,1.0058832258461075,87,549670441,"410.0,661.9;715.3,95.3;985.6,249.4;668.3,795.3"
images/perspective_0138.jpg,perspective,10.0,FAIL_UNKNOWN,CTL-96188-L0,pcb,Unregistered Part,35.21397832920693,10.0,110.3722897243533,0.0,0.0,0.6,2.5337607623021965,0.14941721408975836,0.0579006929336676,0.8764604126451454,89,110454212,"416.2,543.1;846.2,226.6;998.8,439.6;554.8,746.4"
images/perspective_0139.jpg,perspective,10.0,PASS,MTR-P83614-5,metal,BLDC Motor 24V,23.845625837408633,10.0,60.79779458705566,0.0,0.0,0.6,1.2634972591246334,0.3160114619376039,0.1229007437057627,0.9739247777642628,93,472522705,"451.0,415.5;982.2,175.7;1088.7,424.4;559.2,645.5"
images/perspective_0140.jpg,perspective,10.0,FAIL_UNKNOWN,SEN-V6384-W,component,Unregistered Part,78.9838733670513,10.0,146.83549812487828,0.0,0.0,0.6,3.9662011966175137,0.051539546638082585,0.10626581796202086,0.9415461602955835,94,986923842,"503.8,739.3;601.5,192.6;854.3,235.8;744.5,795.2"
images/perspective_0141.jpg,perspective,10.0,FAIL_UNKNOWN,MTR-89836-R,shipping,Unregistered Part,47.159783212429545,10.0,89.92135436238897,0.0,0.0,0.6,2.36609400146799,0.07362792187043977,0.12078454357353673,1.0138705500769367,84,95519017,"263.0,564.7;689.2,87.0;921.6,302.5;477.4,763.5"
images/perspective_0142.jpg,perspective,10.0,PASS,PSU-7372-J1,pcb,Power Supply 12V 5A,36.88386389336445,10.0,159.43694710339005,0.0,0.0,0.6,1.946699107571975,0.03252486889139061,0.08418458969288001,1.0378066335605138,93,713464688,"164.5,472.6;665.2,87.9;854.0,322.8;330.4,714.4"
images/perspective_0143.jpg,perspective,10.0,FAIL_UNKNOWN,DRV-07574-B,metal,Unregistered Part,82.86801414414573,10.0,15.746051021838213,0.0,0.0,0.0,3.4713422591111844,0.18373822566750617,0.08342519083058693,0.8550665004751035,90,911264984,"481.1,632.4;545.6,116.8;772.7,151.5;706.0,652.7"
images/perspective_0144.jpg,perspective,20.0,PASS,DRV-014068-CD,component,Stepper Driver Board,66.08601985723752,20.0,126.35240575881306,0.0,0.0,0.36,4.1660303060210016,0.17805782116716704,0.11249742237671943,0.8930299506735525,91,329141447,"221.7,643.0;402.7,167.8;631.3,266.2;421.0,747.4"
images/perspective_0145.jpg,perspective,20.0,PASS,BOX-69847-UW,shipping,Shipping Carton,18.69312405713974,20.0,29.809276558821903,0.0,0.0,0.6,1.85189771494341,0.049174672488137325,0.2052441543922321,0.9314192486033543,87,927466925,"358.5,557.7;934.1,369.0;1012.1,634.5;463.2,794.7"
images/perspective_0146.jpg,perspective,20.0,PASS,SN-891927-W,pcb,Voltage Regulator Module,89.50546889280712,20.0,38.85189663315565,0.0,0.0,0.0,2.5183688621449467,0.01650820348992556,0.06693625045795004,1.1003093219279245,86,622549207,"685.4,804.1;695.0,115.8;1018.9,131.2;978.6,779.4"
images/perspective_0147.jpg,perspective,20.0,PASS,CMP-2720-TZ,metal,Capacitor Bank Unit,51.79242210972965,20.0,165.73095326491108,0.0,0.0,0.6,3.569883446488796,0.3724522705769461,0.1378430696327803,0.8689327199722456,80,451008046,"494.7,623.8;799.1,220.0;982.8,350.0;655.5,772.4"
images/perspective_0148.jpg,perspective,20.0,FAIL_UNKNOWN,PCB-W345-Q,component,Unregistered Part,8.172165404465234,20.0,167.21655225746986,0.0,0.0,0.0,1.4689523671574505,0.021370732567757005,0.24244985397118368,0.931934777073709,93,59044393,"455.0,578.2;989.4,490.9;1037.4,727.3;469.0,812.7"
images/perspective_0149.jpg,perspective,20.0,PASS,CMP-70538-ES,shipping,Capacitor Bank Unit,86.14651746233113,20.0,60.52539877109423,0.0,0.0,0.36,1.5811277219271906,0.032585144863160505,0.07988662215442606,0.9382321823487298,90,1064867996,"540.7,747.4;577.5,163.7;872.7,186.9;802.2,749.6"
images/perspective_0150.jpg,perspective,20.0,PASS,PCB-9272-KG,pcb,Main Controller PCB,3.1114226111094245,20.0,154.7891916589188,0.0,0.0,0.6,2.608645281885209,0.03908899779178543,0.18948471159368435,0.895134832925845,85,917404292,"529.9,399.9;1062.3,351.6;1086.5,604.6;522.2,641.0"
images/perspective_0151.jpg,perspective,20.0,PASS,SN-473905-6,metal,Voltage Regulator Module,51.543598537984764,20.0,149.06104074991734,0.0,0.0,0.0,2.143689152683878,0.29244097935833624,0.06552918596985897,0.9732409887746581,84,774838438,"473.2,541.3;802.9,87.7;1012.9,242.0;649.9,709.1"
images/perspective_0152.jpg,perspective,20.0,PASS,DRV-1524-TS,component,Stepper Driver Board,48.89897309637502,20.0,162.9030529497004,0.0,0.0,0.0,2.052952107692569,0.11366254887219929,0.05559224554652176,0.9470356012476492,91,1618658,"279.1,533.2;629.6,110.2;824.0,262.4;444.4,704.6"
images/perspective_0153.jpg,perspective,20.0,FAIL_UNKNOWN,CMP-L426-6,shipping,Unregistered Part,1.3859370077716437,20.0,165.42695088709667,0.0,0.0,0.0,2.734601831337947,0.14918908637559675,0.17182025064769035,0.9762805440972939,94,133722473,"351.0,378.3;952.4,350.0;977.3,631.2;332.6,650.6"
images/perspective_0154.jpg,perspective,20.0,FAIL_UNKNOWN,MTR-J93013-MY,pcb,Unregistered Part,67.13562863701316,20.0,102.87921513796972,0.0,0.0,0.0,3.054754141690984,0.008941605987719984,0.2014835328893087,0.9553289963842936,80,352715532,"242.3,612.3;433.9,88.4;708.1,202.9;477.4,719.1"
images/perspective_0155.jpg,perspective,20.0,PASS,SN-F3985-P,metal,Voltage Regulator Module,16.1030724636753,20.0,142.19585890911253,0.0,0.0,0.0,1.3987966943551615,0.3611292782377639,0.10668843177822072,1.1143383415245234,82,1042968257,"438.0,397.0;1040.9,188.9;1136.7,478.2;490.1,669.7"
images/perspective_0156.jpg,perspective,30.0,PASS,PCB-5862-0,component,Main Controller PCB,85.14112827157928,30.0,58.76454666927715,0.0,0.0,0.6,3.1278513278612694,0.15374865039444466,0.16324122744630876,0.9752718445462234,78,303128959,"233.1,699.0;291.0,157.9;568.1,179.8;468.2,693.7"
images/perspective_0157.jpg,perspective,30.0,PASS,DRV-80706-A8,shipping,Stepper Driver Board,33.236636838948655,30.0,131.8854663382044,0.0,0.0,0.0,1.996563168634452,0.048075450339808916,0.11666479495498563,1.0004347705361094,94,759737226,"416.3,601.0;864.5,230.9;1035.7,485.8;529.2,839.9"
images/perspective_0158.jpg,perspective,30.0,FAIL_FAULTY,PSU-598297-3,pcb,Power Supply 12V 5A,6.827720623299044,30.0,139.05438481489892,0.0,0.0,0.0,3.6234064394302723,0.03262747076139386,0.2010250781893575,0.946944032567085,83,905203913,"418.6,361.5;945.5,244.0;981.7,512.7;412.2,602.8"
images/perspective_0159.jpg,perspective,30.0,PASS,SN-473905-6,metal,Voltage Regulator Module,52.70936320029328,30.0,4.132543011262406,0.0,0.0,0.36,1.286905329935178,0.24494008758193067,0.12978838098255532,1.0875913181044305,90,615533959,"412.7,693.8;833.0,149.0;1018.2,330.1;636.4,818.4"
images/perspective_0160.jpg,perspective,30.0,FAIL_UNKNOWN,PSU-666249-7,component,Unregistered Part,70.41362032281523,30.0,121.24754711926467,0.0,0.0,0.0,1.8652600026129358,0.08283876136841374,0.14837168495925585,0.9657641102250443,89,867962034,"678.0,716.6;798.8,212.4;1057.2,306.3;888.0,817.8"
images/perspective_0161.jpg,perspective,30.0,PASS,MTR-0511-N8,shipping,BLDC Motor 24V,6.0784407829428355,30.0,77.58510029852806,0.0,0.0,0.36,2.8128154548499165,0.1546290059782741,0.19822659313022495,0.872514819025187,83,495046610,"320.2,404.6;812.4,342.1;845.1,628.3;356.0,639.4"
images/perspective_0162.jpg,perspective,30.0,PASS,CMP-2720-TZ,pcb,Capacitor Bank Unit,73.83253360169032,30.0,48.689031406600904,0.0,0.0,0.6,1.9585823322657652,0.056523950667537334,0.17291208898214655,0.8814121141471467,82,775723114,"655.2,659.4;818.8,162.7;1067.4,234.2;879.8,694.2"
images/perspective_0163.jpg,perspective,30.0,PASS,CTL-M9607-62,metal,Motor Controller,82.70133476433533,30.0,95.66459760322043,0.0,0.0,0.0,2.4094715681925005,0.3988346261824748,0.15223207929805188,0.9646870876213871,86,312252416,"455.8,633.7;485.9,128.1;773.3,165.8;689.2,668.7"
images/perspective_0164.jpg,perspective,30.0,PASS,BOX-69847-UW,component,Shipping Carton,1.1450036368794048,30.0,161.36042556506035,0.0,0.0,0.6,3.291949993100865,0.030695632964327122,0.1092134342755299,1.1480435095285861,79,576307167,"279.9,340.0;925.9,290.8;957.2,573.3;240.0,605.2"
images/perspective_0165.jpg,perspective,30.0,PASS,CMP-9838-G,shipping,Capacitor Bank Unit,41.9271257422196,30.0,160.3309101801351,0.0,0.0,0.36,3.2072672363577333,0.003979561072252407,0.21437716566477255,1.052381897793431,80,953475176,"287.2,656.6;731.9,207.0;943.3,405.9;433.4,887.5"
images/perspective_0166.jpg,perspective,30.0,PASS,SN-F3985-P,pcb,Voltage Regulator Module,10.805512026668506,30.0,139.1896073520158,0.0,0.0,0.6,2.6589604000475924,0.10288014816852106,0.15233263858208057,1.1386006505845605,93,984395091,"448.8,524.5;1067.4,337.0;1140.6,659.5;457.2,812.0"
images/perspective_0167.jpg,perspective,30.0,PASS,SN-891927-W,metal,Voltage Regulator Module,68.60734079954898,30.0,64.69900931167385,0.0,0.0,0.36,3.142791365347606,0.30340039334202384,0.1480532874746176,1.074414892581308,75,410084543,"446.4,643.9;665.5,93.8;959.3,207.9;694.5,715.3"
images/perspective_0168.jpg,perspective,40.0,PASS,CTL-M9607-62,component,Motor Controller,35.25994479909214,40.0,33.83008817235476,0.0,0.0,0.6,3.866895359707646,0.09732578946886399,0.1476623550934167,1.0006686464076309,90,402160254,"455.2,555.1;964.3,255.8;1102.5,454.7;621.1,699.6"
images/perspective_0169.jpg,perspective,40.0,PASS,DRV-80706-A8,shipping,Stepper Driver Board,57.00424674943684,40.0,35.86843336590171,0.0,0.0,0.6,3.8377390291987137,0.08149433200708774,0.06350463552641661,1.1194043143047236,91,90353214,"291.4,625.1;721.5,62.4;976.4,238.9;550.3,711.5"
images/perspective_0170.jpg,perspective,40.0,PASS,CMP-9838-G,pcb,Capacitor Bank Unit,41.0678167690939,40.0,138.05018707215277,0.0,0.0,0.0,1.239223888624646,0.15002715263371907,0.13859318073221066,0.8663903695445417,94,67249230,"419.5,501.3;720.5,136.9;869.8,319.5;520.3,685.0"
images/perspective_0171.jpg,perspective,40.0,PASS,BOX-501204-VH,metal,Shipping Carton,52.812111510829396,40.0,63.47609300541251,0.0,0.0,0.6,2.625726655464146,0.47301150663885944,0.14338686690729807,1.0581733814672192,85,63007759,"304.1,561.5;648.0,147.6;902.5,327.2;518.7,679.8"
images/perspective_0172.jpg,perspective,40.0,FAIL_UNKNOWN,PSU-F92751-8,component,Unregistered Part,10.673832887327364,40.0,154.74860356365485,0.0,0.0,0.36,3.8165857742814824,0.022311611006872314,0.11286985839554926,0.9134802661527426,83,447170844,"556.5,470.0;1038.8,321.2;1083.8,524.9;547.4,667.1"
images/perspective_0173.jpg,perspective,40.0,PASS,SN-6949-8R,shipping,Voltage Regulator Module,42.070497479932236,40.0,55.23440163585173,0.0,0.0,0.6,2.559037850553204,0.13898080292541107,0.13091745150172474,0.9948936799369331,84,296813166,"467.1,570.3;909.7,221.1;1125.3,444.8;667.9,724.1"
images/perspective_0174.jpg,perspective,40.0,FAIL_UNKNOWN,BOX-99884-I,pcb,Unregistered Part,51.42262242836251,40.0,148.3474915260373,0.0,0.0,0.36,3.385020747356233,0.15561760263843707,0.1003669155754679,0.9387319070610494,75,893013976,"493.6,596.5;761.9,144.0;951.5,291.4;628.9,771.0"
images/perspective_0175.jpg,perspective,40.0,PASS,PCB-5851-LN,metal,Main Controller PCB,79.30254162225545,40.0,103.76007703522451,0.0,0.0,0.0,1.6794654766276629,0.4669601822640225,0.21600159126830615,0.9090574935155787,81,444002927,"751.4,721.7;773.1,291.1;1042.2,349.8;960.9,778.0"
images/perspective_0176.jpg,perspective,40.0,FAIL_FAULTY,CMP-039712-A,component,Capacitor Bank Unit,84.82986746959538,40.0,140.84604530579517,0.0,0.0,0.36,3.112314227744127,0.05084078220243091,0.20948319952871203,0.8719803380551928,84,820892643,"702.3,685.5;672.0,221.2;887.0,246.6;888.2,744.8"
images/perspective_0177.jpg,perspective,40.0,PASS,CTL-33542-X0,shipping,Motor Controller,26.8275280830236,40.0,129.72632205265754,0.0,0.0,0.0,3.1514024214008787,0.06542186561784505,0.24545998146569536,0.8571341100476055,79,306517399,"323.6,464.9;698.9,182.8;804.2,415.3;383.0,675.0"
images/perspective_0178.jpg,perspective,40.0,PASS,PSU-7372-J1,pcb,Power Supply 12V 5A,21.17725008925607,40.0,61.083207260146516,0.0,0.0,0.6,1.4080865370810998,0.16286252951240254,0.08598353474375314,1.1449664458613598,94,127395894,"326.4,335.3;907.4,137.3;1047.2,472.7;468.6,577.2"
images/perspective_0179.jpg,perspective,40.0,FAIL_UNKNOWN,PCB-L183-PL,metal,Unregistered Part,74.1276757019985,40.0,12.289615245027436,0.0,0.0,0.0,1.4799621367195064,0.4735373377308816,0.06020060184246448,0.8608402649755389,95,701573937,"269.6,620.6;437.7,107.8;610.5,174.1;450.6,634.1"
images/perspective_0180.jpg,perspective,50.0,PASS,MTR-P83614-5,component,BLDC Motor 24V,20.781108396764115,50.0,94.0638174756155,0.0,0.0,0.0,2.5484690435068265,0.03699544722254363,0.1904018017195907,1.0064758417076107,83,365139424,"635.2,534.9;986.6,336.2;1096.9,641.6;710.9,755.3"
images/perspective_0181.jpg,perspective,50.0,FAIL_UNKNOWN,MTR-05128-A,shipping,Unregistered Part,33.26983652453142,50.0,145.7932928160821,0.0,0.0,0.0,4.1765595124770325,0.020583168594384083,0.1887216753135707,0.8881520430956509,94,501193505,"633.3,453.7;978.7,100.9;1086.5,287.1;682.2,649.5"
images/perspective_0182.jpg,perspective,50.0,PASS,DRV-80706-A8,pcb,Stepper Driver Board,54.09693379995243,50.0,62.992339986239045,0.0,0.0,0.0,2.878071249317755,0.051009327692328826,0.20881637225074312,0.9424352452038405,83,686214690,"474.2,563.1;770.7,238.6;1022.7,388.0;682.3,657.6"
images/perspective_0183.jpg,perspective,50.0,PASS,DRV-I457-AJ,metal,Stepper Driver Board,85.14657091545268,50.0,107.3995795957473,0.0,0.0,0.36,3.3885606469205567,0.23706624031620824,0.17415176724614767,1.1063120525311811,94,186292586,"717.9,604.6;639.7,141.1;984.3,191.3;961.9,659.4"
images/perspective_0184.jpg,perspective,50.0,PASS,PSU-R677-HG,component,Power Supply 12V 5A,22.167475449220532,50.0,2.0006967919963548,0.0,0.0,0.6,3.423653894523197,0.03431271228401102,0.06824242417850208,0.9829525974653037,92,782380036,"204.8,530.2;796.0,296.6;823.7,471.1;311.8,671.4"
images/perspective_0185.jpg,perspective,50.0,FAIL_UNKNOWN,PSU-470716-1,shipping,Unregistered Part,84.4069677141154,50.0,100.34999389687725,0.0,0.0,0.6,3.782916758838711,0.026167375456447133,0.13119733350580032,1.024367969050913,82,396538962,"454.3,662.2;401.9,215.7;766.8,265.6;709.7,708.4"
images/perspective_0186.jpg,perspective,50.0,PASS,PSU-R992-M,pcb,Power Supply 12V 5A,51.219890522328825,50.0,90.12858376986327,0.0,0.0,0.0,2.178037603745744,0.1309235099918148,0.14082760667161298,0.9076579318044913,90,824817573,"591.6,530.0;790.9,214.9;1033.3,409.9;769.2,673.0"
images/perspective_0187.jpg,perspective,50.0,PASS,CMP-8341-N,metal,Capacitor Bank Unit,20.384250342165213,50.0,53.06918572732814,0.0,0.0,0.0,2.601293953349744,0.4260854938873794,0.1342090029623953,0.897678874791226,85,24104023,"345.0,411.0;776.4,325.7;882.6,537.1;459.2,573.5"
images/perspective_0188.jpg,perspective,50.0,PASS,CTL-54171-EP,component,Motor Controller,30.203579854635922,50.0,24.517417030457032,0.0,0.0,0.0,1.3375353252133637,0.07295349431066923,0.14795905374971285,1.055708729505072,83,220034942,"261.6,563.6;853.2,306.8;952.5,492.6;421.9,694.1"
images/perspective_0189.jpg,perspective,50.0,PASS,DRV-014068-CD,shipping,Stepper Driver Board,59.49040015786915,50.0,142.83930483884757,0.0,0.0,0.6,3.884388892556592,0.06092383300633426,0.248297285506431,0.9841370330917448,87,331012188,"432.0,597.9;591.5,83.2;798.1,219.8;577.6,770.8"
images/perspective_0190.jpg,perspective,50.0,PASS,LBL-8609-XW,pcb,Return Label Stock,17.492361714970592,50.0,103.71819927347552,0.0,0.0,0.0,2.2906485146751816,0.09149502540609165,0.15497358729715774,1.0118446479290297,86,470837245,"582.1,509.2;955.9,287.1;1042.5,620.3;631.1,753.0"
images/perspective_0191.jpg,perspective,50.0,PASS,CTL-169170-F,metal,Motor Controller,7.735195386000633,50.0,40.28214447992377,0.0,0.0,0.0,2.9884709924829798,0.3140630415282931,0.24422906926944882,1.030850428556647,76,735838360,"260.9,531.6;828.0,545.1;876.8,781.3;357.0,724.9"
images/curvature_0192.jpg,curvature,0.0,PASS,PSU-7372-J1,component,Power Supply 12V 5A,24.1346836346023,0.0,54.78966312804294,0.0,0.0,0.0,2.3663484211356667,0.06809845833944095,0.12895390182075311,1.1412885301966424,90,964288651,"372.3,505.7;997.2,225.7;1123.2,506.9;498.3,786.9"
images/curvature_0193.jpg,curvature,0.0,PASS,SN-6949-8R,shipping,Voltage Regulator Module,38.879120374536406,0.0,81.76408907306354,0.0,0.0,0.6,1.9218882031570415,0.11983619942565192,0.15085208949572765,0.9898658828500567,78,134154874,"268.1,639.6;761.3,242.0;947.7,473.1;454.5,870.8"
images/curvature_0194.jpg,curvature,0.0,FAIL_UNKNOWN,LBL-3747-G,pcb,Unregistered Part,25.39177435880731,0.0,59.280173319867565,0.0,0.0,0.0,3.21746570053798,0.06015150940421386,0.23747835373692638,0.9333669724341209,89,1022478850,"246.6,439.3;769.4,191.1;885.5,435.7;362.7,683.8"
images/curvature_0195.jpg,curvature,0.0,PASS,PCB-5862-0,metal,Main Controller PCB,61.727054599904776,0.0,120.41457973457973,0.0,0.0,0.6,3.0984526139746458,0.38017864277416363,0.10663252139536264,0.9766179411581344,82,406125025,"585.5,714.8;863.1,198.7;1095.3,323.6;817.8,839.7"
images/curvature_0196.jpg,curvature,0.0,FAIL_UNKNOWN,LBL-50882-R,component,Unregistered Part,19.520375030060507,0.0,20.158041768143807,0.0,0.0,0.0,1.7514827125515737,0.0013591553276837253,0.11378424064913242,0.9429663648666222,95,221698719,"495.8,376.2;1029.1,187.2;1114.1,427.2;580.9,616.2"
images/curvature_0197.jpg,curvature,0.0,PASS,SN-6949-8R,shipping,Voltage Regulator Module,88.74347212491006,0.0,119.20404490902368,0.0,0.0,0.6,2.6438230772641247,0.1360886312404625,0.15040510402241763,1.0583541101609812,83,180712385,"390.6,766.4;405.5,89.2;722.9,96.2;708.0,773.4"
images/curvature_0198.jpg,curvature,0.0,PASS,SEN-301827-TB,pcb,Temperature Sensor Pack,56.60319282889328,0.0,67.30660112922494,0.0,0.0,0.36,3.468866467773562,0.033679719265383344,0.0679607909909028,1.0555882949210613,90,921275612,"223.2,660.9;583.4,114.5;839.0,283.0;478.8,829.4"
images/curvature_0199.jpg,curvature,0.0,PASS,CMP-8341-N,metal,Capacitor Bank Unit,5.322547846275968,0.0,15.322695859572482,0.0,0.0,0.6,2.1300558362730464,0.3045892766925572,0.0757482360727294,0.8655273928010411,76,377237105,"412.1,561.8;929.2,513.6;950.8,746.3;433.8,794.5"
images/curvature_0200.jpg,curvature,0.0,PASS,CMP-179198-P,component,Capacitor Bank Unit,43.316800568465666,0.0,76.83501221209316,0.0,0.0,0.6,2.5282792254595297,0.08041270761323094,0.09164773586165394,0.9676407618099163,88,811215889,"266.4,544.5;688.8,146.2;868.0,336.2;445.6,734.5"
images/curvature_0201.jpg,curvature,0.0,PASS,PSU-R992-M,shipping,Power Supply 12V 5A,89.38720839901154,0.0,121.22406892635748,0.0,0.0,0.0,3.4911297797442664,0.0982939221126273,0.13585315238280016,1.0201498482646756,78,67049059,"282.4,775.6;289.4,122.7;595.4,126.0;588.4,778.8"
images/curvature_0202.jpg,curvature,0.0,FAIL_FAULTY,SN-724458-ZZ,pcb,Voltage Regulator Module,14.470830874543609,0.0,67.55493684801236,0.0,0.0,0.6,1.832647986938344,0.17011000860498673,0.16320743961713402,0.9368339589481679,89,652647145,"333.7,439.3;896.1,294.1;964.0,557.2;401.5,702.4"
images/curvature_0203.jpg,curvature,0.0,PASS,CMP-2720-TZ,metal,Capacitor Bank Unit,83.88623751211676,0.0,152.58380691386435,0.0,0.0,0.0,3.0728057520945558,0.2142090456842852,0.10073644436337209,0.9432263627159273,92,64677748,"531.2,737.1;591.5,174.4;844.7,201.5;784.4,764.2"
images/curvature_0204.jpg,curvature,0.05,PASS,DRV-95485-DG,component,Stepper Driver Board,44.590969152783046,0.0,139.98994663460286,0.05,0.0,0.36,1.6816344919349613,0.17455131103429472,0.23845755660314105,0.9147577224616087,84,541268959,"327.6,560.4;718.4,175.1;891.8,351.0;501.0,736.3"
images/curvature_0205.jpg,curvature,0.05,PASS,DRV-014068-CD,shipping,Stepper Driver Board,38.06409603550785,0.0,96.28756317026307,0.05,0.0,0.0,2.249840349713764,0.008422279104913359,0.16382115248403212,1.1314270710457084,88,462757740,"278.6,580.6;848.7,134.1;1058.0,401.3;487.9,847.8"
images/curvature_0206.jpg,curvature,0.05,PASS,CMP-J900-CD,pcb,Capacitor Bank Unit,65.21921456714622,0.0,147.95018267286673,0.05,0.0,0.0,2.9830251949180924,0.008550966196237453,0.10786530594698021,1.1421862499618853,89,1032482228,"522.5,716.8;819.3,73.8;1120.1,212.7;823.3,855.6"
images/curvature_0207.jpg,curvature,0.05,PASS,SN-473905-6,metal,Voltage Regulator Module,86.7438789833312,0.0,118.876245351302,0.05,0.0,0.6,4.075451306182383,0.35728348845124114,0.18864097272442132,0.900528170813697,87,387266785,"363.3,844.2;394.0,304.7;636.7,318.5;606.0,858.0"
images/curvature_0208.jpg,curvature,0.05,PASS,CMP-179198-P,component,Capacitor Bank Unit,26.770293566798838,0.0,131.11933372249953,0.05,0.0,0.6,1.5444048388699,0.00488622234281955,0.20660669005692672,1.1170860845713018,92,566090886,"404.1,484.4;1002.5,182.5;1138.4,451.8;540.0,753.7"
images/curvature_0209.jpg,curvature,0.05,PASS,SN-F3985-P,shipping,Voltage Regulator Module,2.282634724682855,0.0,61.66498160901557,0.05,0.0,0.36,1.594277607207304,0.02297483834580526,0.18897066909430754,1.1446493364407209,80,551878434,"258.0,415.1;990.0,385.9;1003.7,729.0;271.7,758.2"
images/curvature_0210.jpg,curvature,0.05,PASS,PSU-R677-HG,pcb,Power Supply 12V 5A,73.11676926812999,0.0,99.69369930034416,0.05,0.0,0.6,2.1821331668878265,0.007872303938799521,0.13453566106342985,0.9360296239130564,81,335139548,"453.8,705.0;622.4,149.7;882.1,228.5;713.6,783.9"
images/curvature_0211.jpg,curvature,0.05,PASS,SN-408210-Q,metal,Voltage Regulator Module,67.62752744253353,0.0,160.12594445116514,0.05,0.0,0.0,3.89409025187401,0.4158036413911345,0.16991029474618158,1.0044139391068594,87,935138310,"554.1,772.9;783.5,215.6;1034.2,318.9;804.9,876.1"
images/curvature_0212.jpg,curvature,0.05,PASS,MTR-0511-N8,component,BLDC Motor 24V,46.18838921580045,0.0,51.20823223982909,0.05,0.0,0.36,3.9376445311883144,0.010073014814035901,0.15129484104036173,1.0945938658393515,85,786675757,"428.6,580.4;883.3,106.4;1096.6,311.0;641.9,785.0"
images/curvature_0213.jpg,curvature,0.05,FAIL_UNKNOWN,SN-86897-QS,shipping,Unregistered Part,17.962581530331846,0.0,24.206588979014583,0.05,0.0,0.0,2.6529429124881205,0.013289876299381127,0.05723727895649747,0.879980172315657,91,67873350,"220.4,301.1;756.2,127.5;837.6,378.6;301.9,552.3"
images/curvature_0214.jpg,curvature,0.05,PASS,CTL-M9607-62,pcb,Motor Controller,11.378320829804442,0.0,89.87927254047443,0.05,0.0,0.6,1.8158612309357673,0.04818911967452138,0.12493952332751815,1.1124576007812004,90,507063446,"268.1,360.6;944.2,224.5;1007.9,540.8;331.7,676.8"
images/curvature_0215.jpg,curvature,0.05,PASS,CMP-R6567-4Z,metal,Capacitor Bank Unit,77.06744681664952,0.0,48.13777732299512,0.05,0.0,0.6,1.6794291678177748,0.45770126712234577,0.21659265107895737,0.8609298624598165,80,533591381,"330.8,678.3;446.4,174.9;673.0,226.9;557.4,730.3"
images/curvature_0216.jpg,curvature,0.1,FAIL_UNKNOWN,PCB-52781-3A,component,Unregistered Part,38.53990905251015,0.0,69.03293327249118,0.1,0.0,0.0,4.154147638925842,0.17103042165035873,0.06651521650410674,1.05853300775419,76,316566657,"421.0,495.6;917.8,99.9;1095.8,323.5;599.1,719.2"
images/curvature_0217.jpg,curvature,0.1,PASS,CMP-2720-TZ,shipping,Capacitor Bank Unit,29.76698799899171,0.0,98.49217834864984,0.1,0.0,0.36,2.177795965779499,0.1139203379979629,0.23336874330723772,1.0617887597200668,82,45622245,"273.8,474.7;863.7,137.4;1021.9,413.9;432.0,751.3"
images/curvature_0218.jpg,curvature,0.1,FAIL_FAULTY,PSU-598297-3,pcb,Power Supply 12V 5A,38.29112292817052,0.0,172.66619533718386,0.1,0.0,0.0,3.5576022918784465,0.06551763221822852,0.10026302547634003,0.8691911096752889,88,288637765,"362.3,623.6;785.2,289.6;941.4,487.5;518.4,821.4"
images/curvature_0219.jpg,curvature,0.1,FAIL_FAULTY,SN-9493-U,metal,Voltage Regulator Module,15.5752592084372,0.0,152.92332765957977,0.1,0.0,0.0,1.8071845441766388,0.3955048526615727,0.07440370063645477,1.0476419394395542,87,444779907,"248.1,466.6;853.6,297.8;929.5,570.3;324.0,739.1"
images/curvature_0220.jpg,curvature,0.1,FAIL_UNKNOWN,MTR-Y56437-H,component,Unregistered Part,16.684122605730465,0.0,134.45522405014415,0.1,0.0,0.36,2.9370826707525666,0.17376164591672083,0.07175801848964097,1.0207015558202455,80,610395018,"436.6,487.5;1023.2,311.7;1102.4,575.7;515.7,751.5"
images/curvature_0221.jpg,curvature,0.1,PASS,CTL-54171-EP,shipping,Motor Controller,1.2683891122781321,0.0,27.531309267025353,0.1,0.0,0.0,3.8295655953402186,0.04128095937604253,0.07414857863106834,1.0689412038148203,90,523592313,"415.2,356.6;1099.2,341.4;1106.2,662.0;422.3,677.2"
images/curvature_0222.jpg,curvature,0.1,PASS,DRV-3967-9A,pcb,Stepper Driver Board,30.582097489582026,0.0,107.72107716343069,0.1,0.0,0.6,2.1971103843399584,0.11006254771821324,0.07432537819723024,0.9081153647290384,85,307895890,"338.1,405.9;822.8,119.4;956.8,346.1;472.1,632.6"
images/curvature_0223.jpg,curvature,0.1,PASS,PSU-7372-J1,metal,Power Supply 12V 5A,29.44158325874401,0.0,99.29936434387172,0.1,0.0,0.0,3.1629888631808605,0.3032118789324059,0.20576051639427323,1.0579048204572274,90,75390179,"418.9,440.4;971.7,128.4;1112.1,377.1;559.3,689.1"
images/curvature_0224.jpg,curvature,0.1,FAIL_UNKNOWN,MTR-14901-8,component,Unregistered Part,79.20230912398148,0.0,168.82124174538728,0.1,0.0,0.6,3.3775561969457346,0.051074287914232956,0.1600797895573558,1.0157612449504005,86,146622622,"225.1,700.7;339.2,102.1;608.6,153.4;494.5,752.1"
images/curvature_0225.jpg,curvature,0.1,PASS,PCB-5740-P,shipping,Main Controller PCB,78.33788996014056,0.0,164.55654670684265,0.1,0.0,0.0,1.3613583979307882,0.005218168730092749,0.10487811539035732,0.9158967854397668,92,648267385,"421.9,660.7;540.4,86.7;809.5,142.2;691.0,716.3"
images/curvature_0226.jpg,curvature,0.1,FAIL_UNKNOWN,DRV-C8954-3,pcb,Unregistered Part,76.35646442150896,0.0,156.19735473885515,0.1,0.0,0.36,2.6363752203960824,0.10420920430095804,0.16758755266495784,0.8601889944333363,79,609851504,"367.0,666.7;492.8,148.5;735.2,207.3;609.4,725.6"
images/curvature_0227.jpg,curvature,0.1,PASS,CTL-169170-F,metal,Motor Controller,50.969745735490534,0.0,5.769494709880105,0.1,0.0,0.0,1.3882018218139522,0.4444190562503658,0.11884849619228884,1.11552741322148,85,834930425,"181.2,597.5;602.7,77.5;836.7,267.2;415.2,787.1"
images/curvature_0228.jpg,curvature,0.15,PASS,CMP-006459-Z,component,Capacitor Bank Unit,67.5020247058114,0.0,56.00143705216013,0.15,0.0,0.36,1.3258233021316383,0.049318303077397305,0.12994786579502388,1.1244137448112106,75,820160477,"254.7,753.0;512.9,129.7;793.3,245.8;535.2,869.1"
images/curvature_0229.jpg,curvature,0.15,PASS,LBL-4983-YZ,shipping,Return Label Stock,13.128756632608,0.0,59.308979422209326,0.15,0.0,0.6,1.5805381424537925,0.004188310059610285,0.2170907221049696,0.9193168112261343,82,131893531,"221.8,452.1;794.8,318.5;857.5,587.1;284.5,720.7"
images/curvature_0230.jpg,curvature,0.15,FAIL_UNKNOWN,PCB-4909-Z,pcb,Unregistered Part,80.84714444817973,0.0,81.4382857376684,0.15,0.0,0.36,3.1359422276968805,0.08948233849462824,0.1878941464656551,0.8539182203180373,78,265984417,"307.0,668.5;391.2,145.8;635.7,185.2;551.5,707.8"
images/curvature_0231.jpg,curvature,0.15,PASS,DRV-634945-GF,metal,Stepper Driver Board,24.997012791542108,0.0,136.84264145882474,0.15,0.0,0.36,1.5947761126441324,0.42296203980336505,0.215750678751168,1.0191498120278664,84,303930924,"391.3,509.1;945.5,250.7;1061.8,500.1;507.6,758.5"
images/curvature_0232.jpg,curvature,0.15,PASS,CTL-65100-Z8,component,Motor Controller,13.95805104416471,0.0,116.02844021920488,0.15,0.0,0.0,3.1587287102956108,0.10342618878508905,0.0683444607198362,0.8515036233294788,75,575091025,"463.3,483.6;959.1,360.3;1014.6,583.4;518.7,706.7"
images/curvature_0233.jpg,curvature,0.15,PASS,BOX-501204-VH,shipping,Shipping Carton,34.23997310758621,0.0,6.557267336962398,0.15,0.0,0.0,3.093550348912754,0.10834981575152734,0.15449945393744519,0.9119195939467795,95,843663233,"469.3,577.2;951.8,248.8;1105.7,475.0;623.2,803.4"
images/curvature_0234.jpg,curvature,0.15,PASS,CTL-54171-EP,pcb,Motor Controller,73.48366795097749,0.0,160.54740477585514,0.15,0.0,0.36,1.841601477033438,0.1695557044529061,0.17057947624342995,1.0390546583163618,87,1045922625,"251.4,777.6;434.5,159.9;723.4,245.6;540.3,863.2"
images/curvature_0235.jpg,curvature,0.15,PASS,LBL-4983-YZ,metal,Return Label Stock,3.6282170928615143,0.0,19.971270636848452,0.15,0.0,0.6,3.0768989167883984,0.30694568774418585,0.1630964476980843,1.126740259217327,82,1004966529,"216.3,449.2;891.0,406.4;910.2,710.1;235.5,752.8"
images/curvature_0236.jpg,curvature,0.15,PASS,CMP-9838-G,component,Capacitor Bank Unit,5.253853372476875,0.0,8.282230405631354,0.15,0.0,0.36,3.306979984772748,0.05826979296863493,0.2140365503495965,1.1454270430259992,86,531933422,"237.5,443.7;921.8,380.8;950.2,688.8;265.8,751.7"
images/curvature_0237.jpg,curvature,0.15,FAIL_UNKNOWN,CMP-53699-R,shipping,Unregistered Part,9.264572118124374,0.0,38.70687180981809,0.15,0.0,0.36,2.5354541479604387,0.003085140323723447,0.10500772565149125,0.9393512280343657,78,867768057,"460.2,368.9;1053.5,272.1;1098.9,550.2;505.6,647.0"
images/curvature_0238.jpg,curvature,0.15,PASS,CMP-J900-CD,pcb,Capacitor Bank Unit,13.730594658686702,0.0,18.037967158948888,0.15,0.0,0.0,3.416631734561905,0.04903478530010551,0.08761870373776226,0.9912452861704293,76,58210186,"300.3,395.5;897.3,249.7;965.5,528.9;368.5,674.8"
images/curvature_0239.jpg,curvature,0.15,PASS,MTR-P83614-5,metal,BLDC Motor 24V,21.388770385497835,0.0,68.2029504706291,0.15,0.0,0.6,4.047873796369629,0.36661675271024463,0.17576874307071644,0.9209856022734396,76,788638810,"250.8,477.7;765.3,276.2;856.0,507.7;341.5,709.2"
images/curvature_0240.jpg,curvature,0.2,PASS,LBL-59596-T,component,Return Label Stock,33.626107495790485,0.0,37.5690070497799,0.2,0.0,0.6,1.6512814805943263,0.1750588202524199,0.15022746317813065,0.8883717829945068,89,919644938,"373.5,539.4;817.4,244.3;950.2,444.0;506.4,739.2"
images/curvature_0241.jpg,curvature,0.2,PASS,CMP-2720-TZ,shipping,Capacitor Bank Unit,29.70014060171281,0.0,26.025484006268517,0.2,0.0,0.6,3.478402763153669,0.1471354056973075,0.14212765750045564,0.9512723796990784,75,191324516,"290.9,575.1;819.8,273.5;961.1,521.4;432.3,823.0"
images/curvature_0242.jpg,curvature,0.2,PASS,CMP-006459-Z,pcb,Capacitor Bank Unit,28.019377660912788,0.0,93.36071723277696,0.2,0.0,0.6,1.8683600002516674,0.10804238138856333,0.16486194679674704,0.9570340496153794,87,289612859,"281.2,478.9;805.0,200.2;935.4,445.2;411.6,723.9"
images/curvature_0243.jpg,curvature,0.2,FAIL_UNKNOWN,PSU-582147-O1,metal,Unregistered Part,44.24488163882442,0.0,28.656084374277786,0.2,0.0,0.36,1.82260186163714,0.4401387728825982,0.16753262492384705,1.1275226591640128,76,325632248,"241.6,635.1;726.2,163.1;938.6,381.1;454.0,853.2"
images/curvature_0244.jpg,curvature,0.2,PASS,CMP-J900-CD,component,Capacitor Bank Unit,4.132635590109764,0.0,13.77860010914835,0.2,0.0,0.0,3.023522337913457,0.086939998541974,0.09712850168850368,1.0401072937679448,85,564226228,"234.7,334.2;857.2,289.2;877.4,569.3;255.0,614.3"
images/curvature_0245.jpg,curvature,0.2,FAIL_UNKNOWN,DRV-2531-1,shipping,Unregistered Part,64.67070278677964,0.0,35.294676022711954,0.2,0.0,0.0,2.198142643041124,0.10505039242088357,0.17096402843702496,1.1433841205037096,91,301848709,"164.2,720.6;477.3,59.2;787.3,205.9;474.3,867.3"
images/curvature_0246.jpg,curvature,0.2,PASS,PSU-4512-T,pcb,Power Supply 12V 5A,1.0190622112688674,0.0,175.82122294943898,0.2,0.0,0.0,3.4520663115675148,0.0613048322356873,0.06048961075363879,0.9831218143901677,77,298026314,"246.9,377.3;856.3,366.5;861.4,651.5;252.0,662.4"
images/curvature_0247.jpg,curvature,0.2,PASS,CTL-33542-X0,metal,Motor Controller,65.17604319609143,0.0,159.37849884690243,0.2,0.0,0.0,2.247767331883223,0.30337506561579164,0.06661231206145901,0.8769554568905169,80,209757413,"197.8,577.0;418.7,99.5;633.6,198.9;412.7,676.4"
images/curvature_0248.jpg,curvature,0.2,FAIL_UNKNOWN,CMP-V86566-MJ,component,Unregistered Part,29.102830045608194,0.0,99.13325374116191,0.2,0.0,0.0,3.122768654359279,0.005721090620662103,0.23462951625603318,1.1177798642537073,85,896756256,"339.6,602.4;925.6,276.2;1072.4,539.9;486.4,866.1"
images/curvature_0249.jpg,curvature,0.2,PASS,DRV-014068-CD,shipping,Stepper Driver Board,65.20224634065926,0.0,103.04601303038021,0.2,0.0,0.6,1.5978103150364795,0.12119187910895601,0.06997396411371831,0.9493794661541731,80,643923421,"581.2,696.6;836.0,145.0;1094.6,264.5;839.7,816.1"
images/curvature_0250.jpg,curvature,0.2,PASS,PSU-32360-G,pcb,Power Supply 12V 5A,88.88974538284813,0.0,43.356451922187055,0.2,0.0,0.0,2.144622131465717,0.16384605149491124,0.23596270897400778,0.9114467673619648,77,532901814,"342.3,772.4;353.3,207.4;617.6,212.6;606.6,777.5"
images/curvature_0251.jpg,curvature,0.2,PASS,DRV-1524-TS,metal,Stepper Driver Board,27.988042463458132,0.0,9.124442461309352,0.2,0.0,0.6,2.4140491657102485,0.31667007321254104,0.198880037277478,1.1085520521888483,92,997923723,"357.3,465.6;944.6,153.4;1085.1,417.7;497.7,729.9"
images/curvature_0252.jpg,curvature,0.25,FAIL_UNKNOWN,MTR-518565-E,component,Unregistered Part,13.32731449020985,0.0,59.0323166888546,0.25,0.0,0.36,4.005186005567237,0.0860769354973711,0.06499694826703045,0.8576622709917435,78,582374946,"210.6,458.7;711.3,340.1;764.7,565.4;264.0,684.1"
images/curvature_0253.jpg,curvature,0.25,PASS,BOX-501204-VH,shipping,Shipping Carton,16.15163162651117,0.0,117.65173570707857,0.25,0.0,0.0,2.6052501468190914,0.16223445585338683,0.10229754705563798,0.923079761926331,94,612035687,"245.5,326.5;813.0,162.2;890.0,428.1;322.6,592.5"
images/curvature_0254.jpg,curvature,0.25,FAIL_UNKNOWN,SEN-3729-A8,pcb,Unregistered Part,79.10372253453872,0.0,19.473206952183464,0.25,0.0,0.6,1.4370495194681772,0.08157459115192914,0.1039281597697534,1.0812186685789489,91,773012027,"501.0,819.0;627.7,160.7;935.6,220.0;808.9,878.3"
images/curvature_0255.jpg,curvature,0.25,FAIL_UNKNOWN,PCB-91301-Q,metal,Unregistered Part,25.356524549322373,0.0,144.8890860490294,0.25,0.0,0.0,3.4657615605402716,0.26213299364412296,0.12387673455294201,1.024020579059589,92,84401236,"220.4,483.2;775.6,220.1;894.0,470.0;338.8,733.1"
images/curvature_0256.jpg,curvature,0.25,PASS,DRV-1524-TS,component,Stepper Driver Board,42.99957295663065,0.0,149.88324970817675,0.25,0.0,0.0,2.663361225220511,0.02190431910687064,0.06505593023627748,0.8823756859164984,85,994904634,"536.6,564.5;923.8,203.5;1086.3,377.7;699.1,738.8"
images/curvature_0257.jpg,curvature,0.25,PASS,SN-S017-BL,shipping,Voltage Regulator Module,10.123170838329784,0.0,71.97838042218847,0.25,0.0,0.36,2.926406663883253,0.13531203781627527,0.15050822552410348,0.9029898505026933,76,893643974,"506.7,281.6;1075.7,180.0;1123.3,446.7;554.4,548.3"
images/curvature_0258.jpg,curvature,0.25,PASS,SN-473905-6,pcb,Voltage Regulator Module,63.96391311570037,0.0,105.15592629695736,0.25,0.0,0.6,4.1334830512519645,0.1726040927530549,0.22651431637738112,1.031855821824192,86,489073009,"200.7,644.1;481.5,69.3;750.4,200.6;469.6,775.5"
images/curvature_0259.jpg,curvature,0.25,FAIL_UNKNOWN,CTL-66500-KL,metal,Unregistered Part,7.395855119655989,0.0,125.04987143250058,0.25,0.0,0.6,3.856969842787465,0.47464538442943127,0.23499001165390693,1.127502329662659,84,741712911,"170.7,232.7;841.6,145.6;880.8,447.5;209.9,534.6"
images/curvature_0260.jpg,curvature,0.25,PASS,DRV-I457-AJ,component,Stepper Driver Board,14.995372036738729,0.0,20.59870787305692,0.25,0.0,0.0,1.9503615511042953,0.08311537633831473,0.08954997232780769,0.9098053430408203,85,871335421,"176.8,286.7;704.1,145.5;767.7,382.7;240.4,524.0"
images/curvature_0261.jpg,curvature,0.25,PASS,BOX-69847-UW,shipping,Shipping Carton,85.35626324031223,0.0,20.834964866486985,0.25,0.0,0.6,2.568286961455716,0.010817095110662128,0.05405362884911169,1.131461138620414,95,554567235,"553.9,802.1;612.5,80.4;950.8,107.9;892.2,829.6"
images/curvature_0262.jpg,curvature,0.25,PASS,CTL-0514-QJ,pcb,Motor Controller,24.342807173048307,0.0,177.1709701695234,0.25,0.0,0.0,2.735300092644177,0.032680784681510366,0.24648078037364657,0.9592309141726574,77,67978247,"464.7,587.3;1006.5,342.2;1121.2,595.6;579.3,840.8"
images/curvature_0263.jpg,curvature,0.25,FAIL_UNKNOWN,CTL-5210-R,metal,Unregistered Part,15.348737863888488,0.0,152.61604025015737,0.25,0.0,0.0,1.4492541875970801,0.4548668182911291,0.1449866833746555,1.084768733159179,83,843180906,"434.9,482.8;1062.6,310.5;1140.1,592.9;512.5,765.2"
images/crumple_0264.jpg,crumple,0.0,PASS,SEN-196316-H,component,Temperature Sensor Pack,3.33355756827895,0.0,130.2773400113415,0.0,0.0,0.6,3.0833174302528787,0.042350089683139795,0.1437722385457093,0.929329619848377,87,1051182607,"393.8,319.5;950.5,287.1;965.1,537.6;408.4,570.0"
images/crumple_0265.jpg,crumple,0.0,PASS,PCB-V9203-S,shipping,Main Controller PCB,55.74572577059818,0.0,89.26507503641503,0.0,0.0,0.0,2.024389860475874,0.1100672829488471,0.2452171264824647,1.127735362953122,85,374542179,"221.5,661.6;627.8,65.0;907.4,255.5;501.2,852.0"
images/crumple_0266.jpg,crumple,0.0,PASS,DRV-014068-CD,pcb,Stepper Driver Board,54.44325800495053,0.0,136.55097652588285,0.0,0.0,0.0,1.8920235286064946,0.1617582107538802,0.07316567332046207,1.10290901297258,90,764157694,"396.1,693.9;793.7,137.6;1053.9,323.6;656.3,879.9"
images/crumple_0267.jpg,crumple,0.0,PASS,SN-473905-6,metal,Voltage Regulator Module,53.24086567202904,0.0,21.31624093727287,0.0,0.0,0.6,3.71696776546452,0.35259100248267433,0.22236817941635473,1.0148194645307809,88,742133442,"391.8,615.7;756.2,127.9;975.7,291.9;611.3,779.7"
images/crumple_0268.jpg,crumple,0.0,FAIL_UNKNOWN,CMP-80030-YI,component,Unregistered Part,68.99801808140076,0.0,81.11531094470399,0.0,0.0,0.36,3.0723673262194287,0.014469145912438995,0.13428076834916491,1.0879502888323478,77,378562238,"349.5,767.4;583.5,157.9;857.7,263.2;623.8,872.6"
images/crumple_0269.jpg,crumple,0.0,PASS,PSU-R992-M,shipping,Power Supply 12V 5A,9.1413607093397,0.0,139.33806185763115,0.0,0.0,0.0,1.3407924389709607,0.12509306744223847,0.1481875083964021,0.9257842788653357,83,395062567,"278.5,333.3;863.5,239.1;907.6,513.3;322.6,607.5"
images/crumple_0270.jpg,crumple,0.0,PASS,LBL-4983-YZ,pcb,Return Label Stock,75.56047267427283,0.0,90.0932942812224,0.0,0.0,0.0,3.3621025239602083,0.08322432861146563,0.15516899538805645,0.9027032146449246,87,733265062,"538.3,709.8;677.8,167.8;931.4,233.1;791.8,775.1"
images/crumple_0271.jpg,crumple,0.0,PASS,PCB-V9203-S,metal,Main Controller PCB,80.39265933235369,0.0,151.01029828234724,0.0,0.0,0.6,1.9774939950291208,0.3406678337515095,0.05516321321472335,1.1380185632437791,95,375318739,"534.8,740.9;648.8,67.7;951.7,119.0;837.8,792.2"
images/crumple_0272.jpg,crumple,0.0,PASS,CTL-M9607-62,component,Motor Controller,89.33851897927636,0.0,75.6270213304218,0.0,0.0,0.0,4.169035654787377,0.16643645752025557,0.08926966367263306,0.9442838397940577,83,675351442,"251.4,825.1;258.0,258.6;512.9,261.5;506.3,828.0"
images/crumple_0273.jpg,crumple,0.0,FAIL_FAULTY,PSU-598297-3,shipping,Power Supply 12V 5A,63.27804362129227,0.0,174.94896589703507,0.0,0.0,0.0,1.9878966250895547,0.016996624447136732,0.11475778855355662,0.8522772605293599,80,234214711,"369.8,719.6;615.1,232.4;843.4,347.4;598.2,834.6"
images/crumple_0274.jpg,crumple,0.0,FAIL_UNKNOWN,LBL-0233-3,pcb,Unregistered Part,19.73551455108442,0.0,162.37727244998888,0.0,0.0,0.0,1.763520400836227,0.13299422095097557,0.09130403642675328,1.0045688791812215,80,1022035146,"336.8,349.7;923.0,139.3;1021.4,413.6;435.1,623.9"
images/crumple_0275.jpg,crumple,0.0,PASS,SN-6949-8R,metal,Voltage Regulator Module,52.86814249926066,0.0,90.97621851811152,0.0,0.0,0.0,2.3247836585950306,0.3306574946935574,0.08495578494525663,0.9002554346566011,79,115065956,"330.1,647.5;656.2,216.9;849.9,363.6;523.9,794.2"
images/crumple_0276.jpg,crumple,3.0,PASS,CMP-70538-ES,component,Capacitor Bank Unit,68.05172582831375,0.0,104.57023953728859,0.0,3.0,0.36,1.8331810582801715,0.13744353754048885,0.22546461289411152,0.898242088914778,85,735269325,"285.0,617.9;486.5,118.0;711.4,208.7;510.0,708.5"
images/crumple_0277.jpg,crumple,3.0,PASS,PSU-R677-HG,shipping,Power Supply 12V 5A,22.57846617740175,0.0,55.03462049506454,0.0,3.0,0.36,2.8302257256448913,0.07945932437384455,0.18616854439964492,1.084004903314566,76,458333809,"126.1,534.6;766.7,268.2;891.5,568.5;251.0,834.9"
images/crumple_0278.jpg,crumple,3.0,PASS,CTL-65100-Z8,pcb,Motor Controller,80.58861425454292,0.0,146.02762605772187,0.0,3.0,0.0,3.0034350778739882,0.05581607638208837,0.15157916367797625,0.9437479612851768,88,151073286,"295.4,708.6;391.1,131.3;661.1,176.1;565.4,753.3"
images/crumple_0279.jpg,crumple,3.0,PASS,DRV-759972-S,metal,Stepper Driver Board,47.531989564475396,0.0,8.832292059474431,0.0,3.0,0.6,1.7371757450546443,0.37205924178967287,0.13573912884882333,0.92716596289008,87,886255899,"374.9,666.9;750.5,256.6;935.2,425.6;559.6,836.0"
images/crumple_0280.jpg,crumple,3.0,FAIL_FAULTY,SN-9493-U,component,Voltage Regulator Module,4.675351776074361,0.0,51.02026692311638,0.0,3.0,0.36,2.63857745467624,0.17978093898174596,0.05763633965450883,1.035052368025326,77,887256972,"436.0,295.0;1055.0,244.4;1077.7,523.0;458.8,573.6"
images/crumple_0281.jpg,crumple,3.0,PASS,CMP-9838-G,shipping,Capacitor Bank Unit,8.544999417536907,0.0,69.08834617661554,0.0,3.0,0.0,2.450808533321798,0.03483709575672677,0.19118716939658775,0.8820301684480039,82,946529183,"154.7,237.1;712.9,153.3;752.2,414.9;194.0,498.8"
images/crumple_0282.jpg,crumple,3.0,PASS,SEN-99241-67,pcb,Temperature Sensor Pack,19.036899425592495,0.0,159.33771848273477,0.0,3.0,0.36,1.559386305219156,0.1374707375279237,0.06052735096320519,0.9005896629820102,75,137478234,"171.2,490.4;699.1,308.3;784.3,555.2;256.4,737.3"
images/crumple_0283.jpg,crumple,3.0,FAIL_UNKNOWN,LBL-87776-T,metal,Unregistered Part,18.29105157308289,0.0,158.04170463684807,0.0,3.0,0.6,2.504478636955317,0.2462465818458459,0.24489523054135576,0.969079348321968,92,629851388,"492.9,501.8;1044.9,319.4;1127.0,567.8;575.0,750.3"
images/crumple_0284.jpg,crumple,3.0,PASS,DRV-82662-L2,component,Stepper Driver Board,76.31373073588672,0.0,68.87346556512173,0.0,3.0,0.0,2.2027734480251806,0.05969785498042493,0.14699388594156365,1.0970035550086286,75,240010,"572.7,792.8;728.5,153.3;1016.3,223.4;860.5,862.9"
images/crumple_0285.jpg,crumple,3.0,PASS,PCB-5862-0,shipping,Main Controller PCB,5.209973800000719,0.0,62.05695146615429,0.0,3.0,0.0,2.8965801435400444,0.02368054590694634,0.11206105962521976,0.8966290853319147,82,1006753974,"370.3,369.5;941.7,317.4;966.2,585.3;394.7,637.4"
images/crumple_0286.jpg,crumple,3.0,PASS,CTL-65100-Z8,pcb,Motor Controller,65.02665755448083,0.0,169.98838500315475,0.0,3.0,0.6,3.167442493567139,0.04496205339476941,0.17884808142178882,1.1496781655579225,81,973624153,"483.1,707.5;784.1,61.4;1086.3,202.1;785.3,848.3"
images/crumple_0287.jpg,crumple,3.0,PASS,SN-408210-Q,metal,Voltage Regulator Module,2.0794941845410495,0.0,55.565728460385685,0.0,3.0,0.0,3.443734813725554,0.2998544175800034,0.1441918176345799,0.9240755071023191,77,939975613,"391.9,460.9;946.0,440.8;955.0,690.2;401.0,710.3"
images/crumple_0288.jpg,crumple,6.0,PASS,DRV-I457-AJ,component,Stepper Driver Board,88.61236002301447,0.0,91.3621254463368,0.0,6.0,0.36,4.139131213232467,0.06782256292620155,0.0747362787515099,0.998932478867012,85,1026417688,"704.3,708.4;718.8,109.2;988.4,115.7;973.9,714.9"
images/crumple_0289.jpg,crumple,6.0,PASS,MTR-G84076-FG,shipping,BLDC Motor 24V,50.36453210520452,0.0,47.2338248127703,0.0,6.0,0.6,2.509836133855881,0.13826979549149324,0.13774057683338536,1.1333771815473976,83,58192374,"156.4,635.0;619.1,76.4;881.0,293.3;418.3,851.9"
images/crumple_0290.jpg,crumple,6.0,FAIL_UNKNOWN,CMP-L77664-5K,pcb,Unregistered Part,22.071206678869277,0.0,130.93409839982323,0.0,6.0,0.0,1.963941167601443,0.03137348312234864,0.09055291412581451,1.0660281163947043,84,561903363,"285.7,456.6;898.2,208.2;1014.4,494.7;401.9,743.1"
images/crumple_0291.jpg,crumple,6.0,PASS,PSU-7372-J1,metal,Power Supply 12V 5A,59.413598585192894,0.0,148.8703340052156,0.0,6.0,0.0,2.119607673315022,0.3285980903563077,0.21688027049263742,1.128104731037971,86,31234410,"153.7,650.0;498.2,67.3;760.4,222.3;416.0,805.0"
images/crumple_0292.jpg,crumple,6.0,PASS,CTL-54171-EP,component,Motor Controller,3.4302326517561488,0.0,36.171408144316935,0.0,6.0,0.0,1.2844914182331837,0.1642374276421816,0.12760499562797878,0.8505613189778293,90,664215103,"345.5,431.2;854.9,400.7;868.7,629.9;359.2,660.5"
images/crumple_0293.jpg,crumple,6.0,PASS,DRV-3967-9A,shipping,Stepper Driver Board,77.66775331292698,0.0,149.97101483469302,0.0,6.0,0.6,1.418478815543952,0.05556629162303384,0.13338985681974652,0.954766314733319,85,425063333,"438.4,782.5;568.9,185.5;848.7,246.7;718.2,843.7"
images/crumple_0294.jpg,crumple,6.0,PASS,PSU-R677-HG,pcb,Power Supply 12V 5A,82.96826546242303,0.0,93.92840963436059,0.0,6.0,0.0,2.4398398472578173,0.10609257305579105,0.11729340450338213,0.9394882381768868,88,366789739,"471.9,799.7;543.2,221.5;813.6,254.9;742.3,833.0"
images/crumple_0295.jpg,crumple,6.0,PASS,CMP-70538-ES,metal,Capacitor Bank Unit,44.63420279858179,0.0,25.13946484811774,0.0,6.0,0.36,3.949628893592368,0.3225003708800875,0.14416573784934575,1.1087931463520302,78,644600968,"443.0,645.0;916.4,177.6;1126.7,390.6;653.3,858.0"
images/crumple_0296.jpg,crumple,6.0,PASS,DRV-3967-9A,component,Stepper Driver Board,87.21310231331177,0.0,154.43930895237435,0.0,6.0,0.0,1.6569032894800986,0.16062502714278712,0.05687472247961456,1.0840252902642014,94,753871590,"539.9,749.9;571.6,100.2;863.9,114.5;832.3,764.1"
images/crumple_0297.jpg,crumple,6.0,FAIL_UNKNOWN,SEN-297986-Y,shipping,Unregistered Part,86.45424608410966,0.0,26.6769589461562,0.0,6.0,0.36,3.689799808451596,0.020660937088832685,0.10876205649342474,1.0496211872402892,88,432700630,"408.3,841.6;449.8,171.2;764.1,190.6;722.6,861.1"
images/crumple_0298.jpg,crumple,6.0,FAIL_UNKNOWN,CMP-57743-FV,pcb,Unregistered Part,35.76715342820713,0.0,174.4403180910163,0.0,6.0,0.0,2.197434357312042,0.011757577158967442,0.19409020626421009,1.1426556244616037,94,1053378172,"334.6,567.2;909.5,153.1;1103.1,422.0;528.3,836.0"
images/crumple_0299.jpg,crumple,6.0,PASS,PCB-5740-P,metal,Main Controller PCB,22.79065349800935,0.0,69.74358980959383,0.0,6.0,0.6,1.5498913070104523,0.3923172096735786,0.07690172437278338,0.8935624905734038,84,483119473,"479.6,485.3;973.9,277.6;1067.4,500.1;573.1,707.7"
images/crumple_0300.jpg,crumple,9.0,FAIL_UNKNOWN,LBL-81799-P,component,Unregistered Part,89.65805411712248,0.0,149.28914955449804,0.0,9.0,0.0,2.1600595418006483,0.009956980977961877,0.23582739893336574,1.1128072877768824,94,427103645,"360.2,778.2;364.2,110.6;664.7,112.4;660.7,780.0"
images/crumple_0301.jpg,crumple,9.0,PASS,MTR-P83614-5,shipping,BLDC Motor 24V,61.743859679687354,0.0,76.61413586173504,0.0,9.0,0.36,1.5469071660235196,0.1595357678542226,0.09318518676122121,0.8904981766169107,95,663928718,"523.8,676.9;793.6,174.9;1028.9,301.4;759.1,803.4"
images/crumple_0302.jpg,crumple,9.0,PASS,DRV-634945-GF,pcb,Stepper Driver Board,43.20133023381057,0.0,123.65055680235085,0.0,9.0,0.36,3.9494335933108036,0.16224181017589928,0.08669439342608716,1.1214147505054193,92,532173407,"201.5,621.7;708.4,145.7;931.0,382.8;424.2,858.7"
images/crumple_0303.jpg,crumple,9.0,PASS,CMP-R6567-4Z,metal,Capacitor Bank Unit,61.62828984755713,0.0,6.171068299551314,0.0,9.0,0.0,2.46928619677176,0.22281477394266225,0.22166041011237342,1.1413182163126216,80,1035480116,"227.5,718.7;552.9,116.2;824.1,262.6;498.7,865.1"
images/crumple_0304.jpg,crumple,9.0,FAIL_FAULTY,SN-9493-U,component,Voltage Regulator Module,74.7537826619942,0.0,148.6533384208695,0.0,9.0,0.6,2.1623673252614988,0.009805579075575537,0.15488466377783905,0.8999032186506415,84,408476694,"211.5,624.6;353.5,103.6;587.9,167.5;446.0,688.5"
images/crumple_0305.jpg,crumple,9.0,PASS,SN-6949-8R,shipping,Voltage Regulator Module,83.53591784531271,0.0,4.353945116087711,0.0,9.0,0.6,2.290301884409686,0.1245343424811785,0.09960038153943909,0.8694736487397189,89,91718704,"415.2,811.8;477.8,258.9;737.0,288.3;674.3,841.2"
images/crumple_0306.jpg,crumple,9.0,PASS,CMP-70538-ES,pcb,Capacitor Bank Unit,32.07190654784931,0.0,34.97587399996148,0.0,9.0,0.36,2.553389966271063,0.05253557191454031,0.2275203951371078,1.0050363407575398,88,97800376,"341.9,555.5;869.9,224.7;1024.7,471.6;496.6,802.5"
images/crumple_0307.jpg,crumple,9.0,PASS,MTR-G84076-FG,metal,BLDC Motor 24V,21.326954474554405,0.0,97.034954695956,0.0,9.0,0.6,2.429808793992017,0.218899208438576,0.07892049453904258,0.9754662134595242,75,18323248,"169.1,430.4;714.3,217.5;810.1,462.9;264.9,675.7"
images/crumple_0308.jpg,crumple,9.0,FAIL_UNKNOWN,LBL-350571-R,component,Unregistered Part,20.393341500184007,0.0,152.42577550871346,0.0,9.0,0.0,1.9411209465752133,0.15423380133864786,0.09352591696189046,0.9384496836510143,79,1045153293,"166.9,357.0;694.7,160.8;783.0,398.3;255.2,594.5"
images/crumple_0309.jpg,crumple,9.0,PASS,MTR-03662-MX,shipping,BLDC Motor 24V,71.61574035657576,0.0,146.37774272348847,0.0,9.0,0.0,1.2817609546222237,0.13202634851623732,0.16202140850623553,0.9823182889673138,86,475422609,"520.9,787.7;719.1,191.1;998.8,284.0;800.5,880.6"
images/crumple_0310.jpg,crumple,9.0,FAIL_UNKNOWN,CTL-P5505-J,pcb,Unregistered Part,27.034971681404674,0.0,147.9029472971255,0.0,9.0,0.0,1.458712363376692,0.04866894074768408,0.20176171500996992,1.096595365513844,81,112096642,"242.5,552.5;848.1,243.5;992.6,526.7;387.0,835.8"
images/crumple_0311.jpg,crumple,9.0,PASS,PCB-5851-LN,metal,Main Controller PCB,46.149533683341964,0.0,49.20223353327883,0.0,9.0,0.36,3.907272585967228,0.21942148605289505,0.23646354796086727,0.9531944083591671,78,395887733,"349.3,593.2;745.5,180.8;931.1,359.0;534.9,771.5"
images/crumple_0312.jpg,crumple,12.0,PASS,MTR-G84076-FG,component,BLDC Motor 24V,84.36395653516226,0.0,153.201306746063,0.0,12.0,0.36,1.736686138096491,0.06748683737035696,0.10781042134555673,0.9116698491927665,89,563670496,"314.5,716.6;368.2,172.3;613.2,196.4;559.5,740.8"
images/crumple_0313.jpg,crumple,12.0,FAIL_UNKNOWN,SN-8972-6Z,shipping,Unregistered Part,70.30916737118307,0.0,12.617660147325267,0.0,12.0,0.36,3.1104597083558794,0.035494552435006634,0.06942713870343625,1.1319123185115734,90,678124446,"213.5,742.1;457.6,60.1;777.3,174.5;533.2,856.6"
images/crumple_0314.jpg,crumple,12.0,PASS,CTL-54171-EP,pcb,Motor Controller,51.07890003542114,0.0,126.6488425470055,0.0,12.0,0.0,2.6971989607456264,0.13031348006336377,0.11212375626112828,0.9503046437635746,88,78825518,"351.9,693.0;722.1,234.6;936.5,407.8;566.3,866.1"
images/crumple_0315.jpg,crumple,12.0,PASS,SN-473905-6,metal,Voltage Regulator Module,37.49240948902536,0.0,46.60252482680172,0.0,12.0,0.36,1.9786172830694722,0.2871379672258463,0.08284456930019835,1.0345127428844803,88,461742718,"216.5,637.2;708.9,259.4;879.0,481.1;386.5,858.9"
images/crumple_0316.jpg,crumple,12.0,PASS,CMP-006459-Z,component,Capacitor Bank Unit,67.19982697793458,0.0,113.16281252271813,0.0,12.0,0.0,3.4986741306660334,0.1784661009452733,0.1669073592962793,0.9401315939889573,88,306735266,"481.8,655.8;700.4,135.8;934.4,234.2;715.8,754.2"
images/crumple_0317.jpg,crumple,12.0,PASS,PSU-7372-J1,shipping,Power Supply 12V 5A,75.2751532239926,0.0,95.5004775002141,0.0,12.0,0.6,3.3063008739295934,0.11290517799645078,0.24467168030521652,0.9541343441052971,93,1062105993,"370.7,740.5;525.9,149.9;802.8,222.7;647.5,813.3"
images/crumple_0318.jpg,crumple,12.0,PASS,MTR-03662-MX,pcb,BLDC Motor 24V,33.358444667635766,0.0,116.77033035545902,0.0,12.0,0.6,1.6716747688179159,0.04435800487296352,0.11645079747451251,0.9283252537241151,79,1053306826,"152.7,531.5;633.4,215.0;781.4,439.9;300.7,756.3"
images/crumple_0319.jpg,crumple,12.0,PASS,CMP-006459-Z,metal,Capacitor Bank Unit,63.29893671901562,0.0,157.17448433522094,0.0,12.0,0.6,2.03805030405433,0.45437819207701563,0.10067136714640966,1.1454148138735656,90,259489119,"366.5,695.3;675.3,81.3;951.6,220.3;642.8,834.2"
images/crumple_0320.jpg,crumple,12.0,PASS,SEN-99241-67,component,Temperature Sensor Pack,61.385944649125896,0.0,94.83911858840818,0.0,12.0,0.6,3.0788904253316756,0.0848228886613128,0.18905587087638925,0.9915500591561995,80,480919522,"362.8,634.8;647.7,112.5;882.8,240.7;597.8,763.0"
images/crumple_0321.jpg,crumple,12.0,FAIL_UNKNOWN,PSU-D65203-7,shipping,Unregistered Part,19.62606676775697,0.0,40.86692553513243,0.0,12.0,0.0,2.7098163140947165,0.14817888270387716,0.18273453818429752,0.9549523105135921,86,273822752,"166.3,496.7;742.0,291.5;838.2,561.3;262.6,766.6"
images/crumple_0322.jpg,crumple,12.0,PASS,PSU-3148-Z,pcb,Power Supply 12V 5A,81.2566526980711,0.0,89.70669463456808,0.0,12.0,0.0,2.1955012429882843,0.023623666042444636,0.08533540183590127,1.146073752262292,93,966172855,"205.3,766.5;313.3,64.2;641.8,114.8;533.8,817.1"
images/crumple_0323.jpg,crumple,12.0,PASS,SN-408210-Q,metal,Voltage Regulator Module,38.98651737172424,0.0,140.46589585927447,0.0,12.0,0.36,3.7972573959390057,0.26818574501111975,0.19270540530566777,0.8988025397389785,80,989663239,"364.0,627.3;783.1,288.0;935.8,476.6;516.6,815.9"
images/crumple_0324.jpg,crumple,15.0,FAIL_UNKNOWN,SEN-88013-8,component,Unregistered Part,48.30182708923147,0.0,86.66806927485135,0.0,15.0,0.0,3.73787281180109,0.12985218536733725,0.21097223571582385,0.8814170146917611,85,612251223,"550.8,545.8;902.6,150.9;1080.3,309.2;728.5,704.1"
images/crumple_0325.jpg,crumple,15.0,PASS,SN-F3985-P,shipping,Voltage Regulator Module,66.3828114021335,0.0,67.55867413869939,0.0,15.0,0.0,2.3523202507851213,0.09519901069117193,0.060113988940921376,1.0240884284966805,81,190976885,"241.8,715.0;504.4,114.5;785.9,237.6;523.3,838.1"
images/crumple_0326.jpg,crumple,15.0,PASS,CTL-54171-EP,pcb,Motor Controller,21.217549433560567,0.0,113.12323720157909,0.0,15.0,0.0,2.9039592657451454,0.08384681751550817,0.1905606585434892,0.911395853961127,93,264977617,"384.1,360.6;910.9,156.1;1006.6,402.5;479.8,607.0"
images/crumple_0327.jpg,crumple,15.0,FAIL_UNKNOWN,MTR-53730-P6,metal,Unregistered Part,4.10105680876561,0.0,139.18778813113343,0.0,15.0,0.36,1.7970172192491003,0.20369546552352275,0.11282750716777845,1.0554288382514525,80,56799516,"314.8,410.2;946.4,364.9;966.8,649.1;335.2,694.4"
images/crumple_0328.jpg,crumple,15.0,PASS,CTL-65100-Z8,component,Motor Controller,22.58603722934347,0.0,2.812590486265001,0.0,15.0,0.6,1.6089228659419563,0.15394117800360063,0.05949425625458078,1.0945985442815616,89,954852429,"363.6,418.4;969.9,166.2;1083.5,439.1;477.1,691.3"
images/crumple_0329.jpg,crumple,15.0,PASS,PSU-R992-M,shipping,Power Supply 12V 5A,18.83975514174428,0.0,105.63175654644733,0.0,15.0,0.0,1.7426561798582962,0.1452656176497858,0.22496070051419176,0.8928278577448833,89,177274393,"466.8,356.8;1007.6,172.3;1094.1,425.8;553.3,610.3"
images/crumple_0330.jpg,crumple,15.0,FAIL_UNKNOWN,DRV-C1083-NS,pcb,Unregistered Part,31.51129388206717,0.0,92.57819969325969,0.0,15.0,0.36,3.8880624971821587,0.010596114506458826,0.19697711839859905,0.995240941880015,87,862078503,"189.2,602.9;715.2,280.4;866.1,526.4;340.0,849.0"
images/crumple_0331.jpg,crumple,15.0,PASS,SN-473905-6,metal,Voltage Regulator Module,38.73847341491046,0.0,82.42665399232258,0.0,15.0,0.0,1.5353613212556383,0.23936824301536133,0.2494845897661367,1.0946411495816308,94,279563838,"363.1,508.7;875.4,97.7;1060.4,328.2;548.1,739.2"
images/crumple_0332.jpg,crumple,15.0,PASS,SEN-301827-TB,component,Temperature Sensor Pack,29.25624340663872,0.0,84.27308274762188,0.0,15.0,0.0,3.1284381329342814,0.017203277534962102,0.23197607300512868,0.8580641367605206,85,371092328,"453.9,543.2;903.0,291.6;1016.3,493.7;567.1,745.3"
images/crumple_0333.jpg,crumple,15.0,FAIL_UNKNOWN,BOX-47434-RT,shipping,Unregistered Part,52.017800647515344,0.0,2.22739650730601,0.0,15.0,0.6,1.3196564803572768,0.011477950807167348,0.08414132821150405,0.9738414787506928,90,1056205632,"353.8,575.8;737.3,84.5;967.6,264.3;584.0,755.6"
images/crumple_0334.jpg,crumple,15.0,FAIL_UNKNOWN,PSU-4449-HJ,pcb,Unregistered Part,24.589427477352263,0.0,76.54625648096452,0.0,15.0,0.6,1.7069616543609283,0.10502015005317657,0.07846040732226785,0.8908957320646721,80,18617345,"253.5,360.3;755.8,130.5;863.3,365.4;361.1,595.2"
images/crumple_0335.jpg,crumple,15.0,FAIL_UNKNOWN,MTR-0235-A,metal,Unregistered Part,0.6285075788949523,0.0,7.5176657324403795,0.0,15.0,0.0,1.2395472959904668,0.3781668013562553,0.18876458098843546,1.1364263099696261,86,767103621,"150.6,356.5;832.4,349.0;835.8,655.8;154.0,663.3"
images/mixed_0336.jpg,mixed,,FAIL_UNKNOWN,SN-052191-83,pcb,Unregistered Part,84.70073018397397,16.586598814246845,97.87192977319918,0.12,3.0,0.0,6.132610789328735,0.165976245091016,0.07136532331771817,1.0255581995789318,87,297432033,"612.4,791.1;646.2,181.7;962.5,209.9;890.1,820.7"
images/mixed_0337.jpg,mixed,,FAIL_UNKNOWN,PCB-43765-DX,pcb,Unregistered Part,8.749684981400943,3.9394816950828595,124.39502127722461,0.05,3.0,0.0,5.6791535493530505,0.14242085849017855,0.20593047786684232,1.1109107290857443,87,211175814,"221.9,310.5;897.9,201.2;950.3,523.4;266.9,624.8"
images/mixed_0338.jpg,mixed,,FAIL_UNKNOWN,PSU-T232-88,pcb,Unregistered Part,50.082300275586874,8.992292436506986,164.8380747660905,0.0,7.0,0.0,2.6566357286939253,0.14168500329004166,0.22815878233918552,1.0706670510870329,90,363119965,"176.1,616.7;591.0,113.2;835.4,304.2;401.8,820.9"
images/mixed_0339.jpg,mixed,,FAIL_UNKNOWN,CMP-21061-IN,metal,Unregistered Part,63.475054922251424,19.300009437881847,95.27341744464806,0.0,0.0,0.6,5.454450115595339,0.7184824160736965,0.24890543714201557,0.8939335957353477,77,281751127,"352.9,680.4;563.3,218.5;793.8,333.3;554.9,783.8"
images/mixed_0340.jpg,mixed,,FAIL_UNKNOWN,DRV-B4287-T,pcb,Unregistered Part,1.9412753619228595,21.758380718518747,49.874925679193616,0.0,0.0,0.0,4.936470601547334,0.2489762142994123,0.22519892180859497,1.0483074980808471,94,1000437878,"351.3,388.5;992.6,369.7;996.2,685.2;384.9,665.0"
images/mixed_0341.jpg,mixed,,PASS,CMP-R6567-4Z,metal,Capacitor Bank Unit,41.76727808710262,27.357339183459597,98.45362665066482,0.0,7.0,0.6,4.151653402657139,0.3138037017515365,0.06195471500218026,0.9674712850385101,77,41969441,"311.5,626.4;675.7,255.6;866.8,470.6;465.2,808.4"
images/mixed_0342.jpg,mixed,,FAIL_UNKNOWN,DRV-N303-3K,component,Unregistered Part,59.160214128832926,8.51850127119891,98.71242232120892,0.0,0.0,0.6,5.531549605879411,0.19417494413407907,0.09214486021948687,0.8700944436060548,83,388508512,"234.8,607.1;493.0,160.5;700.6,283.7;430.4,725.4"
images/mixed_0343.jpg,mixed,,FAIL_UNKNOWN,DRV-9119-JJ,shipping,Unregistered Part,1.1420599567048784,22.391917351591427,96.4716324687894,0.0,0.0,0.0,4.144783602398265,0.18011205036510455,0.238233878020999,0.9641045689951965,75,284690661,"352.9,372.3;924.9,331.6;931.6,646.8;353.8,639.1"
images/mixed_0344.jpg,mixed,,PASS,PSU-R677-HG,shipping,Power Supply 12V 5A,20.994398953102948,31.62114359674708,156.15294838614892,0.05,0.0,0.6,4.48289461740162,0.0270404571910118,0.20020030963088248,0.9915994079317296,83,750072513,"451.7,516.8;987.6,263.4;1101.8,511.5;500.1,766.9"
images/mixed_0345.jpg,mixed,,PASS,DRV-82662-L2,metal,Stepper Driver Board,31.0013290025615,2.203339413001299,118.59757332201603,0.12,0.0,1.0,6.310190358704274,0.6075267345189324,0.16474580522013932,0.8638882653345973,85,53650270,"469.3,543.3;911.9,275.5;1033.4,476.3;588.0,742.4"
images/mixed_0346.jpg,mixed,,PASS,SEN-196316-H,pcb,Temperature Sensor Pack,3.854398968218641,6.132641746623885,128.69875664697454,0.0,3.0,1.0,5.401579875748684,0.03479090430540942,0.15618610648256548,1.0085972205506974,85,290608872,"394.6,197.3;1011.7,148.6;1035.4,445.0;408.8,483.5"
images/mixed_0347.jpg,mixed,,PASS,BOX-501204-VH,pcb,Shipping Carton,27.300967626561217,26.35846248935455,168.59437599351085,0.05,3.0,0.0,6.345714105505683,0.20445579374677933,0.08062050850341107,0.9273214241967638,83,11903083,"231.9,481.1;713.6,215.5;843.8,425.6;316.1,706.2"
images/mixed_0348.jpg,mixed,,PASS,SN-473905-6,shipping,Voltage Regulator Module,14.089480275769867,17.92389466004141,174.35429999139077,0.0,0.0,0.0,2.2720952126390594,0.23391891412005625,0.05539639700058363,1.048466879470544,81,937407949,"380.1,339.5;1007.8,176.7;1102.6,464.2;429.1,634.2"
images/mixed_0349.jpg,mixed,,PASS,SN-408210-Q,metal,Voltage Regulator Module,12.280162194412304,25.664931107596313,20.125554509778542,0.0,0.0,1.0,6.674708708049752,0.6137998962395607,0.16946778073858998,1.0301181868436,89,1044386633,"447.3,426.5;1072.2,302.3;1111.1,562.1;530.9,661.1"
images/mixed_0350.jpg,mixed,,FAIL_UNKNOWN,PSU-U2621-X6,metal,Unregistered Part,40.824984455489925,6.112621836212938,60.86622982236383,0.0,3.0,0.6,5.042081448294903,0.6100739671894585,0.23526161395846262,0.9957344871266112,81,1032565341,"459.8,604.7;909.8,210.8;1087.1,419.6;634.6,801.7"
images/mixed_0351.jpg,mixed,,PASS,PSU-R992-M,component,Power Supply 12V 5A,61.10397263274544,1.2702039683089845,19.87746381061078,0.0,0.0,0.0,4.540896387479545,0.017356037082357712,0.07285586921474414,1.0933795201552907,82,910709134,"399.6,652.2;716.9,76.3;975.1,220.5;658.3,793.3"
images/mixed_0352.jpg,mixed,,FAIL_UNKNOWN,PSU-794731-Q,pcb,Unregistered Part,22.9052491939245,30.916521340272997,116.10156242037876,0.0,7.0,0.6,4.38452949625934,0.15068078687428488,0.11402979119007749,1.0576267780228723,88,342294006,"443.5,428.4;946.7,142.7;1075.3,450.4;523.5,687.8"
images/mixed_0353.jpg,mixed,,FAIL_UNKNOWN,LBL-Q900-DE,pcb,Unregistered Part,64.42210653956674,6.538355823837105,83.11363441069199,0.0,0.0,1.0,5.249013222047391,0.1089904553120763,0.21166529766158143,1.0832622628195732,76,768088263,"238.1,707.5;519.6,100.7;810.5,240.9;514.4,838.4"
images/mixed_0354.jpg,mixed,,PASS,CMP-2720-TZ,shipping,Capacitor Bank Unit,22.098161034404146,19.250548430690742,156.71165584515208,0.05,0.0,0.0,6.015552608313533,0.02648582601112528,0.19168546055971958,0.9516995971168339,80,19956977,"264.0,535.7;799.9,297.3;918.0,551.4;342.2,790.1"
images/mixed_0355.jpg,mixed,,PASS,MTR-P83614-5,metal,BLDC Motor 24V,10.520334586812229,20.04785055211992,33.32713882343575,0.05,7.0,0.6,2.8069554940343786,0.6927694968603592,0.1816077791077227,1.1190053039638432,75,495143880,"239.2,496.9;910.0,377.8;951.9,677.9;316.2,765.0"
images/mixed_0356.jpg,mixed,,PASS,PCB-V9203-S,pcb,Main Controller PCB,73.08277523806883,11.491628931081431,177.8757014365175,0.05,7.0,0.6,3.8489506238593387,0.24373467650370906,0.1619427536232893,1.046210058143163,84,282662992,"545.7,750.2;729.5,142.5;1018.6,215.9;825.7,850.2"
images/mixed_0357.jpg,mixed,,PASS,DRV-014068-CD,pcb,Stepper Driver Board,31.052585030406192,3.4875720583932073,131.49943690473177,0.0,7.0,0.0,3.7941424061646964,0.0766441960395514,0.08288235531734528,1.120724878476926,90,169289592,"272.8,533.4;862.5,173.4;1034.6,453.2;435.4,810.3"
images/mixed_0358.jpg,mixed,,FAIL_UNKNOWN,PCB-1915-H,metal,Unregistered Part,57.29808589415316,10.187656249835504,16.67461942555691,0.05,0.0,0.6,4.8607356429695825,0.3963873635520378,0.20105115640147508,0.8615432547830801,84,182129786,"293.0,719.9;576.0,279.2;767.3,409.7;488.6,835.8"
images/mixed_0359.jpg,mixed,,PASS,MTR-0511-N8,metal,BLDC Motor 24V,29.076214966100036,26.211119179783708,0.6828423334255018,0.05,7.0,0.0,5.162871537597395,0.30043678215691993,0.116374047511955,1.0598881245546148,94,680789366,"425.7,542.1;1008.0,218.8;1108.3,457.8;576.0,752.6"
images/mixed_0360.jpg,mixed,,PASS,BOX-501204-VH,pcb,Shipping Carton,49.59190688116034,28.065654480440735,63.61175921364163,0.0,3.0,1.0,3.595097156633426,0.2318160334923182,0.18828924659059093,0.9217461862192731,81,252239640,"493.0,505.0;840.2,103.2;1058.2,287.0;689.6,645.7"
images/mixed_0361.jpg,mixed,,PASS,BOX-501204-VH,pcb,Shipping Carton,35.17415674661774,3.3305384160931997,23.43451158949471,0.0,3.0,0.6,6.7250278040673415,0.05145833594351618,0.14428429492798794,1.0600855906561055,82,322480689,"301.4,582.3;841.0,200.5;1015.8,454.9;480.6,829.5"
images/mixed_0362.jpg,mixed,,FAIL_UNKNOWN,SN-P1622-SD,pcb,Unregistered Part,64.18068978514606,1.2369344746827782,41.65941283477192,0.0,0.0,1.0,3.723012718683232,0.2586343487711988,0.2443067541358936,1.028386929955907,76,918921389,"520.5,725.7;797.8,150.4;1066.7,281.7;788.5,854.2"
images/mixed_0363.jpg,mixed,,PASS,SEN-301827-TB,metal,Temperature Sensor Pack,89.30101384882816,29.700199352088774,86.22207792023809,0.05,0.0,0.0,2.0382757315416478,0.3298417476671193,0.16034136273391877,1.0524221328292727,84,467632323,"680.2,779.5;660.3,221.9;979.8,225.3;935.7,779.0"
images/mixed_0364.jpg,mixed,,PASS,MTR-P83614-5,pcb,BLDC Motor 24V,52.903015965479824,20.447831661143212,50.2876123227358,0.0,7.0,0.6,2.1831626321586812,0.04614314329739725,0.09182541192876559,0.9136915674370191,93,683643055,"505.0,696.7;844.4,253.3;1059.4,421.2;711.6,830.2"
images/mixed_0365.jpg,mixed,,PASS,MTR-0511-N8,shipping,BLDC Motor 24V,89.18600035625012,15.799299175711978,177.80519740663246,0.0,3.0,0.0,5.626670879598222,0.01672135649920062,0.18531555549087353,1.0377980954256865,95,967245903,"456.5,784.4;464.1,139.7;764.9,124.3;755.4,809.1"
images/mixed_0366.jpg,mixed,,FAIL_UNKNOWN,MTR-07779-4,component,Unregistered Part,66.96724517292559,8.292846441771779,114.03243991322807,0.12,0.0,0.6,4.3791078899388225,0.03311421036919191,0.21864755900253313,1.0990100959194768,77,376003613,"565.8,721.6;809.5,118.6;1092.1,235.3;828.3,838.6"
images/mixed_0367.jpg,mixed,,FAIL_UNKNOWN,DRV-96439-3R,metal,Unregistered Part,53.58790998358258,28.349118378639048,9.851090252740569,0.12,3.0,0.0,5.240700284822319,0.6525133819820681,0.20526918302315533,1.084410511755094,75,740373490,"193.3,692.8;604.8,149.1;801.0,327.3;420.3,814.9"
images/mixed_0368.jpg,mixed,,PASS,SN-F3985-P,pcb,Voltage Regulator Module,71.13470981030235,5.023506686676499,88.15941203087075,0.05,3.0,0.0,2.271373070204663,0.024028103495381235,0.05876010736427293,1.009899932100231,77,422307308,"324.4,715.1;520.9,122.6;803.5,219.4;596.3,807.8"
images/mixed_0369.jpg,mixed,,PASS,SEN-196316-H,component,Temperature Sensor Pack,17.21954408362683,12.697343853566675,53.96987144259477,0.0,3.0,0.0,5.618895792816955,0.10710089736208527,0.23279527341329803,1.0350102299960007,88,470798602,"223.0,435.3;814.0,248.1;894.5,525.1;311.9,687.0"
images/mixed_0370.jpg,mixed,,FAIL_FAULTY,CMP-039712-A,shipping,Capacitor Bank Unit,2.9815728505050663,19.827865133615663,86.69511081861482,0.12,0.0,1.0,6.694653190752695,0.12218610753915145,0.24199408322218274,1.0583916901668668,90,844980153,"458.1,439.3;1099.0,381.9;1116.5,727.2;475.6,732.2"
images/mixed_0371.jpg,mixed,,FAIL_UNKNOWN,SEN-9737-BQ,pcb,Unregistered Part,49.382046402804676,11.843776264783337,2.582678852736253,0.0,3.0,0.0,3.472326239134312,0.09236825019001861,0.20002311280443225,1.0115000604394186,94,387565412,"209.6,597.5;626.8,111.0;836.7,308.5;436.1,773.7"
images/mixed_0372.jpg,mixed,,PASS,DRV-82662-L2,pcb,Stepper Driver Board,31.787681600246103,5.909723717176099,101.64692761024216,0.05,0.0,0.6,3.0794757092395955,0.015164602073586674,0.18888204433146105,0.8695154331774811,89,570402894,"252.7,502.5;705.1,215.7;841.2,433.8;382.0,713.3"
images/mixed_0373.jpg,mixed,,PASS,PSU-R677-HG,pcb,Power Supply 12V 5A,85.8690950687219,27.81750158452862,105.54524330410432,0.05,0.0,0.0,5.875278907632528,0.2593745469951826,0.24190063473154577,1.0207328888485312,86,456015267,"330.4,707.9;323.0,141.7;648.7,165.8;595.4,741.2"
images/mixed_0374.jpg,mixed,,PASS,CMP-8341-N,pcb,Capacitor Bank Unit,14.610830574142042,6.550767938878293,86.07097652734566,0.0,0.0,0.0,5.527086609472455,0.2625285851183764,0.17252614723570342,0.9211698732616068,92,859186576,"368.4,314.5;916.7,165.4;985.4,430.2;434.8,567.0"
images/mixed_0375.jpg,mixed,,FAIL_UNKNOWN,CTL-67425-60,shipping,Unregistered Part,70.73142556865068,19.869784195095235,73.0131297475404,0.0,0.0,1.0,6.197253557735111,0.008418421679171072,0.08404478325102857,1.0058421840835476,91,879908853,"263.9,653.0;456.5,65.2;762.0,174.3;531.1,735.5"
images/mixed_0376.jpg,mixed,,PASS,CMP-2720-TZ,shipping,Capacitor Bank Unit,85.09088320551082,12.64805163513761,89.75058505490692,0.0,3.0,0.6,2.4371704360991773,0.0494767006908397,0.2169684495871423,0.9182048478399434,78,73809201,"432.9,786.7;469.5,213.0;757.2,237.8;695.3,809.1"
images/mixed_0377.jpg,mixed,,PASS,SN-F3985-P,pcb,Voltage Regulator Module,24.47277766302779,22.88809628023189,11.877370411215871,0.05,0.0,0.0,3.3627570819051282,0.22291065069787075,0.10138523212874816,0.8548050581337361,86,346864667,"483.8,488.0;983.5,266.1;1066.8,483.8;596.8,685.2"
images/mixed_0378.jpg,mixed,,FAIL_UNKNOWN,SN-809277-8,shipping,Unregistered Part,59.42593840071914,24.72918795376588,98.90865905008977,0.05,0.0,0.0,2.239332314453649,0.2656390056109134,0.05389541117146404,0.9523112436783513,89,1016492340,"310.4,571.0;564.0,74.9;833.6,234.2;532.2,709.9"
images/mixed_0379.jpg,mixed,,PASS,PSU-R992-M,component,Power Supply 12V 5A,78.54808504070638,0.006716294490441976,62.32803208972453,0.0,0.0,1.0,4.480616419208449,0.24603943769425202,0.23477559555323452,0.8511999442343281,77,195195511,"263.2,679.0;364.6,178.5;589.9,224.1;488.5,724.7"
images/mixed_0380.jpg,mixed,,PASS,PSU-7372-J1,shipping,Power Supply 12V 5A,4.293172499345644,3.1679556818777628,149.59592542329008,0.0,0.0,0.0,6.0514209834402575,0.14050599180011933,0.11097082202300723,0.9151363985974146,82,801741845,"301.6,296.2;882.5,250.6;905.8,525.5;319.1,568.3"
images/mixed_0381.jpg,mixed,,PASS,PCB-20259-N,pcb,Main Controller PCB,46.02613995325147,16.366309744966806,20.23620549535009,0.12,3.0,1.0,6.486954135791898,0.07334226667471137,0.14072080883034088,0.9659712397604033,92,46614937,"495.2,576.7;921.9,137.5;1111.7,338.2;698.9,747.2"
images/mixed_0382.jpg,mixed,,PASS,DRV-82662-L2,pcb,Stepper Driver Board,65.09910232651065,11.137362799713774,174.72315813355254,0.0,7.0,0.0,2.6355449590663573,0.09530370542352141,0.22194658722747324,0.9757377679532857,75,749884400,"535.3,717.4;783.3,178.3;1041.0,285.4;781.2,844.9"
images/mixed_0383.jpg,mixed,,PASS,SN-F3985-P,pcb,Voltage Regulator Module,11.980090261167337,31.57235286063725,74.32079398658821,0.0,3.0,0.6,4.847209492111844,0.041771022506173525,0.20288343364368522,1.0815571351746034,80,166666887,"460.3,383.2;1040.1,247.2;1115.1,591.6;535.6,650.6"
images/mixed_0384.jpg,mixed,,PASS,CMP-70538-ES,metal,Capacitor Bank Unit,30.068557525734377,8.719757384682897,25.117763360105524,0.0,7.0,0.0,2.095422273373567,0.5896220096184266,0.19848859852593626,1.1114658836114077,82,70420403,"422.7,538.3;1006.5,198.4;1150.2,464.0;578.8,786.3"
images/mixed_0385.jpg,mixed,,PASS,SN-891927-W,metal,Voltage Regulator Module,64.56708324114535,22.705455574509998,28.277497926463877,0.0,7.0,1.0,2.9982423783545737,0.4190902509795326,0.06698375195090672,1.024832666098053,85,459108785,"556.0,728.7;833.3,167.5;1072.2,295.2;794.4,811.8"
images/mixed_0386.jpg,mixed,,PASS,CMP-R6567-4Z,shipping,Capacitor Bank Unit,76.84082615459725,1.3722855565398073,11.51680238410754,0.0,0.0,0.0,3.793237484023342,0.18789809134405966,0.2314790913890355,0.9917051413314096,81,53249717,"445.0,735.4;589.6,115.7;879.2,185.0;734.7,801.4"
images/mixed_0387.jpg,mixed,,PASS,DRV-014068-CD,pcb,Stepper Driver Board,79.73384182878041,0.08358301529969803,92.39898041359285,0.12,0.0,1.0,5.010211264452868,0.11356092190304712,0.11323403770048966,1.036654500297057,86,665239342,"339.9,714.6;454.3,82.1;750.3,135.7;635.6,768.2"
images/mixed_0388.jpg,mixed,,PASS,LBL-59596-T,component,Return Label Stock,72.89198805668367,9.51709031827653,134.9360185420319,0.12,3.0,0.0,4.620362507940611,0.25858660885929313,0.09424419760528349,0.8861205377506057,82,119194013,"262.3,653.0;407.8,150.5;641.2,218.3;482.6,727.7"
images/mixed_0389.jpg,mixed,,FAIL_UNKNOWN,SN-H51898-0,shipping,Unregistered Part,2.3808745413669783,23.361711062088332,99.81163846980017,0.12,3.0,0.0,4.144141190541275,0.08862597603521745,0.055434035090633826,0.893948862244518,77,837485635,"267.6,288.6;792.8,237.7;804.9,528.1;271.6,536.5"
images/mixed_0390.jpg,mixed,,PASS,CMP-9838-G,component,Capacitor Bank Unit,21.51539173879832,24.011045524342432,46.830694055094256,0.05,0.0,0.0,4.8992691045421735,0.12931636849170303,0.2249226250429704,1.1117766775564064,83,881906853,"249.1,391.8;864.7,157.9;970.6,448.5;374.8,632.5"
images/mixed_0391.jpg,mixed,,PASS,DRV-3967-9A,component,Stepper Driver Board,29.072104417821997,12.298616100924795,104.03112019656594,0.05,0.0,1.0,2.6349320009555184,0.007446737169542727,0.14355001486783814,1.076607578087688,93,920593068,"292.2,560.1;834.6,238.9;984.5,504.3;422.8,804.5"
images/mixed_0392.jpg,mixed,,PASS,DRV-I457-AJ,component,Stepper Driver Board,59.18883277406131,2.1260740592685896,102.93051540843219,0.05,7.0,0.6,6.367493967918911,0.05411619554957018,0.11658569462099565,1.1083800626345868,85,678191914,"211.9,736.9;549.8,165.2;809.3,319.3;466.4,889.4"
images/mixed_0393.jpg,mixed,,PASS,LBL-8609-XW,metal,Return Label Stock,85.14094588468143,8.121721989567213,26.12095728368054,0.05,3.0,0.6,5.045275389040988,0.5519847720156319,0.10468863412716678,1.1324187436749216,76,262312789,"429.0,793.7;485.3,108.2;791.4,142.7;727.7,808.7"
images/mixed_0394.jpg,mixed,,PASS,CTL-65100-Z8,component,Motor Controller,63.48848541650303,8.636119871961512,122.80648356976222,0.0,7.0,0.0,6.649459522817141,0.0953502285064257,0.08491966853978028,0.9941915757206178,77,1035116460,"543.1,724.5;796.3,194.2;1043.8,313.8;773.7,846.0"
images/mixed_0395.jpg,mixed,,PASS,SN-F3985-P,metal,Voltage Regulator Module,10.832241914335963,32.02926563121394,145.29796252136907,0.0,0.0,0.0,5.648767864860641,0.47174374212048487,0.08901955103311282,1.1316651005967864,76,120796575,"428.2,495.5;1025.6,315.2;1092.9,601.6;430.4,757.7"
images/mixed_0396.jpg,mixed,,PASS,PSU-60698-N0,component,Power Supply 12V 5A,88.67921063003064,26.07250491263746,140.79539994773776,0.12,3.0,0.0,4.242814262594321,0.0617456490519139,0.1762110494501788,0.9493039367994663,77,844795922,"705.5,788.5;677.3,255.6;931.7,255.8;933.5,821.2"
images/mixed_0397.jpg,mixed,,PASS,LBL-4983-YZ,component,Return Label Stock,59.10659017586864,12.535646955640647,126.47102707458117,0.0,7.0,0.6,5.3028704523125505,0.22796821342504398,0.08594187451500386,0.908140168083954,90,833457645,"622.2,647.6;882.7,184.5;1100.5,310.6;819.7,775.6"
images/mixed_0398.jpg,mixed,,PASS,PCB-20259-N,metal,Main Controller PCB,71.37346567323459,1.1452997243965324,131.06821123097893,0.0,3.0,0.6,6.201257215004505,0.7032929985954812,0.20469398406976247,1.1239455714715838,93,1012713890,"409.8,750.0;623.7,111.6;912.6,208.0;696.0,847.5"
images/mixed_0399.jpg,mixed,,PASS,DRV-3967-9A,component,Stepper Driver Board,57.25334523833075,22.08333229105679,175.31963041251126,0.0,7.0,0.0,6.163907674139946,0.15488590102419258,0.12346534434496972,1.0827723324211955,93,322400555,"501.2,618.4;834.6,89.8;1077.4,217.4;713.5,786.9"
images/mixed_0400.jpg,mixed,,PASS,DRV-Z83390-H,shipping,Stepper Driver Board,58.21052970855067,33.33192126575715,178.99408573492505,0.05,3.0,1.0,5.807131421948402,0.21874351358390667,0.21941148683776435,1.1347767478948243,76,803068275,"459.8,701.0;816.2,121.0;1084.9,231.0;676.1,893.3"
images/mixed_0401.jpg,mixed,,FAIL_UNKNOWN,PSU-60791-S2,pcb,Unregistered Part,86.54538197928458,23.964502812425426,174.4524991142657,0.0,3.0,0.0,3.5218905318490834,0.2330394305187132,0.0936457218513867,0.9057664165408726,79,262647531,"312.2,709.1;338.6,169.1;581.6,164.2;549.3,746.6"
images/mixed_0402.jpg,mixed,,PASS,LBL-4983-YZ,pcb,Return Label Stock,32.30959556306595,24.630800129076086,142.08247979238777,0.12,0.0,0.0,2.914676215423392,0.24893739931952094,0.24499088505647765,1.1146932496789441,75,22794703,"382.1,561.3;902.9,175.8;1088.0,443.0;505.8,824.0"
images/mixed_0403.jpg,mixed,,PASS,LBL-8609-XW,pcb,Return Label Stock,42.47217278063853,30.943019029917394,59.058407547340245,0.0,3.0,0.0,6.238826189634325,0.06618002284060141,0.14701918876812314,0.9070972087877166,89,806789937,"241.5,573.3;633.0,232.2;822.2,434.4;418.1,728.1"
images/mixed_0404.jpg,mixed,,PASS,SN-408210-Q,shipping,Voltage Regulator Module,44.8267739940501,9.098412321244515,0.07066212657850457,0.12,0.0,1.0,3.251227358839543,0.25475827134608764,0.21645893188778592,0.8987525689676759,75,198265317,"264.2,554.8;678.5,143.0;860.0,338.0;458.1,737.4"
images/mixed_0405.jpg,mixed,,PASS,DRV-759972-S,metal,Stepper Driver Board,40.09459158628125,11.159094382290212,45.46794773958777,0.0,3.0,0.0,4.858889556957462,0.581477232932024,0.21533033040023242,0.9974877952304247,75,17978697,"200.8,485.9;659.1,97.0;831.9,310.9;375.3,678.0"
images/mixed_0406.jpg,mixed,,PASS,CTL-0514-QJ,pcb,Motor Controller,9.682604860234639,27.58630674662286,69.70242591771562,0.0,7.0,0.0,2.3540707613624967,0.23868306160522623,0.09340795032169324,1.0085433010294154,92,572850805,"227.7,506.3;795.5,403.9;849.5,718.4;289.5,762.9"
images/mixed_0407.jpg,mixed,,FAIL_UNKNOWN,CTL-4965-L,shipping,Unregistered Part,13.118994656265969,22.21522910694301,66.21259261830801,0.0,0.0,0.0,5.696908649495156,0.026025545433036933,0.12410366242585978,0.9808761999865991,90,775266476,"215.9,309.4;800.3,167.2;869.5,474.4;292.4,568.9"
images/mixed_0408.jpg,mixed,,PASS,PSU-3148-Z,pcb,Power Supply 12V 5A,30.077509720884418,15.979195127061805,103.95384819509816,0.0,0.0,0.0,2.6694815032927472,0.16433839854989452,0.17946691944405269,0.9557780547452741,94,151562591,"355.6,595.6;837.7,292.3;985.9,545.1;481.8,825.0"
images/mixed_0409.jpg,mixed,,PASS,MTR-0511-N8,metal,BLDC Motor 24V,32.181235776528546,22.65009661007945,98.95735624019004,0.05,0.0,0.6,6.113739904282477,0.37798865931867165,0.08289016375890695,1.146800425728943,86,959045600,"325.0,559.2;845.2,188.2;1027.7,476.1;469.7,802.1"
images/mixed_0410.jpg,mixed,,FAIL_UNKNOWN,SN-132735-YP,shipping,Unregistered Part,20.846552499476886,29.302972895678646,5.460448679512481,0.0,0.0,0.0,6.340665053784944,0.23574296560071545,0.15110412469810164,0.96465047753776,80,851486202,"275.9,465.3;884.6,238.9;949.1,487.8;397.0,687.9"
images/mixed_0411.jpg,mixed,,PASS,CMP-2720-TZ,pcb,Capacitor Bank Unit,52.01485566851807,34.91181162547998,50.567235721937905,0.0,7.0,0.0,6.07837075759364,0.2798553921161509,0.21317118549304637,1.0043359348975773,82,520643430,"241.6,560.3;621.9,120.1;858.0,301.1;462.2,680.7"
images/mixed_0412.jpg,mixed,,PASS,CTL-54171-EP,pcb,Motor Controller,55.64000918500356,32.43355329695746,86.05122021931118,0.12,0.0,0.6,5.76764989576381,0.035009720923424026,0.23530840412038284,0.9431399690192184,90,801399183,"221.6,599.7;484.3,171.5;738.9,344.3;426.8,735.1"
images/mixed_0413.jpg,mixed,,PASS,MTR-G84076-FG,pcb,BLDC Motor 24V,18.40259244494968,22.535424584743307,60.08242502610905,0.12,3.0,0.6,5.655207415401579,0.12637016384601477,0.15946293136615952,0.8656286076778638,87,166142182,"386.1,497.9;876.6,336.6;958.5,586.2;473.9,713.0"
images/mixed_0414.jpg,mixed,,FAIL_UNKNOWN,SEN-011556-S,component,Unregistered Part,71.10677438377238,17.589942079083013,114.45023320904308,0.12,7.0,0.0,4.4266143832038445,0.2045207541495802,0.23594290332187318,0.8843919723025335,89,909579274,"391.7,587.4;535.4,101.5;772.3,180.8;602.0,668.8"
images/mixed_0415.jpg,mixed,,PASS,SN-6949-8R,pcb,Voltage Regulator Module,61.60795745526676,0.7399502512765066,81.19902301331153,0.0,0.0,0.0,2.5056081042503315,0.2762158141187879,0.12391177853206999,0.9933373557049905,82,360324698,"495.1,674.6;787.3,132.3;1041.3,269.8;747.9,811.1"
images/mixed_0416.jpg,mixed,,FAIL_UNKNOWN,CMP-H26168-E,component,Unregistered Part,14.05402232430297,14.93026866250222,117.5104506539526,0.12,7.0,0.0,5.9116668490472435,0.057549708478442624,0.14299751353378148,1.1474831258565978,95,303168454,"314.3,416.8;951.8,230.1;1036.1,544.8;373.4,702.3"
images/mixed_0417.jpg,mixed,,FAIL_UNKNOWN,MTR-2212-S,shipping,Unregistered Part,17.392019878970768,6.616930124134001,53.600510690502915,0.12,0.0,0.0,2.553252859372186,0.05272602650585494,0.14674089674362092,0.8678423935244971,84,882808679,"205.3,481.1;735.6,311.8;812.0,565.1;285.5,723.3"
images/mixed_0418.jpg,mixed,,PASS,SEN-301827-TB,component,Temperature Sensor Pack,78.67578171405455,27.29938118062465,36.22070708947309,0.0,7.0,0.6,3.535469629205102,0.12742054647338372,0.12934987040175439,0.9391798396752505,91,283344902,"612.4,702.7;739.6,155.6;981.5,210.3;837.9,718.1"
images/mixed_0419.jpg,mixed,,PASS,MTR-0511-N8,component,BLDC Motor 24V,46.83612320764776,9.923675049814117,104.2194381965411,0.12,3.0,1.0,4.993722255332956,0.18391765299888746,0.20616852130558966,0.8789062985297786,86,80188626,"240.7,509.2;588.7,124.6;768.1,291.2;406.6,668.3"
images/mixed_0420.jpg,mixed,,PASS,DRV-95485-DG,pcb,Stepper Driver Board,55.17771006166747,11.018260480933876,145.7231134127469,0.0,7.0,1.0,2.0023543418428202,0.13796571223302254,0.18625480417705192,0.9849967566923291,79,260291906,"424.7,594.9;756.6,97.5;998.1,256.0;644.3,762.0"
images/mixed_0421.jpg,mixed,,FAIL_UNKNOWN,LBL-L79624-TV,pcb,Unregistered Part,66.75670707240717,29.569621247456517,155.41820544235253,0.05,7.0,0.6,5.6521846996791085,0.09039598327131587,0.11984114316290904,1.0439186583875912,90,449447135,"329.0,676.6;529.1,103.9;796.0,198.7;551.1,818.1"
images/mixed_0422.jpg,mixed,,PASS,PSU-R992-M,pcb,Power Supply 12V 5A,7.877603813337824,5.629160452283684,173.1720270905477,0.0,3.0,0.6,5.773878875237185,0.024200532358135872,0.07161622149015064,0.9974251476686969,91,891801761,"172.0,514.6;778.3,429.6;823.8,714.7;205.0,800.0"
images/mixed_0423.jpg,mixed,,FAIL_UNKNOWN,PCB-F28738-1,shipping,Unregistered Part,69.75401448766611,6.559355991239072,118.11658045882248,0.05,0.0,0.6,4.331981643945441,0.289087142945279,0.07437708556265246,1.0577702288709196,86,738134711,"474.1,756.7;697.0,125.0;1002.9,234.1;762.6,868.2"
images/mixed_0424.jpg,mixed,,FAIL_UNKNOWN,MTR-44772-M,component,Unregistered Part,37.084970473868005,16.50705166338146,29.947201263435943,0.0,0.0,0.0,6.302108572652293,0.10854634657823987,0.09642234625519042,0.9206613704036646,83,304760094,"422.0,459.7;869.9,124.8;1012.8,327.3;575.9,637.4"
images/mixed_0425.jpg,mixed,,FAIL_UNKNOWN,PCB-6548-VD,shipping,Unregistered Part,89.52532035738182,7.6483952089119445,40.292123436196675,0.12,3.0,1.0,3.743405508403975,0.2876079183805278,0.15956918437934325,0.9192952303599726,76,337508707,"770.0,724.7;772.4,132.5;1051.8,139.6;1039.6,720.1"
images/mixed_0426.jpg,mixed,,PASS,PSU-4512-T,component,Power Supply 12V 5A,87.31404741970485,1.8195066916544982,125.5191691896215,0.05,0.0,1.0,3.3633451821757365,0.2829810488066685,0.1422906086849716,0.9345509763377677,78,340710975,"279.4,687.4;304.2,128.3;557.6,139.3;530.1,700.2"
images/mixed_0427.jpg,mixed,,PASS,PSU-60698-N0,metal,Power Supply 12V 5A,73.50213565140865,3.3476368579320166,160.08906984125886,0.12,0.0,0.6,2.8107391425066064,0.506125364295281,0.08477751071690917,0.9523307022663929,91,906494623,"303.5,670.5;463.7,125.1;711.6,195.7;547.9,746.0"
images/mixed_0428.jpg,mixed,,PASS,SN-S017-BL,shipping,Voltage Regulator Module,77.4721170112499,24.667610943162263,169.56170847714407,0.0,0.0,1.0,3.6714012345348954,0.2784517202139718,0.07182014602141018,0.9998721032492206,83,207937096,"647.8,775.0;766.4,175.1;1043.4,211.9;904.2,864.7"
images/mixed_0429.jpg,mixed,,PASS,SN-891927-W,shipping,Voltage Regulator Module,24.044053610495805,3.534626266637824,128.66879054804497,0.0,0.0,0.0,2.4332474557154193,0.04736197233586511,0.2194388843738609,1.0041685048114368,91,626670844,"269.7,538.4;852.0,274.4;978.3,551.3;388.4,811.5"
images/mixed_0430.jpg,mixed,,PASS,CMP-179198-P,shipping,Capacitor Bank Unit,63.01136085979739,29.690576258854367,62.38611520560069,0.0,7.0,1.0,3.6774892293932657,0.22997720958858783,0.16711626598777485,0.951246912210964,76,535657413,"265.2,687.8;525.9,188.8;799.1,326.4;502.6,781.0"
images/mixed_0431.jpg,mixed,,PASS,SEN-196316-H,metal,Temperature Sensor Pack,62.47952397968446,30.88985094054041,148.90679547418011,0.0,0.0,0.0,6.954844431398823,0.7200357685625605,0.19068127581484845,1.019486334640196,79,571338333,"313.3,637.7;530.8,111.9;766.6,223.1;503.6,781.0"
images/mixed_0432.jpg,mixed,,FAIL_FAULTY,CMP-039712-A,shipping,Capacitor Bank Unit,8.024167468130361,6.51283053770188,96.1999935216504,0.0,0.0,0.6,5.881786313667184,0.07256279665714967,0.1498534879545297,0.9638439395712111,95,160961477,"478.3,498.2;1083.8,405.1;1125.8,698.6;516.8,777.6"
images/mixed_0433.jpg,mixed,,PASS,SEN-196316-H,pcb,Temperature Sensor Pack,80.1242466018323,4.455480232028365,159.07287252310772,0.05,7.0,0.0,3.8912399303536294,0.21869876218253,0.06726528854739121,0.955278552830623,83,1029002386,"500.2,739.1;598.8,159.6;873.4,203.3;770.1,790.6"
images/mixed_0434.jpg,mixed,,PASS,PSU-7372-J1,metal,Power Supply 12V 5A,59.261141405069324,1.1055581551011788,0.049574089884072414,0.12,0.0,0.0,4.805235121985579,0.3507922270735056,0.051247028678449706,0.9646554431561434,88,502294835,"541.0,616.1;837.4,117.7;1060.7,251.7;765.4,748.3"
images/mixed_0435.jpg,mixed,,FAIL_FAULTY,SN-724458-ZZ,shipping,Voltage Regulator Module,8.946568661432847,23.87107116391461,63.22942317948609,0.05,0.0,0.6,6.0941853594767155,0.12686405183324384,0.15087948201011914,0.8631097679148901,87,120169931,"335.6,436.0;854.9,354.8;897.0,625.2;388.3,668.4"
images/mixed_0436.jpg,mixed,,PASS,CMP-R6567-4Z,pcb,Capacitor Bank Unit,36.0305072771415,5.599567374609454,126.3546859035607,0.0,0.0,0.0,3.6446836104340457,0.024971304855167596,0.07475108600747926,0.9978051651676852,85,244248605,"462.1,583.8;954.3,218.0;1129.8,453.8;625.7,815.9"
images/mixed_0437.jpg,mixed,,PASS,DRV-I457-AJ,pcb,Stepper Driver Board,62.84738223694948,8.544768578615503,140.85339360640612,0.12,3.0,0.0,5.831959335473832,0.014060096674015875,0.1818283160830072,1.0539494117302552,87,254135765,"219.8,739.0;504.3,162.5;783.6,298.1;480.0,883.1"
images/mixed_0438.jpg,mixed,,PASS,CTL-33542-X0,shipping,Motor Controller,84.62884241376032,6.626781601005386,61.21125230022985,0.05,3.0,1.0,5.130345142745969,0.05498346362741025,0.20074269784337978,1.031596199650985,79,756717755,"227.6,842.6;283.9,183.8;598.7,216.7;528.5,866.2"
images/mixed_0439.jpg,mixed,,FAIL_UNKNOWN,SN-541090-G,metal,Unregistered Part,52.4954876460361,4.173058545623775,6.370525812093851,0.05,7.0,0.0,6.366076049660286,0.3149062848189054,0.11689592158302693,1.0179679553889136,76,1071029546,"223.8,639.9;598.1,151.8;813.4,322.3;443.6,803.1"
images/mixed_0440.jpg,mixed,,PASS,DRV-I457-AJ,metal,Stepper Driver Board,54.065517979043065,2.0138264909129866,22.940163285237876,0.05,0.0,1.0,4.454292600789749,0.6707327882436749,0.11000911781736594,0.8584957872640387,89,392382839,"373.7,555.0;676.4,136.6;863.7,274.0;561.6,689.5"
images/mixed_0441.jpg,mixed,,PASS,BOX-69847-UW,pcb,Shipping Carton,48.14650093623839,29.23988965987698,16.686868614003544,0.05,7.0,0.0,3.0381435616397527,0.05023492493601267,0.09479824875010034,0.9319460678920783,87,922234875,"258.0,672.6;667.8,235.5;838.8,412.3;454.2,803.1"
images/mixed_0442.jpg,mixed,,FAIL_UNKNOWN,SN-38437-WT,pcb,Unregistered Part,18.63897773130112,15.513670087907851,168.99174265729764,0.0,0.0,0.6,4.703820066784402,0.2981802403967779,0.1093520443298583,0.9553683263528291,93,871387399,"373.9,536.6;918.2,345.9;1017.7,597.7;442.5,792.8"
images/mixed_0443.jpg,mixed,,PASS,DRV-014068-CD,component,Stepper Driver Board,43.625216405200824,2.733849643216782,3.236679327972072,0.0,3.0,0.0,3.2204940179172747,0.19097027490968424,0.21923589820166373,1.0753959684577883,95,215689809,"235.8,666.1;705.1,218.6;903.0,430.9;438.1,873.7"
images/mixed_0444.jpg,mixed,,PASS,SN-6949-8R,component,Voltage Regulator Module,89.2148947179483,28.82718578692608,69.59987158168127,0.12,3.0,0.6,6.780140103653235,0.04468958103770818,0.08312297369226693,1.0772655621761795,95,672194033,"514.2,797.3;518.0,205.6;837.4,209.4;774.3,781.9"
images/mixed_0445.jpg,mixed,,FAIL_UNKNOWN,DRV-V38933-J,component,Unregistered Part,64.7287645435308,14.45475552267878,21.625258409249003,0.0,0.0,0.0,6.14239110677383,0.20253732476027286,0.21344505994240331,0.9671611022363853,76,665825902,"554.4,754.8;807.9,221.1;1037.7,340.8;786.4,847.9"
images/mixed_0446.jpg,mixed,,PASS,PCB-V9203-S,pcb,Main Controller PCB,58.20671921809655,27.74917817186764,61.385764361643304,0.0,0.0,0.0,6.005164090753376,0.28582690235774794,0.1692710933887016,0.9599832198879753,94,837778449,"245.9,669.7;544.0,198.1;796.0,353.9;470.4,782.3"
images/mixed_0447.jpg,mixed,,FAIL_UNKNOWN,LBL-90304-O,metal,Unregistered Part,62.05504086285566,25.20239595713916,28.62691251035924,0.05,0.0,0.0,5.317054198401402,0.6404385712674459,0.08217850954051172,0.9878435086985735,92,382595789,"508.9,727.1;802.6,201.6;1025.0,332.4;732.9,812.8"
images/mixed_0448.jpg,mixed,,PASS,CMP-9838-G,metal,Capacitor Bank Unit,53.67106070604626,30.328733289483846,112.38361008690084,0.12,7.0,0.0,3.2490847466728465,0.34565845395286127,0.051000305094057376,1.123306096085099,80,287247586,"238.6,649.9;537.0,134.8;805.8,333.4;440.6,827.2"
images/mixed_0449.jpg,mixed,,PASS,PSU-32360-G,component,Power Supply 12V 5A,76.60949851804166,26.03153173516072,85.61264146110156,0.0,0.0,1.0,4.074525823284185,0.2611469958901069,0.16805693969814423,1.1459389938543665,86,957816513,"230.3,749.3;347.9,132.2;684.9,212.6;502.9,810.1"
images/mixed_0450.jpg,mixed,,FAIL_UNKNOWN,CTL-F114-24,component,Unregistered Part,38.31988463656244,0.048246463891922775,117.04984062216045,0.12,3.0,0.0,6.507854614573331,0.29158393160074936,0.07905348351846707,1.0812013947547858,94,327937158,"447.9,578.7;956.8,176.4;1137.9,405.5;628.9,807.7"
images/mixed_0451.jpg,mixed,,PASS,SEN-99241-67,shipping,Temperature Sensor Pack,58.35416927788979,7.892188914922448,117.95706385810686,0.0,0.0,0.0,5.537958571599875,0.12029103828336356,0.2463037109680522,1.0091165773060198,84,448300543,"493.9,719.2;818.9,171.1;1085.3,331.2;741.2,878.0"
images/mixed_0452.jpg,mixed,,PASS,LBL-59596-T,shipping,Return Label Stock,52.94427649428722,10.65726660072611,69.23466493216092,0.0,3.0,0.6,6.788346801563302,0.09920221793619197,0.13499936089524814,1.0951682210813023,90,924381063,"261.7,668.1;673.4,105.6;944.5,315.2;516.5,852.1"
images/mixed_0453.jpg,mixed,,PASS,CTL-54171-EP,component,Motor Controller,88.85935021472054,8.20267807834156,62.526355582114284,0.12,0.0,0.0,4.24586632782421,0.18313050788593033,0.1565266225574264,1.1449103258716584,77,625304620,"532.6,828.0;539.5,141.0;857.6,151.2;831.9,828.1"
images/mixed_0454.jpg,mixed,,PASS,PSU-32360-G,pcb,Power Supply 12V 5A,30.681430972993212,14.017667136514909,116.11792387814921,0.05,7.0,0.6,5.7654775028904375,0.08091461929423156,0.11978910402771388,1.0626272494720104,94,941114069,"290.4,462.8;826.8,117.8;995.4,393.1;430.3,718.9"
images/mixed_0455.jpg,mixed,,FAIL_UNKNOWN,BOX-N5925-R1,component,Unregistered Part,38.9660383648446,20.961444120692178,96.29506099689327,0.05,7.0,1.0,3.2319287767593945,0.12773636094191507,0.18173721319871305,0.9546886796788017,79,596566170,"284.3,494.7;687.0,139.6;861.9,355.4;432.6,683.5"
images/mixed_0456.jpg,mixed,,FAIL_UNKNOWN,PCB-082162-N,metal,Unregistered Part,42.89902907662553,4.82010338453964,169.5204606193513,0.0,3.0,0.6,6.833844111175967,0.7271934116902024,0.17425875509783356,0.9820255078862339,92,923402576,"224.9,610.9;652.3,212.1;836.0,403.3;400.7,807.1"
images/mixed_0457.jpg,mixed,,PASS,CTL-65100-Z8,component,Motor Controller,48.745005734550716,27.61453092937312,32.66532716047086,0.05,3.0,0.6,4.062927888404101,0.10233150142646791,0.1766864199904838,0.9207791787516716,76,765465668,"288.6,596.1;667.2,191.1;842.8,354.3;472.4,718.5"
images/mixed_0458.jpg,mixed,,PASS,DRV-Z83390-H,metal,Stepper Driver Board,74.67247455723496,16.167833559031525,86.29839353409707,0.05,0.0,0.0,6.6475375345705485,0.3727050550904637,0.18804560752665883,1.0592227093712474,79,616300798,"289.7,717.2;436.0,120.6;730.2,201.8;549.5,786.7"
images/mixed_0459.jpg,mixed,,PASS,DRV-1524-TS,pcb,Stepper Driver Board,69.005533297241,7.482906295094372,162.37483520313265,0.12,3.0,0.0,2.0184554191896225,0.0010266517883481872,0.10930741667807674,0.8832509911270225,95,967871375,"254.4,608.9;445.3,102.5;686.4,189.0;487.5,705.5"
images/mixed_0460.jpg,mixed,,PASS,DRV-I457-AJ,component,Stepper Driver Board,49.00284873595149,34.247923239392286,146.64574036855944,0.0,0.0,0.6,3.2119402809641273,0.043615164301865135,0.07149218443210022,1.0980863975606008,87,675177584,"493.7,588.6;835.8,92.1;1053.2,266.9;646.9,786.9"
images/mixed_0461.jpg,mixed,,PASS,PSU-4512-T,shipping,Power Supply 12V 5A,83.30600602571596,7.64334794130723,17.616709614432033,0.0,0.0,0.6,4.323201806125812,0.242724677697621,0.13236051778903157,1.0821807081573864,91,1014511047,"347.0,770.8;427.4,73.0;749.4,120.4;665.0,797.3"
images/mixed_0462.jpg,mixed,,FAIL_UNKNOWN,SN-U30913-53,shipping,Unregistered Part,31.824015034493204,1.4304999146491593,174.1410434043221,0.0,3.0,0.0,5.805735111765197,0.11656444225804916,0.12431889516717867,0.8624926708549798,85,1017714595,"310.8,413.9;778.6,123.4;916.2,342.6;446.0,634.3"
images/mixed_0463.jpg,mixed,,PASS,PCB-5851-LN,shipping,Main Controller PCB,13.561128678745261,30.28050745023619,156.38411436356475,0.12,0.0,1.0,5.492983483746383,0.10166183348181153,0.23754475736609748,1.0434778120563173,93,530414266,"407.8,523.0;1003.2,334.2;1091.5,611.4;425.8,793.0"
images/mixed_0464.jpg,mixed,,FAIL_UNKNOWN,DRV-2362-D,shipping,Unregistered Part,53.19317034846208,27.73291904015967,153.43011535699037,0.05,0.0,0.0,5.778273857283649,0.08554826423566593,0.20141079808666812,0.8669393576697003,88,246710828,"400.3,559.6;686.8,120.6;889.7,259.5;564.4,720.9"
images/mixed_0465.jpg,mixed,,PASS,DRV-82662-L2,pcb,Stepper Driver Board,28.650999466678762,17.5164408385063,4.571658478763365,0.0,0.0,1.0,3.425630994595673,0.21572607392963417,0.13851189284899715,0.9148918804217345,85,288454520,"477.4,467.1;990.0,188.0;1098.6,418.7;613.2,680.2"
images/mixed_0466.jpg,mixed,,PASS,DRV-I457-AJ,component,Stepper Driver Board,75.68913572401229,15.603346311986689,119.42062457012557,0.0,7.0,0.0,3.437671694794248,0.19244253817036197,0.08826130462220604,0.9438113593600284,84,828963019,"492.5,717.4;607.4,183.9;864.9,246.5;723.8,786.6"
images/mixed_0467.jpg,mixed,,PASS,SN-408210-Q,pcb,Voltage Regulator Module,17.149336247655864,29.624302595928658,42.29092552166494,0.0,0.0,0.0,4.341927491408926,0.09016194212493087,0.20435889968914078,0.9148006380835341,76,558675105,"204.2,345.6;739.9,201.8;814.8,453.9;303.7,557.9"
images/mixed_0468.jpg,mixed,,PASS,MTR-0511-N8,shipping,BLDC Motor 24V,21.61433458354555,15.17450374134655,76.88735463480853,0.0,7.0,0.0,6.0851921949083945,0.28278382045721495,0.1393276110056818,0.8924084000812322,89,624674240,"199.2,437.3;713.3,223.2;815.9,485.8;297.2,671.7"
images/mixed_0469.jpg,mixed,,PASS,PSU-60698-N0,component,Power Supply 12V 5A,43.65075010724965,9.558508745413462,125.60064529437635,0.12,3.0,1.0,3.9032248109428296,0.11854362165453959,0.05115097536337794,0.9095033968249557,82,468498553,"490.0,555.2;871.4,177.7;1047.0,357.1;650.2,731.6"
images/mixed_0470.jpg,mixed,,PASS,DRV-82662-L2,metal,Stepper Driver Board,58.61937504895706,0.6862176205967901,84.0020041857646,0.0,0.0,1.0,6.97643079149417,0.57649697967466,0.1624301801961118,0.9414440519432311,94,934340068,"176.8,681.4;470.5,198.8;688.0,331.5;393.4,813.4"
images/mixed_0471.jpg,mixed,,PASS,CMP-J900-CD,component,Capacitor Bank Unit,57.60813042276719,22.393655600757146,48.912910019124205,0.0,7.0,0.0,6.106811078035115,0.08952571182381429,0.08657802093208547,0.8775460388511347,75,793795632,"595.2,541.2;877.7,109.4;1080.6,241.2;788.9,642.7"
images/mixed_0472.jpg,mixed,,PASS,PSU-3148-Z,metal,Power Supply 12V 5A,31.90154346671464,28.57779975232513,103.6768724851302,0.12,0.0,0.6,5.382065724824849,0.6368425752348306,0.14806934489096318,1.0308935272586648,86,89741777,"339.1,559.4;780.1,231.5;941.9,493.4;461.4,778.8"
images/mixed_0473.jpg,mixed,,FAIL_UNKNOWN,SEN-M7188-O,metal,Unregistered Part,56.67188374297871,22.146035541935348,68.62152957532105,0.0,3.0,0.0,6.2766090797387495,0.7763395246548312,0.09829245993605934,1.0565972859572077,77,642240896,"419.5,653.6;746.1,144.1;1001.2,314.3;645.9,786.0"
images/mixed_0474.jpg,mixed,,PASS,CTL-54171-EP,component,Motor Controller,9.38258149013034,19.205255192384353,30.457379906682043,0.05,3.0,0.0,4.867403161670175,0.049220579373866855,0.08226685621185117,1.0706889333072298,88,98793183,"436.7,339.0;1081.8,237.4;1116.2,523.5;504.0,599.1"
images/mixed_0475.jpg,mixed,,FAIL_FAULTY,CMP-039712-A,metal,Capacitor Bank Unit,75.89852391795272,14.450372591802576,35.34458458648539,0.0,0.0,0.0,4.93878143975037,0.4193210882225721,0.1627678146281309,0.9748791372323015,95,597398720,"643.2,694.9;787.9,122.5;1043.6,194.7;889.6,742.1"
images/mixed_0476.jpg,mixed,,PASS,PCB-20259-N,metal,Main Controller PCB,61.252876180354704,6.966593188698914,107.78161696493576,0.12,3.0,1.0,5.28506714200399,0.4233584841198419,0.15832804931076488,1.1013778076933547,91,430012612,"463.3,730.7;769.7,152.5;1038.5,297.6;715.4,872.5"
images/mixed_0477.jpg,mixed,,PASS,SN-F3985-P,metal,Voltage Regulator Module,79.8942668932969,27.25114428216761,169.26039831121068,0.0,0.0,0.0,2.451705014286661,0.6563971915015749,0.1040262789246747,0.8986770071355845,77,144194089,"377.2,772.3;454.3,260.8;673.9,283.0;583.3,834.6"
images/mixed_0478.jpg,mixed,,PASS,DRV-1524-TS,metal,Stepper Driver Board,16.421888455696937,32.80118263448135,93.18322895947662,0.0,3.0,0.0,5.260456361434631,0.5552038165236665,0.21333425937073813,1.001981886282039,87,215426915,"423.0,319.1;903.0,139.1;988.7,432.7;488.3,552.5"
images/mixed_0479.jpg,mixed,,FAIL_UNKNOWN,LBL-947777-A2,shipping,Unregistered Part,42.193926697373115,0.6577126462994809,1.1584220481515994,0.12,7.0,0.0,5.64297252173518,0.0003260206190695891,0.16233146364797607,0.8999117380414555,76,476816140,"345.3,628.3;772.4,241.0;953.3,441.5;527.1,827.9"
images/mixed_0480.jpg,mixed,,PASS,DRV-634945-GF,pcb,Stepper Driver Board,44.591888106683534,1.6178526251903447,135.06872414999748,0.05,7.0,1.0,2.0112031904567105,0.2279467426177257,0.22117103039871078,1.101422613062533,79,823184548,"260.9,593.1;744.9,113.6;971.2,341.1;482.9,820.5"
images/mixed_0481.jpg,mixed,,PASS,CTL-169170-F,pcb,Motor Controller,19.061261995839956,11.094914232808128,1.8280510370169178,0.0,7.0,1.0,5.788024239109894,0.07297806840952609,0.11703599725981079,0.9928306694334658,85,1055753761,"292.0,517.0;885.5,311.9;966.6,583.4;395.8,779.8"
images/mixed_0482.jpg,mixed,,FAIL_UNKNOWN,BOX-267379-U,metal,Unregistered Part,76.40220182673423,7.765590277762956,140.2790716391992,0.12,3.0,0.0,2.8657041111155195,0.3363395132869624,0.24258648940089383,1.1246374001292327,76,745738379,"210.9,746.5;358.4,97.9;659.7,164.1;496.5,824.5"
images/mixed_0483.jpg,mixed,,PASS,PCB-5862-0,component,Main Controller PCB,37.501368313421786,4.255358080946123,95.54968049136377,0.0,3.0,0.6,4.7442139710235205,0.02397069363997628,0.16500295639831167,0.9588748528810754,87,150738732,"290.0,615.7;742.5,263.4;902.8,471.7;444.9,818.3"
images/mixed_0484.jpg,mixed,,PASS,SEN-99241-67,component,Temperature Sensor Pack,55.057667320153946,13.227638361846164,64.51961986649978,0.0,0.0,0.6,6.79877939743969,0.0011683956980784282,0.1411635814241214,0.8535352068838352,79,792622673,"339.6,661.3;626.4,244.7;820.6,382.7;524.2,782.9"
images/mixed_0485.jpg,mixed,,PASS,CTL-54171-EP,pcb,Motor Controller,18.540604522972437,2.4154448838213827,78.51015319105655,0.0,7.0,1.0,5.204632779339913,0.005483923439567461,0.21683795245555454,0.9575617580464739,87,101455297,"456.2,427.0;1018.4,236.0;1107.0,501.7;544.3,687.8"
images/mixed_0486.jpg,mixed,,FAIL_UNKNOWN,DRV-99106-N6,shipping,Unregistered Part,74.78175607848027,33.30453717504988,20.7939959921535,0.12,0.0,0.0,2.4938694232229595,0.2905666490158017,0.20771934961914773,1.004312217469717,92,161953428,"311.0,722.0;509.4,84.8;763.4,175.6;564.2,741.4"
images/mixed_0487.jpg,mixed,,PASS,SN-S017-BL,component,Voltage Regulator Module,6.716297818470768,28.468037007239055,61.12030271451373,0.0,3.0,0.0,3.7328614678742964,0.13786549062764927,0.15016188333474145,0.9491491980743346,81,604364283,"561.6,461.0;1089.5,406.7;1122.6,676.2;609.7,687.1"
images/mixed_0488.jpg,mixed,,PASS,PSU-60698-N0,shipping,Power Supply 12V 5A,33.41006100302399,24.70312761402966,156.4402437293099,0.0,0.0,0.0,3.9406832758816916,0.25334785217162686,0.2069729809488785,1.078203483382658,91,521042130,"188.7,480.1;715.0,92.8;904.1,340.6;315.5,741.7"
images/mixed_0489.jpg,mixed,,PASS,PCB-5851-LN,pcb,Main Controller PCB,45.88383881166365,5.197697865412029,151.41846328917623,0.12,7.0,0.6,3.4793976423541904,0.24457621221940526,0.15901887901584022,1.0374737937685101,85,49287975,"342.1,558.0;782.8,97.7;1003.9,304.9;551.2,769.0"
images/mixed_0490.jpg,mixed,,FAIL_UNKNOWN,BOX-4524-21,shipping,Unregistered Part,22.26137047555277,18.43348624067704,139.20663949511925,0.05,0.0,1.0,6.275098318968178,0.23485261629463317,0.07070686493769188,0.9548637050394155,80,862362085,"184.5,400.2;715.5,153.5;833.6,419.5;266.6,654.6"
images/mixed_0491.jpg,mixed,,FAIL_UNKNOWN,DRV-V24412-WY,pcb,Unregistered Part,62.71880171078814,29.049497816147863,65.24861672346287,0.0,3.0,0.0,5.858546165237922,0.19924616459927172,0.24885850622061373,1.076987258675936,79,165090210,"248.6,631.4;530.9,81.9;833.5,238.2;506.1,736.5"
images/mixed_0492.jpg,mixed,,PASS,SN-891927-W,shipping,Voltage Regulator Module,18.586834428957797,21.379099871114445,111.22027408613822,0.05,3.0,0.0,2.8292770541018286,0.025673129822972728,0.07062649889946293,0.8991019198710518,85,81483404,"416.0,552.8;915.2,351.6;1007.9,623.5;484.5,793.6"
images/mixed_0493.jpg,mixed,,PASS,SN-408210-Q,pcb,Voltage Regulator Module,11.78791396080284,25.680466360275744,133.51710910969143,0.0,3.0,1.0,5.268167204626702,0.10674032650754003,0.1010659150681065,1.1364388591529089,94,286497283,"200.9,525.3;825.8,336.6;905.1,667.6;226.1,818.9"
images/mixed_0494.jpg,mixed,,PASS,MTR-P83614-5,component,BLDC Motor 24V,29.229946494625505,13.482520833313824,170.92746726315215,0.0,0.0,1.0,5.397215416705407,0.26134174983681296,0.23658051482643233,0.9815888724805608,82,121199640,"484.6,584.8;985.1,299.7;1122.4,520.8;597.6,815.0"
images/mixed_0495.jpg,mixed,,PASS,MTR-G84076-FG,shipping,BLDC Motor 24V,64.35158177594322,8.71312905505688,145.87187340559942,0.0,0.0,0.0,6.2748917380968345,0.04587782554488864,0.10620246941264821,0.8986642642353262,88,18498831,"405.2,642.0;643.5,128.1;891.4,240.8;638.7,763.1"
